time,x,y,yaw,vx,vy,omega
0.0,0.07614765332373134,0.1423939043199134,1.4707402369153852,0.0,0.0,0.0
0.051137447357177734,0.07650811275882807,0.1464178899141973,1.490127036627229,0.0,0.0,0.0
0.08625388145446777,0.07648232679129813,0.14870497438385932,1.5035753884321248,0.0,0.0,0.0
0.12003684043884277,0.07583892655476793,0.14907893174224043,1.5166464389261436,0.0,0.0,0.0
0.15402865409851074,0.07527324283945772,0.14954891989056043,1.5297281648387175,0.0,0.0,0.0
0.18818020820617676,0.07536958463030381,0.1524063158767453,1.543031087827322,0.0,0.0,0.0
0.22202348709106445,0.0754279930810876,0.15531997955652024,1.5563222067915314,0.0,0.0,0.0
0.25609827041625977,0.07544818084042558,0.15824306828528628,1.5695351655600662,0.0,0.0,0.0
0.29037022590637207,0.07543081823596075,0.1611558552867268,1.5822472207514118,0.0,0.0,0.0
0.324429988861084,0.0753763483632719,0.16407456841815388,1.5950328250824743,0.0,0.0,0.0
0.35825061798095703,0.07528416670361841,0.1670004270846813,1.6079371426361468,0.0,0.0,0.0
0.39229369163513184,0.07515535285672006,0.1699066094080046,1.6206588824104795,0.0,0.0,0.0
0.4263451099395752,0.07498879855900417,0.1728212996143204,1.6335009420549358,0.0,0.0,0.0
0.4601120948791504,0.07478396761820087,0.17574247481524602,1.6464519802188788,0.0,0.0,0.0
0.4944136142730713,0.07454275372630322,0.17864587777902258,1.6592333653525573,0.0,0.0,0.0
0.5285377502441406,0.07426296334012544,0.18155823126774667,1.6721399220658941,0.0,0.0,0.0
0.5620670318603516,0.07394371696674469,0.18448068102317103,1.685184136486218,0.0,0.0,0.0
0.596411943435669,0.0735866988776692,0.1873945553159714,1.698169884746756,0.0,0.0,0.0
0.6301751136779785,0.07306699547291111,0.18896326650234851,1.7110675793608388,0.0,0.0,0.0
0.6642410755157471,0.0724639507969021,0.1893116743971787,1.7239532076083992,0.0,0.0,0.0
0.7149500846862793,0.07171199363717887,0.19359416443861788,1.7435689233414104,0.0,0.0,0.0
0.7494640350341797,0.07115555343078563,0.19664704754130577,1.7565324425196898,0.0,0.0,0.0
0.783332347869873,0.0705578016841315,0.19970424541804963,1.7694612398332012,0.0,0.0,0.0
0.8172340393066406,0.06992172696786463,0.2027481698294718,1.7823446419931104,0.0,0.0,0.0
0.8510606288909912,0.0692470293085242,0.20578184063937796,1.7951950095054792,0.0,0.0,0.0
0.8850655555725098,0.06852988338512679,0.20882047735895007,1.8081804743336376,0.0,0.0,0.0
0.9190735816955566,0.06777071030285202,0.21185903955944999,1.8212572458370286,0.0,0.0,0.0
0.953009843826294,0.06697648382832093,0.21487096634363018,1.8341301085479402,0.0,0.0,0.0
0.987097978591919,0.0661384851450515,0.21788930015228844,1.847147582635271,0.0,0.0,0.0
1.0211784839630127,0.06552766141320189,0.21862082837812585,1.860187261733386,0.0,0.0,0.0
1.0551025867462158,0.06462750412983712,0.22110797335375026,1.8733030773264683,0.0,0.0,0.0
1.0891666412353516,0.06363759805654298,0.2241994385008606,1.8862058846517311,0.0,0.0,0.0
1.1230523586273193,0.06260326619556199,0.22729148204649097,1.8992023686039603,0.0,0.0,0.0
1.1571998596191406,0.06153179846223358,0.23036157803985102,1.9121057582861603,0.0,0.0,0.0
1.192166805267334,0.06042015053327381,0.2334196152873338,1.9249952283721161,0.0,0.0,0.0
1.2262909412384033,0.059238506215919515,0.23655896419928651,1.9384132934270366,0.0,0.0,0.0
1.2600696086883545,0.05837975394759019,0.2380504590827565,1.9514765595213008,0.0,0.0,0.0
1.294095754623413,0.05712573259270292,0.2411184496386238,1.964306772850827,0.0,0.0,0.0
1.3282110691070557,0.05582296283325916,0.24419210985744685,1.977249103425244,0.0,0.0,0.0
1.3621268272399902,0.054638406911296886,0.24669329565080292,1.990309611912905,0.0,0.0,0.0
1.3961927890777588,0.05326635666203145,0.24973244885467585,2.0032734471606157,0.0,0.0,0.0
1.430105209350586,0.05182958824706805,0.25278555514620366,2.016192288041078,0.0,0.0,0.0
1.4644038677215576,0.050344936095135726,0.25583692506162115,2.029239852453768,0.0,0.0,0.0
1.4980990886688232,0.048814888473659314,0.25888069537032266,2.042380140181028,0.0,0.0,0.0
1.53230619430542,0.04725170006316073,0.2618909345466368,2.0553070333028534,0.0,0.0,0.0
1.5661087036132812,0.04563939973027512,0.26489963477082146,2.0683482393402977,0.0,0.0,0.0
1.6004383563995361,0.04398172570747887,0.2678990671150861,2.0814782198358857,0.0,0.0,0.0
1.63429594039917,0.042291349617103804,0.27086484050553267,2.094387340953451,0.0,0.0,0.0
1.6684215068817139,0.04055093215645582,0.27382841779902156,2.107418919183619,0.0,0.0,0.0
1.7020962238311768,0.03876218334500754,0.27678500665995215,2.120554371295009,0.0,0.0,0.0
1.7361118793487549,0.036934980712495576,0.2797183922246219,2.1336299655180313,0.0,0.0,0.0
1.7703187465667725,0.03506508049213538,0.28263422119937437,2.1466420984367285,0.0,0.0,0.0
1.8053529262542725,0.033144812404584036,0.2855441688550636,2.1597714502794987,0.0,0.0,0.0
1.8401670455932617,0.031117083753919122,0.28852743652130625,2.1733734779479414,0.0,0.0,0.0
1.8740668296813965,0.02905736681124286,0.2914731555653184,2.186720384471654,0.0,0.0,0.0
1.9082696437835693,0.027005441311671145,0.29432720360481535,2.1997809915601803,0.0,0.0,0.0
1.9421181678771973,0.024901167949462805,0.29717449616364056,2.2129588636054747,0.0,0.0,0.0
1.9766535758972168,0.022759037028515325,0.2999925526117044,2.226052870362032,0.0,0.0,0.0
2.0101723670959473,0.020576268495700756,0.30278980277796985,2.23906636669382,0.0,0.0,0.0
2.044260263442993,0.01834047594698396,0.30557904963961424,2.2521980764370193,0.0,0.0,0.0
2.078115224838257,0.016054519406824865,0.30835380516034677,2.2654135953013412,0.0,0.0,0.0
2.112074375152588,0.013739151311081475,0.3110911725232095,2.278389803692279,0.0,0.0,0.0
2.1464099884033203,0.011370614581939343,0.3138191570251002,2.291473369560213,0.0,0.0,0.0
2.1802618503570557,0.008950881650631152,0.316533271664743,2.3046413761541773,0.0,0.0,0.0
2.2143678665161133,0.006504127124622622,0.31920675718923236,2.317561363279733,0.0,0.0,0.0
2.248333692550659,0.004003866519832918,0.3218685603910693,2.330585567170219,0.0,0.0,0.0
2.282024383544922,0.0014491109297604275,0.324518065769297,2.343721648793304,0.0,0.0,0.0
2.3161847591400146,-0.0011418533020133765,0.32713555015093626,2.356767906609297,0.0,0.0,0.0
2.350461959838867,-0.003773767840882649,0.3297263374887511,2.3697257336681226,0.0,0.0,0.0
2.384143114089966,-0.006460994315451244,0.33230358507431185,2.382796614784265,0.0,0.0,0.0
2.418092727661133,-0.009199082664561058,0.3348615438764153,2.395943865502482,0.0,0.0,0.0
2.4526174068450928,-0.011962894997056014,0.3373769904644595,2.4088419706310518,0.0,0.0,0.0
2.4883716106414795,-0.014947849085696104,0.34002189161199475,2.422595133436152,0.0,0.0,0.0
2.5222957134246826,-0.017821623800244067,0.3425002666136722,2.435669313754476,0.0,0.0,0.0
2.5563504695892334,-0.020726171799011726,0.3449399712547195,2.4485981861514805,0.0,0.0,0.0
2.590571165084839,-0.02367185705171748,0.3473503226607545,2.4614552458453036,0.0,0.0,0.0
2.6246337890625,-0.026671408505066444,0.3497407893419455,2.4744128421709415,0.0,0.0,0.0
2.675283670425415,-0.03125437467799559,0.35327306537204667,2.49385498827158,0.0,0.0,0.0
2.7091872692108154,-0.03435637087614101,0.3555853236542037,2.5066774287985787,0.0,0.0,0.0
2.743086576461792,-0.03751041215029117,0.3578738538787135,2.5195872733959948,0.0,0.0,0.0
2.7772326469421387,-0.04069731166548762,0.36012414594109304,2.532394223305896,0.0,0.0,0.0
2.8111674785614014,-0.04392314145974785,0.3623409307093895,2.5451193955707567,0.0,0.0,0.0
2.8450682163238525,-0.04720569935978853,0.36453549087492015,2.5579513103345746,0.0,0.0,0.0
2.8791086673736572,-0.05053629438057098,0.36670069537321875,2.570842590312667,0.0,0.0,0.0
2.9131057262420654,-0.05388576907501304,0.36881791547529724,2.5834751708617008,0.0,0.0,0.0
2.947092294692993,-0.057291279672578556,0.37091062603576014,2.59620600068065,0.0,0.0,0.0
2.981018543243408,-0.060747805698270076,0.3729743483115627,2.6090170749260815,0.0,0.0,0.0
3.0150370597839355,-0.06423541357992432,0.37499659796945106,2.6217354938883273,0.0,0.0,0.0
3.0490124225616455,-0.06775781427533878,0.37698002687415183,2.6343420988388457,0.0,0.0,0.0
3.0831329822540283,-0.07133622795822503,0.37893575555335673,2.6470538083313966,0.0,0.0,0.0
3.117143392562866,-0.07493673378509519,0.3808447815983035,2.6596157364081767,0.0,0.0,0.0
3.151362180709839,-0.07857355974958363,0.3827152454099113,2.6721062885921776,0.0,0.0,0.0
3.1852245330810547,-0.08226654818128423,0.38455639308595463,2.684705368828064,0.0,0.0,0.0
3.219127655029297,-0.08600486188353751,0.3863615627755234,2.6973561043929095,0.0,0.0,0.0
3.2531898021698,-0.08975674158184462,0.3881157467938183,2.7097506938815967,0.0,0.0,0.0
3.287843942642212,-0.09344869502344005,0.3897871248231942,2.7218637689901772,0.0,0.0,0.0
3.32112717628479,-0.09741446912957721,0.39152297414124476,2.7347921452721,0.0,0.0,0.0
3.3720245361328125,-0.10324569384618575,0.3939661331144763,2.753440176898532,0.0,0.0,0.0
3.4072842597961426,-0.10729780749839499,0.39558981693588524,2.7661981730268796,0.0,0.0,0.0
3.4413681030273438,-0.11128625091066333,0.3971298500052311,2.7786859876664516,0.0,0.0,0.0
3.475022554397583,-0.11529525432779411,0.3986207447645467,2.791056128940276,0.0,0.0,0.0
3.5098068714141846,-0.11933302266968912,0.4000661834227405,2.8033036221965815,0.0,0.0,0.0
3.5601203441619873,-0.125474090474763,0.40215860909873663,2.821802466688929,0.0,0.0,0.0
3.594464063644409,-0.12958362076870508,0.40348909840431385,2.8338928297098227,0.0,0.0,0.0
3.6284019947052,-0.13373901512482939,0.404779019856576,2.846052467472539,0.0,0.0,0.0
3.662252187728882,-0.1379440039151317,0.40602828000169383,2.8583047391084175,0.0,0.0,0.0
3.696110486984253,-0.14216767903356609,0.4072271125766838,2.8704541819139013,0.0,0.0,0.0
3.7302491664886475,-0.1464190934776987,0.408378590591876,2.8825009889691198,0.0,0.0,0.0
3.7643134593963623,-0.15071800479168135,0.40948733006182897,2.8946354003112087,0.0,0.0,0.0
3.798093318939209,-0.15506091308857442,0.4105512153671199,2.9068472868612636,0.0,0.0,0.0
3.83210825920105,-0.1594023031372516,0.4115591891042681,2.918829597421983,0.0,0.0,0.0
3.866234064102173,-0.1637876916583322,0.4125221916746575,2.930834442078608,0.0,0.0,0.0
3.9003746509552,-0.16821023842221278,0.41343770694597654,2.9428988670357614,0.0,0.0,0.0
3.934272527694702,-0.17262957950093194,0.41429768650498644,2.9547122146486653,0.0,0.0,0.0
3.9680979251861572,-0.177093969204386,0.4151117190662484,2.966590289933891,0.0,0.0,0.0
4.002382755279541,-0.1815996591058412,0.41587791997293116,2.9785492056969747,0.0,0.0,0.0
4.036203861236572,-0.18611849032198385,0.41659098457201493,2.9904110403234205,0.0,0.0,0.0
4.0700719356536865,-0.19065598598014444,0.41725236050313114,3.002157641331313,0.0,0.0,0.0
4.104041337966919,-0.19523893759963795,0.4178652618187967,3.0139989833530447,0.0,0.0,0.0
4.138248920440674,-0.19985868784430716,0.41842732669823834,3.0259119268118546,0.0,0.0,0.0
4.173357963562012,-0.20460628535640546,0.4189473002166578,3.0379437020168423,0.0,0.0,0.0
4.207704782485962,-0.20925746376492035,0.4194010068551484,3.0496543469924107,0.0,0.0,0.0
4.242343902587891,-0.214080135838673,0.4198135117949069,3.0617685528774445,0.0,0.0,0.0
4.293097019195557,-0.2211202816384961,0.4203107551596395,3.079210962623718,0.0,0.0,0.0
4.327200412750244,-0.22584808207703555,0.4205760199228809,3.09080023902691,0.0,0.0,0.0
4.360999584197998,-0.23061072007384575,0.4207877175887742,3.102466036717375,0.0,0.0,0.0
4.395093202590942,-0.2353789115748562,0.4209440413954854,3.11405709209998,0.0,0.0,0.0
4.446104288101196,-0.24256392776590782,0.4210762720810794,3.1312732281196816,0.0,0.0,0.0
4.480182409286499,-0.24738977987349178,0.4210956527938906,-3.140357134989151,0.0,0.0,0.0
4.51415228843689,-0.25219982663689533,0.42105996206846585,-3.1290385784710972,0.0,0.0,0.0
4.548084497451782,-0.2570469359721062,0.4209690275848005,-3.1176561767146214,0.0,0.0,0.0
4.582490921020508,-0.26192778911645204,0.42082167198646725,-3.106191952547185,0.0,0.0,0.0
4.616230010986328,-0.2668047230993693,0.42061900646548134,-3.0948276515339357,0.0,0.0,0.0
4.650101184844971,-0.27169201696693657,0.4203602461019362,-3.0835688433023156,0.0,0.0,0.0
4.684104681015015,-0.27661165159588774,0.4200439874221948,-3.072224155301703,0.0,0.0,0.0
4.71845269203186,-0.28155885109895057,0.41966954008682283,-3.060804699510095,0.0,0.0,0.0
4.7520647048950195,-0.2864838482500926,0.41924110782051455,-3.049620293648153,0.0,0.0,0.0
4.786020517349243,-0.29143962354600983,0.41875350397216754,-3.038391774829588,0.0,0.0,0.0
4.8202362060546875,-0.29641259147642157,0.4182080475563493,-3.0271130730616544,0.0,0.0,0.0
4.854011058807373,-0.30136336931175345,0.41760901656634536,-3.0160678391901055,0.0,0.0,0.0
4.888169288635254,-0.3063477097666714,0.41694944590523875,-3.004944608881147,0.0,0.0,0.0
4.9221391677856445,-0.3113577537783199,0.41622948336905624,-2.993743344063623,0.0,0.0,0.0
4.956251621246338,-0.31635782941149954,0.41545473479751605,-2.9826337615746916,0.0,0.0,0.0
4.990369558334351,-0.3213600603290709,0.41462217728974826,-2.971636042158671,0.0,0.0,0.0
5.024295806884766,-0.3263903454407466,0.4137277539559987,-2.960545378867422,0.0,0.0,0.0
5.05807089805603,-0.33143883325922646,0.4127722700832819,-2.9493917765891817,0.0,0.0,0.0
5.0930962562561035,-0.606990759724723,0.24691652778118756,-2.251092176730974,0.0,0.0,0.0
5.127269983291626,-0.6053011373389745,0.24831056848658162,-2.240211570053268,0.0,0.0,0.0
5.161169767379761,-0.6012416896444271,0.25347779231568285,-2.2302308635880057,0.0,0.0,0.0
5.195298194885254,-0.5974318274252772,0.2584383693245669,-2.2215572039846254,0.0,0.0,0.0
5.229287385940552,-0.5938715509332726,0.26315075431066326,-2.2141887801385085,0.0,0.0,0.0
5.263363361358643,-0.590488040509793,0.2676943665959141,-2.2081135268379346,0.0,0.0,0.0
5.297195196151733,-0.5873139853407164,0.2720076641709445,-2.2033342754081833,0.0,0.0,0.0
5.331089735031128,-0.5843679688560582,0.27604538846315096,-2.199852925705351,0.0,0.0,0.0
5.365206003189087,-0.5815763338147867,0.27989581189063945,-2.1976592557309735,0.0,0.0,0.0
5.399130582809448,-0.5789531546908083,0.28352947895893427,-2.1967555426303167,0.0,0.0,0.0
5.4334940910339355,-0.5765206375716925,0.2868963776113674,-2.1971464206535347,0.0,0.0,0.0
5.467273473739624,-0.574220609869631,0.2900764754923905,-2.198825131642521,0.0,0.0,0.0
5.502352952957153,-0.5720533549876081,0.2930593274212398,-2.2017941379870685,0.0,0.0,0.0
5.5521955490112305,-0.5690837253403479,0.2971026218734235,-2.2086787824718965,0.0,0.0,0.0
5.586313724517822,-0.5705645587194509,0.29644400386002523,-2.214364200740842,0.0,0.0,0.0
5.620251178741455,-0.5744066088667106,0.2936885234586104,-2.2200165700176604,0.0,0.0,0.0
5.654107570648193,-0.5780884061609536,0.29109256341507184,-2.2256506562738148,0.0,0.0,0.0
5.688195705413818,-0.5767307346855134,0.29318288638709217,-2.230810141240479,0.0,0.0,0.0
5.722323417663574,-0.5751096671334789,0.29526544770108903,-2.2359962277581347,0.0,0.0,0.0
5.756098747253418,-0.573474116110488,0.2973415083283032,-2.241264848160754,0.0,0.0,0.0
5.790208101272583,-0.5720988463601738,0.29906614716116764,-2.246626494883413,0.0,0.0,0.0
5.824081659317017,-0.5709411397672374,0.30050402825449085,-2.252085343828876,0.0,0.0,0.0
5.858001708984375,-0.5698888869500971,0.30179617575215384,-2.2576683044638797,0.0,0.0,0.0
5.892071008682251,-0.5690384247796383,0.30283101680011837,-2.2633964400512547,0.0,0.0,0.0
5.926069259643555,-0.5684627499832882,0.3035235194256855,-2.2699965205436126,0.0,0.0,0.0
5.96004319190979,-0.5679793727518374,0.3040971817457535,-2.2778860948453756,0.0,0.0,0.0
5.994028329849243,-0.5675901290360148,0.30455078558862975,-2.2867401363789432,0.0,0.0,0.0
6.028014183044434,-0.5673525557417377,0.30482350290868243,-2.295430321064617,0.0,0.0,0.0
6.062218427658081,-0.5672545062156708,0.30493529726479457,-2.303862108687389,0.0,0.0,0.0
6.096087694168091,-0.5673123029408008,0.3048735312343262,-2.311896129729345,0.0,0.0,0.0
6.130249738693237,-0.5675218851841631,0.30464808086742445,-2.319501447595524,0.0,0.0,0.0
6.164203405380249,-0.5678749870577374,0.30427267524689894,-2.3267548141243357,0.0,0.0,0.0
6.198429107666016,-0.5683665367986225,0.3037567943763832,-2.333638702566039,0.0,0.0,0.0
6.249149560928345,-0.569356275764871,0.30273423541835687,-2.3429737371981267,0.0,0.0,0.0
6.2831432819366455,-0.5701818440240957,0.30189334855680416,-2.3486711185391256,0.0,0.0,0.0
6.334308862686157,-0.572088131765821,0.3000773934823098,-2.356258638043585,0.0,0.0,0.0
6.368282794952393,-0.5756409618552163,0.29744165680728835,-2.360972974789457,0.0,0.0,0.0
6.402194976806641,-0.5791944210490679,0.2948052736000676,-2.3656871506914556,0.0,0.0,0.0
6.436976194381714,-0.5827485066355192,0.2921682698740784,-2.3704011289283513,0.0,0.0,0.0
6.470356702804565,-0.584241462890147,0.29084925552107627,-2.3748772485128575,0.0,0.0,0.0
6.50426459312439,-0.5856065135863618,0.28954167571329525,-2.379273505177032,0.0,0.0,0.0
6.538500785827637,-0.5870583117198733,0.28816225366091136,-2.383565717806241,0.0,0.0,0.0
6.572088003158569,-0.588579538166778,0.2867295491466485,-2.3874165939406753,0.0,0.0,0.0
6.606296062469482,-0.5901303256866403,0.28527734993558596,-2.390042036173503,0.0,0.0,0.0
6.640371322631836,-0.5918216046916708,0.28369956147010583,-2.391401263346337,0.0,0.0,0.0
6.6741955280303955,-0.5936305305370744,0.2820142368316084,-2.3914901976174603,0.0,0.0,0.0
6.708358287811279,-0.5955824993802239,0.2801934966182483,-2.3903130227468394,0.0,0.0,0.0
6.742553234100342,-0.5976384797999714,0.2782694537750195,-2.3883718602812887,0.0,0.0,0.0
6.776528596878052,-0.599761314277667,0.27627420978517864,-2.3860145318591086,0.0,0.0,0.0
6.810312509536743,-0.6019626858104067,0.27419455833824324,-2.3832625347847083,0.0,0.0,0.0
6.844246864318848,-0.604244265298203,0.2720264136054116,-2.3801348020895605,0.0,0.0,0.0
6.878116130828857,-0.6066063425845797,0.2697666902963924,-2.376586936491886,0.0,0.0,0.0
6.9121153354644775,-0.6090008882607658,0.26745890053630966,-2.372776732390527,0.0,0.0,0.0
6.946479320526123,-0.6114793266866576,0.2650510023426878,-2.368570983845843,0.0,0.0,0.0
6.980039119720459,-0.6140129237641099,0.2625678426223548,-2.3640469137040956,0.0,0.0,0.0
7.014181852340698,-0.6165781808318799,0.26003007350995055,-2.359285630867779,0.0,0.0,0.0
7.048071622848511,-0.6192139882840444,0.25739645250979215,-2.3541556239287593,0.0,0.0,0.0
7.082253456115723,-0.6218976864950669,0.25468645020848896,-2.34876126818718,0.0,0.0,0.0
7.116366624832153,-0.6246167904083083,0.25190991949217634,-2.34310613875097,0.0,0.0,0.0
7.150577545166016,-0.6273798990308177,0.24905542858759527,-2.3371890661642283,0.0,0.0,0.0
7.184423446655273,-0.6301955701044929,0.24611086511633679,-2.330980802829122,0.0,0.0,0.0
7.218384265899658,-0.6330557172240233,0.24308116905209945,-2.324494111018218,0.0,0.0,0.0
7.252381324768066,-0.6359442586883897,0.23984954823180848,-2.318002909151296,0.0,0.0,0.0
7.286138296127319,-0.6388350632024619,0.23660625419679368,-2.311512852906578,0.0,0.0,0.0
7.320151329040527,-0.6417256650013484,0.2333633085292457,-2.3050236218223,0.0,0.0,0.0
7.354430198669434,-0.6446512311620467,0.2300849334973687,-2.2983113076962476,0.0,0.0,0.0
7.388172149658203,-0.6476562418617263,0.22668276473586624,-2.2908673874544507,0.0,0.0,0.0
7.423172235488892,-0.6506903849854276,0.22319516246927276,-2.2831969098104405,0.0,0.0,0.0
7.473384857177734,-0.655240921012391,0.2178617919920478,-2.271546021852331,0.0,0.0,0.0
7.507319450378418,-0.6583005880272571,0.21420411872461548,-2.263567793685604,0.0,0.0,0.0
7.541242599487305,-0.6613899194442596,0.21044991916629363,-2.255363016296045,0.0,0.0,0.0
7.5754523277282715,-0.6644645164304571,0.20665051477275057,-2.2471402719025964,0.0,0.0,0.0
7.609376907348633,-0.667545501407012,0.20277851930588275,-2.2388259922641693,0.0,0.0,0.0
7.643211126327515,-0.6706460305089452,0.19881413942813225,-2.2303197310552627,0.0,0.0,0.0
7.677185535430908,-0.6737280512400123,0.19480353437285705,-2.221814534860296,0.0,0.0,0.0
7.711194276809692,-0.6768063253007038,0.1907264880161643,-2.213250501728552,0.0,0.0,0.0
7.745458602905273,-0.6798986264310711,0.18655637124491056,-2.204510278894222,0.0,0.0,0.0
7.779186010360718,-0.6829977321400202,0.1822990936537378,-2.195620806499864,0.0,0.0,0.0
7.8131103515625,-0.6860567981678283,0.1780179432751994,-2.1868700236564913,0.0,0.0,0.0
7.847231388092041,-0.6891287019749162,0.1736374195592606,-2.177944065759111,0.0,0.0,0.0
7.881451845169067,-0.6922020916895393,0.1691696371388245,-2.1688729526567134,0.0,0.0,0.0
7.915155649185181,-0.695249522778172,0.16465204338546396,-2.1598200232327227,0.0,0.0,0.0
7.949311971664429,-0.6982767507617724,0.1600756775735792,-2.150788312618885,0.0,0.0,0.0
7.983072519302368,-0.7013061973037739,0.15540371888875346,-2.1416014961397343,0.0,0.0,0.0
8.017162561416626,-0.7042985324994784,0.1506945220341051,-2.1324801288479858,0.0,0.0,0.0
8.051214456558228,-0.7072672595431596,0.1459269238722099,-2.123379274409397,0.0,0.0,0.0
8.085363388061523,-0.7102319684632118,0.1410665558211078,-2.114138043200571,0.0,0.0,0.0
8.119203329086304,-0.7131838582844192,0.13612384175610706,-2.1047877568530464,0.0,0.0,0.0
8.15317702293396,-0.7159287743170195,0.13208871732232438,-2.0956632690989276,0.0,0.0,0.0
8.187183141708374,-0.7185776512907609,0.12872190696326596,-2.0865192134820316,0.0,0.0,0.0
8.2212553024292,-0.7212250303269291,0.12535804076131182,-2.077374960330879,0.0,0.0,0.0
8.255738258361816,-0.7239794185384293,0.12126142142996665,-2.0682834988708927,0.0,0.0,0.0
8.306093692779541,-0.7283525914309342,0.1130710765238925,-2.054730814860788,0.0,0.0,0.0
8.340306520462036,-0.7312237928686444,0.10754478243923947,-2.0456668639276288,0.0,0.0,0.0
8.374295473098755,-0.734029426466077,0.10202226795599391,-2.0365225515900547,0.0,0.0,0.0
8.408421993255615,-0.7368155781428188,0.0964084925428676,-2.026705735814914,0.0,0.0,0.0
8.442194938659668,-0.739574857636835,0.0907079336611329,-2.0167378051626232,0.0,0.0,0.0
8.477396726608276,-0.7422771038881553,0.08498119952139851,-2.0068981965429336,0.0,0.0,0.0
8.527281999588013,-0.7462490163313606,0.07629141263032888,-1.9923131429746965,0.0,0.0,0.0
8.561136484146118,-0.748859216069563,0.0703915795543421,-1.9824835798876608,0.0,0.0,0.0
8.595376253128052,-0.7514084386452763,0.06447371992754133,-1.972787461086269,0.0,0.0,0.0
8.629326820373535,-0.7539077585980901,0.05851490769798026,-1.963220751662286,0.0,0.0,0.0
8.663329362869263,-0.7563721541854815,0.05247732816960747,-1.9535721407077178,0.0,0.0,0.0
8.69739294052124,-0.758774065323544,0.0464272418960123,-1.9440680322709165,0.0,0.0,0.0
8.73149824142456,-0.7611272643270589,0.040332680448408965,-1.9346502758287343,0.0,0.0,0.0
8.765746355056763,-0.7634445574075075,0.034157557911977235,-1.9251394892199802,0.0,0.0,0.0
8.800010681152344,-0.7657178455771463,0.027918927099375636,-1.9155654454355826,0.0,0.0,0.0
8.850104808807373,-0.7690061214319974,0.018552593873819037,-1.9015946438604783,0.0,0.0,0.0
8.884363889694214,-0.7711465688808296,0.012219207482307594,-1.8921863894826596,0.0,0.0,0.0
8.918500900268555,-0.7732414653091497,0.0058212956609516725,-1.8827064541138372,0.0,0.0,0.0
8.952301979064941,-0.7753085070575573,-0.0004903375899732397,-1.873494943328649,0.0,0.0,0.0
8.986396551132202,-0.7778375569408069,-0.004055041940271349,-1.8641729870927588,0.0,0.0,0.0
9.037236452102661,-0.7816290426358125,-0.009205246210871544,-1.8501853568639737,0.0,0.0,0.0
9.07142186164856,-0.783550957683651,-0.015452577067187582,-1.8410364119017346,0.0,0.0,0.0
9.105050563812256,-0.7853983216116043,-0.022252168988649946,-1.8318930735928718,0.0,0.0,0.0
9.139220476150513,-0.7872050530474984,-0.029144635621146445,-1.8227336747989418,0.0,0.0,0.0
9.173168897628784,-0.7889272015291671,-0.03596689576586469,-1.8135637557968678,0.0,0.0,0.0
9.207337379455566,-0.790599773585364,-0.042861396860008304,-1.8043736898967035,0.0,0.0,0.0
9.241360425949097,-0.7922217968923109,-0.049826206061469216,-1.7951582325950428,0.0,0.0,0.0
9.275293827056885,-0.7937711822950614,-0.056768514419090824,-1.7858846219161348,0.0,0.0,0.0
9.309471368789673,-0.795257972309675,-0.06374015790074004,-1.776191998583488,0.0,0.0,0.0
9.343395233154297,-0.7966854382761884,-0.07076822258873523,-1.7664384625272451,0.0,0.0,0.0
9.394301891326904,-0.7987039764942508,-0.08136675006695025,-1.7519127712521152,0.0,0.0,0.0
9.428556203842163,-0.79996501545922,-0.08844750883772458,-1.7424613401465185,0.0,0.0,0.0
9.46244764328003,-0.8011645381759547,-0.09557366965878429,-1.7329718707094413,0.0,0.0,0.0
9.496206283569336,-0.802295599321056,-0.10270503786016119,-1.723613438402253,0.0,0.0,0.0
9.530832290649414,-0.8033614255619793,-0.10985287312938785,-1.7143955153747763,0.0,0.0,0.0
9.564116716384888,-0.8043671938382364,-0.1170553217615139,-1.70510731543988,0.0,0.0,0.0
9.5981924533844,-0.8059748920232347,-0.12298571134148321,-1.6957021304637625,0.0,0.0,0.0
9.632128715515137,-0.8083543833889879,-0.126568845439468,-1.6861994571417038,0.0,0.0,0.0
9.666287899017334,-0.8097494838789139,-0.1321679724903555,-1.6768341341774489,0.0,0.0,0.0
9.700185298919678,-0.8105068864362678,-0.13963972335339842,-1.6675766489222248,0.0,0.0,0.0
9.734328508377075,-0.8111941806089952,-0.14708365712926033,-1.65831098554144,0.0,0.0,0.0
9.768786907196045,-0.8118138455594225,-0.1545587183623672,-1.6490363422292476,0.0,0.0,0.0
9.802668333053589,-0.812366426927585,-0.16207756098553983,-1.6397535327778119,0.0,0.0,0.0
9.836376905441284,-0.8128491118875625,-0.16959150055074176,-1.6304725806344247,0.0,0.0,0.0
9.870164632797241,-0.8132616136818868,-0.1771072016014454,-1.6211946769630772,0.0,0.0,0.0
9.90410566329956,-0.8135969812506322,-0.1844464874902629,-1.612108604070186,0.0,0.0,0.0
9.938325881958008,-0.8138806289875101,-0.19226189917279937,-1.6024503602301092,0.0,0.0,0.0
9.972177982330322,-0.8140837527930195,-0.1998134978711772,-1.5933704001511204,0.0,0.0,0.0
10.006345510482788,-0.8161401797542925,-0.20418961356106502,-1.5841483220327437,0.0,0.0,0.0
10.040375471115112,-0.8162790072902586,-0.21149467604440964,-1.57515584273996,0.0,0.0,0.0
10.074338912963867,-0.8162766929737652,-0.21918440845227274,-1.5661693281189042,0.0,0.0,0.0
10.108165740966797,-0.8162043929616793,-0.22689172399021768,-1.5571664921917663,0.0,0.0,0.0
10.142704963684082,-0.8167602172871283,-0.23392126470573818,-1.547912016690894,0.0,0.0,0.0
10.193202018737793,-0.816522753962684,-0.24541054815839936,-1.5339278995940764,0.0,0.0,0.0
10.227126836776733,-0.8162470234682526,-0.25312265712279,-1.52465641249495,0.0,0.0,0.0
10.261453866958618,-0.8158487757391057,-0.2609228592618494,-1.5153419991327128,0.0,0.0,0.0
10.295339584350586,-0.815379536113601,-0.26869838954713365,-1.506138278574834,0.0,0.0,0.0
10.32953429222107,-0.8148397298826995,-0.2764680923555302,-1.4971411070968506,0.0,0.0,0.0
10.380226612091064,-0.8138941844588353,-0.28816949694510446,-1.4835759319358497,0.0,0.0,0.0
10.414160013198853,-0.8131799981018729,-0.2959264059425939,-1.474807704260603,0.0,0.0,0.0
10.448399305343628,-0.8123932902559586,-0.303719794093947,-1.4659760518459006,0.0,0.0,0.0
10.482634782791138,-0.8115336531501371,-0.31154128531305697,-1.4570789095408645,0.0,0.0,0.0
10.516260862350464,-0.8106079949532904,-0.31932736729357936,-1.4483064463303483,0.0,0.0,0.0
10.550431966781616,-0.8096130118505477,-0.3271183879524612,-1.4396330355836748,0.0,0.0,0.0
10.58427882194519,-0.8085449064064618,-0.3349390692464724,-1.4308776357819155,0.0,0.0,0.0
10.618217945098877,-0.80740439004857,-0.3427756784425395,-1.4220591042595674,0.0,0.0,0.0
10.65252137184143,-0.8062026615615954,-0.35055723562213154,-1.4134907775298438,0.0,0.0,0.0
10.686106443405151,-0.8049270159176272,-0.35837149271626506,-1.4048478505828004,0.0,0.0,0.0
10.720242023468018,-0.8035806523979373,-0.36619179667890217,-1.396149426289336,0.0,0.0,0.0
10.754281520843506,-0.8021737259067261,-0.3739642538339077,-1.387678064377424,0.0,0.0,0.0
10.788448333740234,-0.800692952667226,-0.3817651458177183,-1.3791136327164357,0.0,0.0,0.0
10.822345733642578,-0.7991378863843528,-0.38958927918814334,-1.3704597212146659,0.0,0.0,0.0
10.856334686279297,-0.7975203714746838,-0.3973753172020887,-1.3618980528463391,0.0,0.0,0.0
10.89021921157837,-0.7958345011823809,-0.405157668756666,-1.3534022143594275,0.0,0.0,0.0
10.924161911010742,-0.7940731953964193,-0.4129650493911771,-1.344800540953182,0.0,0.0,0.0
10.95821762084961,-0.7922384003365766,-0.4207827557220039,-1.3361158483875055,0.0,0.0,0.0
10.992628335952759,-0.7903471845074614,-0.4285411893709233,-1.3276591627672059,0.0,0.0,0.0
11.026220798492432,-0.7883799071062512,-0.4363237264028249,-1.3191105423634457,0.0,0.0,0.0
11.06014895439148,-0.7863385853023177,-0.444116678771444,-1.3104660834892654,0.0,0.0,0.0
11.094549655914307,-0.7842427688554234,-0.45184777188751624,-1.302049253284523,0.0,0.0,0.0
11.128206729888916,-0.7820691356743421,-0.4596052391086264,-1.2935210736755776,0.0,0.0,0.0
11.162380695343018,-0.7798189014936681,-0.4673788781199025,-1.2848948678013161,0.0,0.0,0.0
11.196604013442993,-0.7775083153750254,-0.47511099586040256,-1.2763504098985416,0.0,0.0,0.0
11.247425556182861,-0.7739099868836797,-0.48670187518090313,-1.2635649610709507,0.0,0.0,0.0
11.281740665435791,-0.771412494263032,-0.49445199240971127,-1.254899065274821,0.0,0.0,0.0
11.315426111221313,-0.768853687310606,-0.5021628865168704,-1.2462990453390121,0.0,0.0,0.0
11.349644660949707,-0.7662285804537003,-0.5098535581320695,-1.2377804666332766,0.0,0.0,0.0
11.40010952949524,-0.7621474572744077,-0.5214028217036552,-1.2248202869072302,0.0,0.0,0.0
11.434292554855347,-0.759355307658427,-0.5290428177769348,-1.216364557687737,0.0,0.0,0.0
11.468088150024414,-0.7564826660719234,-0.5367002936066396,-1.2077930043809761,0.0,0.0,0.0
11.502271890640259,-0.7535293991465232,-0.5443707941387185,-1.1991077638614513,0.0,0.0,0.0
11.536195516586304,-0.7505187651108833,-0.5519969015198463,-1.190504354192171,0.0,0.0,0.0
11.570429563522339,-0.7474379846436854,-0.559605133544214,-1.1819468928356052,0.0,0.0,0.0
11.604535818099976,-0.7442758135732013,-0.567225013069335,-1.173273793450056,0.0,0.0,0.0
11.638189792633057,-0.7410358612420377,-0.5748469358842743,-1.1644978888088569,0.0,0.0,0.0
11.672199010848999,-0.7377479630694362,-0.5823978694638092,-1.1559524294356116,0.0,0.0,0.0
11.706188201904297,-0.7343759354133791,-0.5899620442735246,-1.1472977821428958,0.0,0.0,0.0
11.740297794342041,-0.7309282104160184,-0.5975214687107537,-1.1385552427199843,0.0,0.0,0.0
11.774393320083618,-0.7274300576067173,-0.6050176853051248,-1.1300105375235328,0.0,0.0,0.0
11.808088779449463,-0.7238482218165085,-0.6125227733061982,-1.1213581180681575,0.0,0.0,0.0
11.842298984527588,-0.7201841125327384,-0.6200313990893167,-1.112600580960156,0.0,0.0,0.0
11.876403570175171,-0.716465311328093,-0.6274905553789202,-1.1039219822315771,0.0,0.0,0.0
11.910197019577026,-0.7126758176795962,-0.6349256379973616,-1.0952965768903238,0.0,0.0,0.0
11.944191694259644,-0.7088021106028075,-0.642365528866977,-1.0865541926466138,0.0,0.0,0.0
11.97812008857727,-0.7048444401489977,-0.6498069090405186,-1.077689543594957,0.0,0.0,0.0
12.012212753295898,-0.700846514213187,-0.6571703249682032,-1.06905818293863,0.0,0.0,0.0
12.04645586013794,-0.6967618883448056,-0.6645370389996841,-1.0603370770215759,0.0,0.0,0.0
12.097514629364014,-0.6905107230838171,-0.6755300311909824,-1.0472526176839458,0.0,0.0,0.0
12.131470680236816,-0.6862626448004443,-0.6828131584047435,-1.0386151081940096,0.0,0.0,0.0
12.16542935371399,-0.6819285899064337,-0.6900973394750761,-1.0298567412412125,0.0,0.0,0.0
12.199535846710205,-0.6775174249374406,-0.6973680074255684,-1.0210105727269918,0.0,0.0,0.0
12.233054876327515,-0.6730629811712783,-0.7045651291137011,-1.0123873542011668,0.0,0.0,0.0
12.268184423446655,-0.6683851368712994,-0.7119756183086817,-1.003386140600416,0.0,0.0,0.0
12.3023362159729,-0.6637527045639706,-0.7191709708906183,-0.9945258477173641,0.0,0.0,0.0
12.336341142654419,-0.6590745088627533,-0.72630258942834,-0.9857778573565402,0.0,0.0,0.0
12.370285749435425,-0.6543271200581028,-0.7334001709965267,-0.977090601530863,0.0,0.0,0.0
12.404266119003296,-0.6494915726645135,-0.7404944640819336,-0.9682802615851399,0.0,0.0,0.0
12.43820309638977,-0.6445770990723396,-0.747571779968203,-0.9593772154827358,0.0,0.0,0.0
12.472310066223145,-0.639624909333602,-0.7545699291148282,-0.9507070467991681,0.0,0.0,0.0
12.506738424301147,-0.6345822755937862,-0.7615643653755536,-0.9419217483723489,0.0,0.0,0.0
12.540096282958984,-0.6294649727233967,-0.7685349904629127,-0.9330573767722905,0.0,0.0,0.0
12.574186325073242,-0.6243084736540033,-0.7754294317594679,-0.9244132939297303,0.0,0.0,0.0
12.608245611190796,-0.6190632089077642,-0.7823159888937962,-0.9156560474472965,0.0,0.0,0.0
12.642186403274536,-0.6137271834548091,-0.7891949747256289,-0.9067690806209348,0.0,0.0,0.0
12.676137924194336,-0.6083408998915857,-0.7960128675907605,-0.8979595597838385,0.0,0.0,0.0
12.710278272628784,-0.6028926581683581,-0.8027866968955479,-0.8892344569759122,0.0,0.0,0.0
12.744380950927734,-0.5973558905087584,-0.8095481047067735,-0.8803906661774283,0.0,0.0,0.0
12.778248310089111,-0.5917333135237821,-0.8162909426705296,-0.8714347143021145,0.0,0.0,0.0
12.812159776687622,-0.5860851818744082,-0.8229440170035315,-0.862726936778103,0.0,0.0,0.0
12.846629858016968,-0.5803511687766342,-0.8295797964004834,-0.8539386180338507,0.0,0.0,0.0
12.88113784790039,-0.574353472203556,-0.836396024533353,-0.8447615760447478,0.0,0.0,0.0
12.915337800979614,-0.5684808571377492,-0.842949780838239,-0.8359380729876977,0.0,0.0,0.0
12.949405431747437,-0.5625471517001766,-0.8494562743788998,-0.8271985304956958,0.0,0.0,0.0
12.983053922653198,-0.5565267797383926,-0.8559422834054323,-0.8183480351962017,0.0,0.0,0.0
13.01715612411499,-0.550463001455538,-0.8623605044778325,-0.809590152402443,0.0,0.0,0.0
13.05147099494934,-0.5443339711632408,-0.8687355943551632,-0.8008748698432427,0.0,0.0,0.0
13.086199522018433,-0.537933902280827,-0.875275085036135,-0.7917854937518564,0.0,0.0,0.0
13.120385885238647,-0.5316409053412802,-0.8815903495605187,-0.7828796620673203,0.0,0.0,0.0
13.154119729995728,-0.5253245648212796,-0.8878189037126579,-0.7742237413208447,0.0,0.0,0.0
13.18825078010559,-0.5189181554116776,-0.8940269929343833,-0.7654458975777437,0.0,0.0,0.0
13.222172260284424,-0.5124205909678013,-0.900212971917713,-0.756539920622711,0.0,0.0,0.0
13.256096601486206,-0.505884861730495,-0.9063254082955764,-0.7477299999447072,0.0,0.0,0.0
13.290172815322876,-0.4992897038799161,-0.9123863649721515,-0.7389958631431256,0.0,0.0,0.0
13.324278831481934,-0.49260363067818846,-0.9184231532077465,-0.7301321210580823,0.0,0.0,0.0
13.359116315841675,-0.4858378015521733,-0.9244233314292865,-0.7211737595742761,0.0,0.0,0.0
13.39278244972229,-0.4790552517962706,-0.930332133641409,-0.7124611692251269,0.0,0.0,0.0
13.443200826644897,-0.46871625780904874,-0.9391415267829819,-0.699200274418235,0.0,0.0,0.0
13.477170467376709,-0.46177074642409804,-0.9449283135684454,-0.6904426692618318,0.0,0.0,0.0
13.511334419250488,-0.45476491283223835,-0.9506628001656205,-0.6817351998326568,0.0,0.0,0.0
13.545371294021606,-0.44767052942747076,-0.956366604070884,-0.6729020017318685,0.0,0.0,0.0
13.579396963119507,-0.44050140114395947,-0.962026358906355,-0.6639817495185,0.0,0.0,0.0
13.613110542297363,-0.4333193702401859,-0.9675945883806828,-0.6553110440125945,0.0,0.0,0.0
13.648074865341187,-0.4260463243424018,-0.9731323709919948,-0.6465180420334495,0.0,0.0,0.0
13.698723316192627,-0.4149857481799938,-0.9813619044731107,-0.6331327096278186,0.0,0.0,0.0
13.732853651046753,-0.40758169307205666,-0.986744828585984,-0.6244338820050731,0.0,0.0,0.0
13.783137798309326,-0.39630865345108846,-0.9947529996431398,-0.6111660024772239,0.0,0.0,0.0
13.817138671875,-0.3887459852307119,-1.000000556207804,-0.6023942332609395,0.0,0.0,0.0
13.851190090179443,-0.38113051642984486,-1.005187126185296,-0.5936956492819703,0.0,0.0,0.0
13.885352611541748,-0.3734288045560898,-1.0103342593007913,-0.584872375012739,0.0,0.0,0.0
13.919254064559937,-0.3656545560639722,-1.0154306107484408,-0.575958577486492,0.0,0.0,0.0
13.953208208084106,-0.35787396534476884,-1.020434007386986,-0.5672940066054778,0.0,0.0,0.0
13.987507581710815,-0.3500071867339589,-1.025396396427056,-0.558516184996378,0.0,0.0,0.0
14.021662712097168,-0.3420557486821605,-1.0303144860070272,-0.5496184842777727,0.0,0.0,0.0
14.072044372558594,-0.33007335604414406,-1.037543641092722,-0.5364606545749784,0.0,0.0,0.0
14.106341123580933,-0.322000908691636,-1.0422942599422282,-0.5276648216740266,0.0,0.0,0.0
14.140301704406738,-0.31386777237088204,-1.0469843133674055,-0.5188043429814755,0.0,0.0,0.0
14.174305200576782,-0.3057281736160609,-1.0515839334014996,-0.5101757495168667,0.0,0.0,0.0
14.208635568618774,-0.2975027972156838,-1.0561381129004153,-0.5014244378299303,0.0,0.0,0.0
14.242527723312378,-0.28919326776817966,-1.0606436400096795,-0.49254640777133624,0.0,0.0,0.0
14.293056011199951,-0.27669079612492503,-1.0672453234300685,-0.4794452116189668,0.0,0.0,0.0
14.327050924301147,-0.26827208790885765,-1.071573980194105,-0.4706741485597589,0.0,0.0,0.0
14.361341714859009,-0.2597703372470087,-1.075850818853109,-0.46177972059836203,0.0,0.0,0.0
14.412158727645874,-0.2469813447321986,-1.0821081432146062,-0.44864117229751077,0.0,0.0,0.0
14.4473876953125,-0.23837828689497845,-1.0862016438714641,-0.4398676859813455,0.0,0.0,0.0
14.497084856033325,-0.22539630475307337,-1.0922045482082916,-0.42671797026761005,0.0,0.0,0.0
14.531199932098389,-0.21669524727024936,-1.0961136720848568,-0.418047635105986,0.0,0.0,0.0
14.565247535705566,-0.20791382300815342,-1.0999671169235483,-0.4092524705094433,0.0,0.0,0.0
14.59927749633789,-0.19907285185330337,-1.1037537945261744,-0.4003759042364891,0.0,0.0,0.0
14.63334345817566,-0.19023757504351343,-1.107446899187426,-0.3917399915300003,0.0,0.0,0.0
14.667293787002563,-0.18132132510419777,-1.1110831017521259,-0.3829863071281952,0.0,0.0,0.0
14.701302766799927,-0.1723301505631325,-1.114657810912627,-0.37412104169327376,0.0,0.0,0.0
14.735190868377686,-0.16333033980849537,-1.118144088985189,-0.36535871118863616,0.0,0.0,0.0
14.769076108932495,-0.15428716822443395,-1.1215570267156554,-0.3566617354673518,0.0,0.0,0.0
14.803563594818115,-0.14516593612953696,-1.1249084479557792,-0.3478397144288389,0.0,0.0,0.0
14.837151765823364,-0.1359837510698469,-1.128190089971916,-0.3389257501039668,0.0,0.0,0.0
14.87104344367981,-0.12682055389907745,-1.1313744310364209,-0.3302665895838506,0.0,0.0,0.0
14.905176877975464,-0.11758387495866063,-1.1344945507237634,-0.3215176691260001,0.0,0.0,0.0
14.939087390899658,-0.10828199949462752,-1.1375456742675087,-0.31265746091439667,0.0,0.0,0.0
14.973228931427002,-0.09900429685866816,-1.1404993110586032,-0.30404378556447736,0.0,0.0,0.0
15.007421255111694,-0.0896549189666118,-1.1433870419569332,-0.29534677767617856,0.0,0.0,0.0
15.041360139846802,-0.08022823867731534,-1.1462083124682834,-0.28651401966206924,0.0,0.0,0.0
15.07532286643982,-0.07079214022701365,-1.1489417519008354,-0.2777364324898213,0.0,0.0,0.0
15.109416723251343,-0.06133172622335598,-1.1515935829925907,-0.26908370011509414,0.0,0.0,0.0
15.14318037033081,-0.05179768487193523,-1.1541765230942893,-0.26030362882666197,0.0,0.0,0.0
15.1775803565979,-0.04226553682491849,-1.1566694378862192,-0.2516052498939306,0.0,0.0,0.0
15.211403846740723,-0.03270325661816008,-1.1590823803127954,-0.24299423427619227,0.0,0.0,0.0
15.245481491088867,-0.023069949099999022,-1.1614245268869468,-0.2342563245524525,0.0,0.0,0.0
15.279555797576904,-0.013382595138942343,-1.1636897213453434,-0.22541371488313253,0.0,0.0,0.0
15.313480615615845,-0.0037215622019469976,-1.1658600612553927,-0.216816041506546,0.0,0.0,0.0
15.347434043884277,0.006005689619582925,-1.1679573044632796,-0.20812654801538422,0.0,0.0,0.0
15.381404876708984,0.01579965464248538,-1.1699793326038355,-0.1993142713912546,0.0,0.0,0.0
15.4154691696167,0.025600336565727376,-1.1719127268358356,-0.1905480965188386,0.0,0.0,0.0
15.44935655593872,0.035416683203572066,-1.1737610454515266,-0.18190796678099516,0.0,0.0,0.0
15.483278036117554,0.0452989646014321,-1.175532838005225,-0.17314619352688676,0.0,0.0,0.0
15.534492492675781,0.06018816861788012,-1.178033195720054,-0.15991530627228948,0.0,0.0,0.0
15.568205833435059,0.07011645928047405,-1.1795894344133542,-0.15127817342254637,0.0,0.0,0.0
15.602195978164673,0.0801133150637628,-1.1810673230357571,-0.14250786425199885,0.0,0.0,0.0
15.636229276657104,0.0900928333176253,-1.1824534741497894,-0.13383527459186162,0.0,0.0,0.0
15.670334339141846,0.10009891469903323,-1.1837557658827518,-0.1252380715711301,0.0,0.0,0.0
15.704214334487915,0.11016691101253298,-1.184977475572606,-0.11651404268404165,0.0,0.0,0.0
15.738147020339966,0.1202834320179607,-1.1861150481886358,-0.10768471667607347,0.0,0.0,0.0
15.77217721939087,0.13035703105505989,-1.1871588221106704,-0.09908544520284927,0.0,0.0,0.0
15.806245565414429,0.14049205639816714,-1.1881208323008208,-0.09041099101068795,0.0,0.0,0.0
15.840304613113403,0.15066311845400887,-1.1889967019257561,-0.08164263195435274,0.0,0.0,0.0
15.874393463134766,0.16079077660415772,-1.1897806486372,-0.07312068897614356,0.0,0.0,0.0
15.908576250076294,0.1709828245390702,-1.1904818636782066,-0.06448973077293531,0.0,0.0,0.0
15.94221806526184,0.1812302152227387,-1.1910973799226792,-0.05573211930157126,0.0,0.0,0.0
15.976243495941162,0.1914577935731085,-1.1916218583574605,-0.04704587000361795,0.0,0.0,0.0
16.010221004486084,0.20170233305105265,-1.1920589275274731,-0.03845703730741238,0.0,0.0,0.0
16.044187784194946,0.21200147554307475,-1.1924090815731245,-0.02974236948602591,0.0,0.0,0.0
16.07828950881958,0.22234090477974694,-1.19266980849101,-0.020916856529770322,0.0,0.0,0.0
16.112446069717407,0.2326302136423146,-1.1928394536937317,-0.012327161102822283,0.0,0.0,0.0
16.146315336227417,0.24297041647795342,-1.1929210084115924,-0.0036741647514567065,0.0,0.0,0.0
16.180405616760254,0.2533432494463419,-1.1929124751572349,0.00508459757735646,0.0,0.0,0.0
16.21418571472168,0.2636687023475439,-1.1928146394623873,0.013613190398838656,0.0,0.0,0.0
16.24866819381714,0.27404367865481843,-1.1926275437733114,0.02222318328475735,0.0,0.0,0.0
16.282626152038574,0.28447062250907845,-1.1923489805965128,0.03096910786654547,0.0,0.0,0.0
16.333295583724976,0.30007156580698896,-1.1917622201050675,0.04393585890991951,0.0,0.0,0.0
16.384238958358765,0.3157397883340665,-1.1909695876288384,0.05694779184882791,0.0,0.0,0.0
16.418185710906982,0.3262310244636746,-1.1903239568457664,0.06576874385701804,0.0,0.0,0.0
16.45230770111084,0.3366603966321353,-1.1895913538540615,0.07435106922664064,0.0,0.0,0.0
16.48622155189514,0.347136488084196,-1.1887642993306198,0.0829981196304455,0.0,0.0,0.0
16.521278381347656,0.3576295651705471,-1.1878444855229326,0.09172968181978067,0.0,0.0,0.0
16.57163715362549,0.37330634263477097,-1.1862999512131567,0.10450528911392021,0.0,0.0,0.0
16.605522632598877,0.3838103591442527,-1.1851510961707312,0.11316383154081276,0.0,0.0,0.0
16.639341831207275,0.3943422320948097,-1.183906507304424,0.12193874845823649,0.0,0.0,0.0
16.673116207122803,0.40481371848079134,-1.1825772362419495,0.13046725555916983,0.0,0.0,0.0
16.70777916908264,0.41533007924976684,-1.181149977860281,0.13910226459583633,0.0,0.0,0.0
16.758479833602905,0.4311581478949433,-1.178826071181601,0.15225952378309895,0.0,0.0,0.0
16.792287826538086,0.44164802746244053,-1.1771703748874554,0.16082021491279966,0.0,0.0,0.0
16.826663732528687,0.45217138501771853,-1.1754155292172976,0.16944282981252048,0.0,0.0,0.0
16.86088275909424,0.4624165892764337,-1.1736168229694242,0.1779283707679024,0.0,0.0,0.0
16.89496111869812,0.4729608637473642,-1.1716726638499169,0.1866806463557642,0.0,0.0,0.0
16.92882776260376,0.48347893969578587,-1.169638011104549,0.19527044129397914,0.0,0.0,0.0
16.96298885345459,0.4940320179654333,-1.1675017256337121,0.20398822393966484,0.0,0.0,0.0
16.996864795684814,0.5045474606314897,-1.1652785932347467,0.21264676371982924,0.0,0.0,0.0
17.03097414970398,0.5150452719648709,-1.1629639284270112,0.22117924340999587,0.0,0.0,0.0
17.064914226531982,0.5255688487312196,-1.160548595851267,0.22982838520780902,0.0,0.0,0.0
17.098761081695557,0.5361188107170484,-1.1580302512415732,0.23860120662405931,0.0,0.0,0.0
17.133240938186646,0.5465903530514042,-1.1554353010942646,0.24715743506520582,0.0,0.0,0.0
17.183910846710205,0.5623433362771822,-1.1513503617260268,0.26010264005133993,0.0,0.0,0.0
17.218688249588013,0.5731861429770788,-1.1484108988482151,0.2691604086326501,0.0,0.0,0.0
17.25288701057434,0.5836266511406935,-1.1454827340283316,0.2776873935747891,0.0,0.0,0.0
17.286943674087524,0.5940820233105908,-1.14245285696411,0.28624814710932817,0.0,0.0,0.0
17.32070016860962,0.6039465057991474,-1.139504419676646,0.2944313050951013,0.0,0.0,0.0
17.355103731155396,0.6144078213768313,-1.1362816116018601,0.3031340713441211,0.0,0.0,0.0
17.388604640960693,0.6248410881845828,-1.1329679841327547,0.31171576846863097,0.0,0.0,0.0
17.422764778137207,0.635293406190053,-1.129548597139164,0.3204215748536612,0.0,0.0,0.0
17.45666265487671,0.6456891230532753,-1.1260484704158147,0.32902867194206853,0.0,0.0,0.0
17.490781784057617,0.6560588328914146,-1.1224573913676221,0.337532022478897,0.0,0.0,0.0
17.52474355697632,0.666453794268497,-1.1187573921638254,0.34618732660533824,0.0,0.0,0.0
17.558531999588013,0.6768498576236082,-1.1149547631473817,0.3549469932665671,0.0,0.0,0.0
17.59257197380066,0.6871636911241192,-1.1110817815850798,0.36343928725576347,0.0,0.0,0.0
17.62665319442749,0.6974868726468232,-1.1071036261056622,0.37201784367420093,0.0,0.0,0.0
17.660926818847656,0.7078308193357317,-1.1030142547185409,0.380750236752486,0.0,0.0,0.0
17.694686889648438,0.7181239215689342,-1.0988415096355306,0.3894221227332549,0.0,0.0,0.0
17.728850841522217,0.7283766214650073,-1.0945816868638967,0.39794836159089086,0.0,0.0,0.0
17.76263976097107,0.7386420039388704,-1.090212810947993,0.4066073642784595,0.0,0.0,0.0
17.79657220840454,0.7488491215470675,-1.0857646904037905,0.4151844221118966,0.0,0.0,0.0
17.830706119537354,0.7590238342778356,-1.0812267808910092,0.4236684926996421,0.0,0.0,0.0
17.864461183547974,0.7692105170038858,-1.0765786434708997,0.43229660143570137,0.0,0.0,0.0
17.898637294769287,0.7793885395055469,-1.0718272361274006,0.4410258523720874,0.0,0.0,0.0
17.932626485824585,0.789472467213151,-1.0670144551591405,0.4494850012546148,0.0,0.0,0.0
17.966705322265625,0.7995632537381698,-1.062091972571245,0.45804445241323627,0.0,0.0,0.0
18.000697135925293,0.8096408652320437,-1.0570679030065586,0.4667095485095845,0.0,0.0,0.0
18.034621477127075,0.8196280748690441,-1.0519825786976167,0.47511235716742944,0.0,0.0,0.0
18.068424463272095,0.8296215275555328,-1.0467866533287176,0.48363615143751,0.0,0.0,0.0
18.102684497833252,0.8396199633002727,-1.041478437672014,0.49230705529639984,0.0,0.0,0.0
18.153454065322876,0.8544900959672603,-1.03337774241744,0.505096599080695,0.0,0.0,0.0
18.187568187713623,0.8643823003784389,-1.0278513270460756,0.513658166289508,0.0,0.0,0.0
18.23837661743164,0.8791992111710991,-1.0193622710927615,0.5267156759146197,0.0,0.0,0.0
18.272668838500977,0.8889747225428137,-1.0136215088588343,0.5351669562323754,0.0,0.0,0.0
18.306612491607666,0.8987466057572049,-1.0077701136117259,0.5437279587285367,0.0,0.0,0.0
18.340659141540527,0.908495547917841,-1.0018176614935168,0.55239349185479,0.0,0.0,0.0
18.375120401382446,0.9181485080757806,-0.9958105324790517,0.5607972338905711,0.0,0.0,0.0
18.425475120544434,0.9326264038348272,-0.9865855565564162,0.5736565786099366,0.0,0.0,0.0
18.45953130722046,0.9422529820732698,-0.9803045676836148,0.5823658471672286,0.0,0.0,0.0
18.494030237197876,0.9517749719538903,-0.9739750439706445,0.5908066954815164,0.0,0.0,0.0
18.528414964675903,0.961292070030889,-0.9675313268013029,0.5993561568790665,0.0,0.0,0.0
18.562971353530884,0.9710734029847984,-0.9607832680279031,0.6082886680168423,0.0,0.0,0.0
18.61405086517334,0.9851808857217303,-0.9508218839342342,0.6210980180717283,0.0,0.0,0.0
18.64770221710205,0.9945429473546068,-0.9440609156603299,0.6296314703595216,0.0,0.0,0.0
18.681716442108154,1.0038881304414975,-0.9371890150719364,0.6382976141964156,0.0,0.0,0.0
18.715421676635742,1.0131583089424956,-0.9302480167880546,0.6468889994327867,0.0,0.0,0.0
18.749966621398926,1.022372183989594,-0.9232259003553643,0.6553679849473234,0.0,0.0,0.0
18.800431728363037,1.036140319387123,-0.912497905847597,0.6683032377761386,0.0,0.0,0.0
18.834428548812866,1.0452049244945616,-0.9052783976660536,0.6766804462832587,0.0,0.0,0.0
18.868805646896362,1.0542556944003534,-0.8979441085482465,0.6851913508265567,0.0,0.0,0.0
18.903092622756958,1.0632857546376433,-0.8904972614330203,0.6938470282417118,0.0,0.0,0.0
18.95349621772766,1.0766663815889812,-0.879219205165458,0.7065805783958504,0.0,0.0,0.0
18.98749017715454,1.0855409457865268,-0.8715769421939917,0.7151107345023944,0.0,0.0,0.0
19.02160120010376,1.094392997452428,-0.8638203728453621,0.7237907447518481,0.0,0.0,0.0
19.05561399459839,1.103152367980368,-0.8560099769660091,0.7323497110122625,0.0,0.0,0.0
19.089484691619873,1.1118539516321702,-0.8481176292613348,0.7408235311638991,0.0,0.0,0.0
19.124651193618774,1.1207832554385924,-0.8398764469780263,0.7496965996851399,0.0,0.0,0.0
19.158641576766968,1.1294131655543524,-0.831769723560864,0.7584210192062228,0.0,0.0,0.0
19.193447589874268,1.1379263271086568,-0.8236342334537967,0.7668384165405113,0.0,0.0,0.0
19.24348497390747,1.1506402523770265,-0.8112237491623797,0.7796750195102904,0.0,0.0,0.0
19.29443621635437,1.1632210401761292,-0.7986213103821308,0.7925811360576812,0.0,0.0,0.0
19.328397035598755,1.1715146963915246,-0.7901348505522814,0.8010461081802646,0.0,0.0,0.0
19.36258101463318,1.1797753562042135,-0.7815364171933422,0.8096554640060583,0.0,0.0,0.0
19.39640760421753,1.1879320396387998,-0.7728991162554335,0.8181266528215794,0.0,0.0,0.0
19.43070363998413,1.1960313671854017,-0.764176871152186,0.826549802105271,0.0,0.0,0.0
19.481445789337158,1.2081100192304333,-0.7508880007336257,0.839451119681885,0.0,0.0,0.0
19.53247880935669,1.2199990740468925,-0.7374643430773631,0.8521888809543178,0.0,0.0,0.0
19.567063808441162,1.2278580543580508,-0.7283998209216295,0.8607089279531233,0.0,0.0,0.0
19.60063624382019,1.2356722424388487,-0.7192287601937727,0.869362158869266,0.0,0.0,0.0
19.63446593284607,1.2433928210712217,-0.7100069762459477,0.8779392122477899,0.0,0.0,0.0
19.668570041656494,1.2510383292623628,-0.7007164757827855,0.8863966138391441,0.0,0.0,0.0
19.702451944351196,1.2586390073317228,-0.6913178275137891,0.894993796608129,0.0,0.0,0.0
19.73656916618347,1.2661340350447734,-0.6818856096126873,0.9034649399017235,0.0,0.0,0.0
19.7707576751709,1.2735613325313295,-0.6723760169618251,0.9118745833092405,0.0,0.0,0.0
19.804555416107178,1.280942354820089,-0.6627582750269054,0.9204322201457195,0.0,0.0,0.0
19.838760375976562,1.288262703345619,-0.6530473273091897,0.9291039277505427,0.0,0.0,0.0
19.87248682975769,1.2954622287280966,-0.6433253375027697,0.937483180456908,0.0,0.0,0.0
19.90653085708618,1.302616320105179,-0.6334927066547078,0.9459868322313219,0.0,0.0,0.0
19.941410303115845,1.3097185960694306,-0.6235528378980995,0.9546397658504583,0.0,0.0,0.0
19.975812196731567,1.3167162714867702,-0.6135782212360658,0.9631809161910713,0.0,0.0,0.0
20.025448083877563,1.3270732981195537,-0.598478601053682,0.975889319837493,0.0,0.0,0.0
20.059468269348145,1.3338975451021362,-0.5882977533198026,0.984510595429266,0.0,0.0,0.0
20.093440055847168,1.3406011730653349,-0.5781113939630964,0.9928518336861172,0.0,0.0,0.0
20.127474069595337,1.3472554513598,-0.5678123943994692,1.0013318766018133,0.0,0.0,0.0
20.161781787872314,1.353846858560818,-0.5574168395711162,1.0099328216112846,0.0,0.0,0.0
20.212613821029663,1.3635469646365477,-0.5417500219386021,1.022642368908941,0.0,0.0,0.0
20.2465717792511,1.3699247868209006,-0.5312024696414974,1.0311417154555458,0.0,0.0,0.0
20.280632734298706,1.3762361406737693,-0.520559689535458,1.039765277120487,0.0,0.0,0.0
20.315627336502075,1.382445942297705,-0.5098788832664398,1.0483292742928765,0.0,0.0,0.0
20.36562728881836,1.3916034168537381,-0.49373825650078196,1.0610270538894921,0.0,0.0,0.0
20.399551153182983,1.3976143923320794,-0.4828747725612224,1.0696287077474649,0.0,0.0,0.0
20.433492422103882,1.4035033648210196,-0.47201613610914495,1.0779416230426226,0.0,0.0,0.0
20.467416286468506,1.4093340136724224,-0.4610471387440378,1.086400527959908,0.0,0.0,0.0
20.501513957977295,1.415095611008551,-0.4499808026983761,1.0950004697833176,0.0,0.0,0.0
20.535730361938477,1.420748261707561,-0.4388921533011932,1.103510645405762,0.0,0.0,0.0
20.569515466690063,1.4263115116114355,-0.42774830864491437,1.111913151397367,0.0,0.0,0.0
20.60370111465454,1.4318041959545202,-0.41650824119905516,1.1204555280071051,0.0,0.0,0.0
20.6375572681427,1.437221647854997,-0.4051754471246355,1.129149866486891,0.0,0.0,0.0
20.671438694000244,1.4425095140550714,-0.3938662696890154,1.1375320987734188,0.0,0.0,0.0
20.70592427253723,1.4477299091076143,-0.38245261084454346,1.146022805506134,0.0,0.0,0.0
20.73976755142212,1.4528656852683774,-0.3709643679782023,1.1546286535894934,0.0,0.0,0.0
20.77363348007202,1.4578786524760017,-0.35949155484824125,1.1629466507448707,0.0,0.0,0.0
20.80784249305725,1.4628219079660922,-0.34791507446313363,1.1713988916670217,0.0,0.0,0.0
20.858394622802734,1.4700833120628818,-0.3303933818869477,1.184316611449777,0.0,0.0,0.0
20.892815828323364,1.4747792804023112,-0.3187113917891015,1.192683629953167,0.0,0.0,0.0
20.926792860031128,1.4793977983230489,-0.30693814224093885,1.2011401944634916,0.0,0.0,0.0
20.960455656051636,1.4839359525309685,-0.2950721985027093,1.2097459516836804,0.0,0.0,0.0
20.99449372291565,1.4883642704185702,-0.2831871980116652,1.2182957501946523,0.0,0.0,0.0
21.0292067527771,1.4926931510366315,-0.271263307323376,1.2267013959364548,0.0,0.0,0.0
21.079400539398193,1.4990199907282173,-0.2532415971111406,1.23952611747138,0.0,0.0,0.0
21.113913536071777,1.5030936573646707,-0.24123323235778035,1.2478201442921921,0.0,0.0,0.0
21.147446870803833,1.5070888326871141,-0.2291254548653292,1.256256315129742,0.0,0.0,0.0
21.181444883346558,1.5109977149146099,-0.21693031896500561,1.2648420420584081,0.0,0.0,0.0
21.21550488471985,1.514791832349881,-0.20473409707259918,1.2733388399632992,0.0,0.0,0.0
21.249677896499634,1.5184870277050175,-0.19249491314707823,1.2817225282382518,0.0,0.0,0.0
21.283464431762695,1.5220951108702199,-0.18016846977345805,1.2902603613811947,0.0,0.0,0.0
21.317524909973145,1.5255846441436955,-0.16785834473455571,1.298690469097343,0.0,0.0,0.0
21.35162115097046,1.5289759577063973,-0.15550312793479337,1.3070171921932636,0.0,0.0,0.0
21.385509729385376,1.532281367926089,-0.1430515955810317,1.3155260509083853,0.0,0.0,0.0
21.436357975006104,1.5370394158377072,-0.12432232569498271,1.3282875007189872,0.0,0.0,0.0
21.47049856185913,1.5400800744540613,-0.11180351584179804,1.3366537676389971,0.0,0.0,0.0
21.504377126693726,1.5430292018108644,-0.09919858246684139,1.3451823943820391,0.0,0.0,0.0
21.538618803024292,1.5458789193671114,-0.08652756549131199,1.353835607398479,0.0,0.0,0.0
21.572747707366943,1.5486057662247976,-0.07390055132707418,1.3622122104649919,0.0,0.0,0.0
21.606547355651855,1.5512392856706538,-0.06119064222980907,1.3706710748675393,0.0,0.0,0.0
21.64061737060547,1.5537685890622146,-0.04843686340727375,1.3792329921709139,0.0,0.0,0.0
21.674594402313232,1.5561792166589676,-0.03572139487479618,1.387509443406868,0.0,0.0,0.0
21.708790063858032,1.5584969029254863,-0.022914677037766094,1.395926513615987,0.0,0.0,0.0
21.74259090423584,1.560715747511592,-0.01002976415987185,1.4045036770707842,0.0,0.0,0.0
21.776616096496582,1.562817333137733,0.0028333230082164735,1.4129828509796816,0.0,0.0,0.0
21.81038475036621,1.5648137020524746,0.01573021752761889,1.4213489047063965,0.0,0.0,0.0
21.84438681602478,1.5667098227784049,0.028702734164834404,1.4298697085239784,0.0,0.0,0.0
21.878631830215454,1.5684991489981202,0.0417254784937172,1.4385048402510283,0.0,0.0,0.0
21.912633419036865,1.5701699087594096,0.05470338410705698,1.4468612472356392,0.0,0.0,0.0
21.946367740631104,1.57173942448301,0.06775760036705854,1.455321879211955,0.0,0.0,0.0
21.98042607307434,1.5732004764640868,0.08085108000547402,1.4638911787917053,0.0,0.0,0.0
22.014400243759155,1.574544245862597,0.0938914950289327,1.4721823973557995,0.0,0.0,0.0
22.049043893814087,1.575786401204904,0.10701654617495025,1.4805972139137487,0.0,0.0,0.0
22.08410882949829,1.5769533678594259,0.12059343222444208,1.4894084756801154,0.0,0.0,0.0
22.117769718170166,1.5779744048559095,0.13382926070210813,1.4980743477193346,0.0,0.0,0.0
22.151524305343628,1.5788780445094786,0.14701257262360182,1.5064710481295667,0.0,0.0,0.0
22.185539960861206,1.5796743955888222,0.1602606663541412,1.5149365114683528,0.0,0.0,0.0
22.21986985206604,1.580359235677369,0.17354396097703229,1.523510483696915,0.0,0.0,0.0
22.25339651107788,1.580929016057379,0.18677158477177844,1.531821642053448,0.0,0.0,0.0
22.28741955757141,1.5813908608253477,0.20006862799538555,1.5402271227369508,0.0,0.0,0.0
22.32159447669983,1.58174136448728,0.21342613545886788,1.5487865343515226,0.0,0.0,0.0
22.356138706207275,1.5819767435448613,0.2267505598013666,1.5572861355517873,0.0,0.0,0.0
22.38970160484314,1.5821005234181074,0.24009029521610917,1.5656366451647268,0.0,0.0,0.0
22.42362928390503,1.5821120173111085,0.2534855360523394,1.574129704700241,0.0,0.0,0.0
22.45768451690674,1.5820083540327492,0.266932759604747,1.582761295190877,0.0,0.0,0.0
22.491554737091064,1.581791045472478,0.28030584468273634,1.5911669192628217,0.0,0.0,0.0
22.52537441253662,1.581460343768431,0.29372945968851555,1.599579506785246,0.0,0.0,0.0
22.559319734573364,1.581014785855095,0.30718345852888695,1.6081204172724588,0.0,0.0,0.0
22.593419551849365,1.5804588351579663,0.3205685203497863,1.6163922531143105,0.0,0.0,0.0
22.627471685409546,1.5797879209058727,0.3340188485686046,1.6247710699454958,0.0,0.0,0.0
22.66161322593689,1.5790001782171508,0.3475165734946257,1.6332987914895902,0.0,0.0,0.0
22.695546627044678,1.5781002013878156,0.3609745786502062,1.6417724434965952,0.0,0.0,0.0
22.72968077659607,1.5770859700961806,0.37443740104647155,1.6500996854827763,0.0,0.0,0.0
22.76360011100769,1.5759543673957486,0.38794331936153637,1.6585643739036675,0.0,0.0,0.0
22.797457218170166,1.574713525322946,0.40139466387269057,1.6669563479359017,0.0,0.0,0.0
22.83146643638611,1.5733573889155916,0.41486165981883133,1.6752510421818703,0.0,0.0,0.0
22.86551260948181,1.5718815195326368,0.4283807899755521,1.6837121393554761,0.0,0.0,0.0
22.899462461471558,1.5702871397646139,0.4419176610882783,1.6922900536166816,0.0,0.0,0.0
22.933387517929077,1.568587350958098,0.45537570464642496,1.7005905065997642,0.0,0.0,0.0
22.967316389083862,1.5667646947105967,0.46889079099186326,1.709003746831892,0.0,0.0,0.0
23.001400232315063,1.5648199641639693,0.482441861526224,1.7175594604515043,0.0,0.0,0.0
23.03553557395935,1.5627664035319921,0.49594035868868647,1.7260405203777462,0.0,0.0,0.0
23.069417715072632,1.5605970016968933,0.5094295130135644,1.7343683795532,0.0,0.0,0.0
23.10358166694641,1.558304346971822,0.5229588073037438,1.742851372554557,0.0,0.0,0.0
23.13751459121704,1.5558871833595829,0.5365169829067837,1.751484767004512,0.0,0.0,0.0
23.17142415046692,1.5533694889120397,0.5499853672018914,1.759841638832231,0.0,0.0,0.0
23.205486059188843,1.5507259820368215,0.5634898001047762,1.7682632134567697,0.0,0.0,0.0
23.240159034729004,1.5479614747946422,0.5770053211168948,1.7768115640070778,0.0,0.0,0.0
23.290441513061523,1.5436175683005728,0.597166178302561,1.7892538192817995,0.0,0.0,0.0
23.324571132659912,1.5405640201970827,0.6106479297083066,1.7977040929356736,0.0,0.0,0.0
23.358786582946777,1.5373857471006869,0.6241457556461887,1.8062896354167466,0.0,0.0,0.0
23.392380952835083,1.5342106280887664,0.6371529747789905,1.8143617047968443,0.0,0.0,0.0
23.426843881607056,1.5307086303897053,0.6509869815237862,1.8230095720770252,0.0,0.0,0.0
23.46044898033142,1.5271775319146428,0.6644479267469043,1.83155790372561,0.0,0.0,0.0
23.494389057159424,1.5235391071357836,0.6778593423630912,1.8400483631923878,0.0,0.0,0.0
23.52914047241211,1.5197856917852488,0.6912405818148613,1.8483853161322419,0.0,0.0,0.0
23.563562631607056,1.515789483189206,0.705033989784603,1.857109658981,0.0,0.0,0.0
23.59755778312683,1.5117774917121507,0.7184455629130564,1.8657177442489088,0.0,0.0,0.0
23.631742000579834,1.5076774829390738,0.7317490376607282,1.874051367083964,0.0,0.0,0.0
23.66557264328003,1.5034465842287315,0.7450719469203585,1.882429018740364,0.0,0.0,0.0
23.70093083381653,1.4989607829788507,0.7587888380005193,1.8911963790972415,0.0,0.0,0.0
23.735167503356934,1.494520009720244,0.7719947814710996,1.8994169398695904,0.0,0.0,0.0
23.785655975341797,1.4876046762461441,0.7918642610489274,1.9119655181668471,0.0,0.0,0.0
23.81975793838501,1.482841244734063,0.8051023259513802,1.9204913509062271,0.0,0.0,0.0
23.853994131088257,1.4779901149551664,0.8182387265343458,1.9287242328778753,0.0,0.0,0.0
23.888864278793335,1.4728556028870936,0.8317860814522783,1.9373311022996371,0.0,0.0,0.0
23.93948459625244,1.4651354761071063,0.8515181396504952,1.9501253900911588,0.0,0.0,0.0
23.973865747451782,1.4600341890754536,0.8641708314697077,1.9581175139698201,0.0,0.0,0.0
24.007689714431763,1.4544816084873777,0.8776152624450058,1.9667277002915913,0.0,0.0,0.0
24.04174041748047,1.448950377677157,0.8906886134055813,1.9752770460505529,0.0,0.0,0.0
24.075475454330444,1.4433248626033055,0.9036825639474716,1.9837396709472253,0.0,0.0,0.0
24.109670400619507,1.4375834359015236,0.9166382819211539,1.9920605679279604,0.0,0.0,0.0
24.143795013427734,1.431709027017538,0.9295991039994099,2.0005392939511206,0.0,0.0,0.0
24.17762279510498,1.4257062687299815,0.9425476032846134,2.0091455694295624,0.0,0.0,0.0
24.2114679813385,1.41962763490897,0.9553814949124155,2.017458529947964,0.0,0.0,0.0
24.245761394500732,1.4134117836845284,0.9682195843274285,2.0258583999103252,0.0,0.0,0.0
24.279471397399902,1.4070713409880367,0.9810370989214117,2.0343852422901554,0.0,0.0,0.0
24.31385087966919,1.4006609198317754,0.9937334730066852,2.0426200481655767,0.0,0.0,0.0
24.347392320632935,1.3941071324371723,1.006444582722808,2.0509807802594344,0.0,0.0,0.0
24.381410121917725,1.3874207332061461,1.019148534888493,2.0594955234437777,0.0,0.0,0.0
24.416778326034546,1.3804407095128715,1.0321436662957344,2.0682081920547426,0.0,0.0,0.0
24.4506676197052,1.373550083430923,1.0447089270679046,2.0764979005741218,0.0,0.0,0.0
24.485116958618164,1.3665303257337462,1.057260105704672,2.0849135762265694,0.0,0.0,0.0
24.53559136390686,1.355792940223437,1.0759958165729047,2.097624460706124,0.0,0.0,0.0
24.569406509399414,1.348504764954131,1.0884057342455036,2.105921072150189,0.0,0.0,0.0
24.60345196723938,1.3410816573235618,1.1008062886768082,2.1143818411205464,0.0,0.0,0.0
24.637559175491333,1.3335888305237458,1.11309312676031,2.122719702014245,0.0,0.0,0.0
24.671746492385864,1.3259777621252038,1.1253391499470364,2.130962557749708,0.0,0.0,0.0
24.70583415031433,1.3182263725854855,1.1375821102395005,2.139396537503051,0.0,0.0,0.0
24.73979926109314,1.3103462041408205,1.1497974547476402,2.147958893093052,0.0,0.0,0.0
24.773942947387695,1.30241455101359,1.1618734437348772,2.1562508224293535,0.0,0.0,0.0
24.80816411972046,1.2943405409067594,1.1739408821546198,2.1646064726120193,0.0,0.0,0.0
24.842172145843506,1.2861356793625462,1.1859828629544877,2.173106397443889,0.0,0.0,0.0
24.87691378593445,1.2775932242892003,1.1982964249263612,2.1818497543852824,0.0,0.0,0.0
24.91110587120056,1.269201214134509,1.2101710841365307,2.1901064167787063,0.0,0.0,0.0
24.96155023574829,1.2563572923139268,1.2279476540270557,2.2028047058494504,0.0,0.0,0.0
24.996123790740967,1.2476760865008913,1.2397038264715066,2.211288901701355,0.0,0.0,0.0
25.03141498565674,1.2386325787580794,1.2517294586585848,2.219829572160843,0.0,0.0,0.0
25.081632614135742,1.225215200953144,1.2691825208220882,2.232508055481306,0.0,0.0,0.0
25.11676812171936,1.215897010266812,1.2810445367696055,2.241152303299513,0.0,0.0,0.0
25.15119504928589,1.206736980851,1.2924996039713912,2.249422747468057,0.0,0.0,0.0
25.18572974205017,1.1971714837921672,1.3042562262193191,2.258088621876444,0.0,0.0,0.0
25.219573259353638,1.1877527919011632,1.3156307270295138,2.2666442167146146,0.0,0.0,0.0
25.253711223602295,1.1783000056835022,1.3268584425925853,2.274888631774514,0.0,0.0,0.0
25.288084506988525,1.168704010246488,1.3380615631094523,2.2832205372444094,0.0,0.0,0.0
25.338417530059814,1.1540693264749868,1.3547863189073865,2.2960110578708735,0.0,0.0,0.0
25.372548818588257,1.1442438182671884,1.3657847504152898,2.3042710944914764,0.0,0.0,0.0
25.40647292137146,1.1342735424194883,1.3767548321385132,2.3126476707995507,0.0,0.0,0.0
25.440752506256104,1.1242038684325646,1.3876511766479305,2.321118465834447,0.0,0.0,0.0
25.474549770355225,1.1140907089206316,1.3984126731493374,2.329277806038243,0.0,0.0,0.0
25.508641004562378,1.1038269728340073,1.409153893216036,2.337611329424069,0.0,0.0,0.0
25.5424964427948,1.0934331736390863,1.419849274761113,2.34610720009755,0.0,0.0,0.0
25.576531410217285,1.0829884847827855,1.4304211972549652,2.3544832606331414,0.0,0.0,0.0
25.61063528060913,1.0724361076581175,1.4409220900004738,2.362756124646598,0.0,0.0,0.0
25.64471411705017,1.0617509866054513,1.4513784488763932,2.3712014400691106,0.0,0.0,0.0
25.67871069908142,1.0509558638599164,1.4617658823040311,2.3797658291707835,0.0,0.0,0.0
25.713554620742798,1.0398053405830734,1.47231573370921,2.3882530550102925,0.0,0.0,0.0
25.747682332992554,1.0288345855226761,1.4825184493289973,2.3966208576362362,0.0,0.0,0.0
25.781542778015137,1.0177433714484563,1.4926597422587753,2.4051162788230425,0.0,0.0,0.0
25.815653085708618,1.0065801575787563,1.5026988878237288,2.413604490277306,0.0,0.0,0.0
25.851168155670166,0.9953351827229459,1.5126381865487986,2.421878587181775,0.0,0.0,0.0
25.88486361503601,0.9839611558742042,1.5225230620574863,2.4303158118459947,0.0,0.0,0.0
25.919662475585938,0.972127507813035,1.5326291528121185,2.439158680723067,0.0,0.0,0.0
25.953558921813965,0.960613664668762,1.5422987241034527,2.4474174420277084,0.0,0.0,0.0
25.987550735473633,0.9489684958876703,1.5519100771689036,2.455754325890156,0.0,0.0,0.0
26.022069454193115,0.9371944931392721,1.5614613924774317,2.4642678139220084,0.0,0.0,0.0
26.057069540023804,0.9250181587050661,1.5711707018948267,2.4729427489322857,0.0,0.0,0.0
26.091365814208984,0.9131043829830428,1.5805030099134847,2.4812107323899495,0.0,0.0,0.0
26.12601137161255,0.900718280894649,1.5900376247106878,2.48986179968264,0.0,0.0,0.0
26.159787893295288,0.8885790528649102,1.599217516539173,2.4983923544044115,0.0,0.0,0.0
26.193774461746216,0.876427334982012,1.6082513971157533,2.5065949279115807,0.0,0.0,0.0
26.228771924972534,0.8645010725824025,1.6169645255117502,2.514681231973771,0.0,0.0,0.0
26.262753009796143,0.8517294422410683,1.6261308223671669,2.52341470753083,0.0,0.0,0.0
26.296912670135498,0.8392730128036803,1.6349141602753292,2.531858344417955,0.0,0.0,0.0
26.330822944641113,0.8267337119912554,1.6435960771864186,2.540124310976836,0.0,0.0,0.0
26.36497688293457,0.8140733245055294,1.6522062314880994,2.548556692718981,0.0,0.0,0.0
26.39871072769165,0.8013057207958231,1.660731118448043,2.5571217373109745,0.0,0.0,0.0
26.43301558494568,0.7885323233963621,1.66911001221536,2.565368747629833,0.0,0.0,0.0
26.467332124710083,0.7760152752902943,1.6771715600593715,2.5734633324957454,0.0,0.0,0.0
26.501087188720703,0.7629965482022751,1.685403527918819,2.5819826158611283,0.0,0.0,0.0
26.53586483001709,0.7495411074195185,1.6937539347332426,2.5907174096196735,0.0,0.0,0.0
26.56983232498169,0.7363957651443613,1.7017537165326406,2.599025160389922,0.0,0.0,0.0
26.60422706604004,0.7231406841249604,1.709669266219696,2.607466981081637,0.0,0.0,0.0
26.65480327606201,0.7031150781333793,1.7213456184687614,2.620216183350265,0.0,0.0,0.0
26.689091682434082,0.689691469804818,1.7289819805796456,2.628488243840098,0.0,0.0,0.0
26.722912788391113,0.6761580619636601,1.7365322827746397,2.6369091812906795,0.0,0.0,0.0
26.757097721099854,0.662604416502968,1.7439487009395052,2.6452303842291283,0.0,0.0,0.0
26.790996074676514,0.6489739103058005,1.7512585512922845,2.6534229785225905,0.0,0.0,0.0
26.825044870376587,0.635227039148365,1.7584850600464417,2.6618013742393782,0.0,0.0,0.0
26.859264373779297,0.6213774191586684,1.7656162792832222,2.6703366456678963,0.0,0.0,0.0
26.89298963546753,0.6075402762913201,1.7725984080304038,2.678563186750399,0.0,0.0,0.0
26.926888704299927,0.5935847514926268,1.779493095443086,2.6868827547090373,0.0,0.0,0.0
26.960896015167236,0.5795191648564227,1.7862954545205292,2.695374429889863,0.0,0.0,0.0
26.994940280914307,0.5654252986491348,1.7929677592462552,2.7038072727956894,0.0,0.0,0.0
27.028762817382812,0.551271602069415,1.7995216225416855,2.7120550483382235,0.0,0.0,0.0
27.062743425369263,0.5370070381951497,1.8059830282001252,2.720478233209347,0.0,0.0,0.0
27.09687113761902,0.522729261333913,1.8123089743598877,2.728821354919085,0.0,0.0,0.0
27.131078481674194,0.5083874927946697,1.818519599698129,2.737013494695861,0.0,0.0,0.0
27.165520429611206,0.4939330423282954,1.8246374725583279,2.745398716298564,0.0,0.0,0.0
27.19996976852417,0.47895652076026457,1.830824869211906,2.754185813063621,0.0,0.0,0.0
27.23399519920349,0.4644479067537166,1.8366781255519957,2.7624020658450075,0.0,0.0,0.0
27.26771092414856,0.44981890910345296,1.8424373065429394,2.7706899675346808,0.0,0.0,0.0
27.301764726638794,0.43508715910097095,1.8480948365827867,2.779153881822631,0.0,0.0,0.0
27.336110830307007,0.4203345556078908,1.8536201804305341,2.7876062284372853,0.0,0.0,0.0
27.387327909469604,0.3980969473740384,1.8616819088651873,2.8000067954919428,0.0,0.0,0.0
27.420774698257446,0.3831483004176479,1.866925072667417,2.8084795582587447,0.0,0.0,0.0
27.45491862297058,0.3681800340250014,1.8720354391899594,2.816926018513138,0.0,0.0,0.0
27.488982915878296,0.3531688077321112,1.8770190402102105,2.825164260494666,0.0,0.0,0.0
27.522860765457153,0.33806221449837015,1.881895119741936,2.8335610880904696,0.0,0.0,0.0
27.55690598487854,0.322958839965989,1.8866324893592197,2.841884181269116,0.0,0.0,0.0
27.590813398361206,0.30779395464120185,1.8912505327699631,2.850081414469067,0.0,0.0,0.0
27.624582052230835,0.2925277373853994,1.8957614648393721,2.8584712141446973,0.0,0.0,0.0
27.65903067588806,0.27719696046988135,1.900151157072946,2.866976111041512,0.0,0.0,0.0
27.69273567199707,0.26190829461841675,1.9043927623985506,2.8751631186490996,0.0,0.0,0.0
27.727471590042114,0.24650390546855272,1.9085281511379077,2.883479490230767,0.0,0.0,0.0
27.76208782196045,0.23055718352985555,1.9126636385173208,2.892205602297804,0.0,0.0,0.0
27.79619526863098,0.21507969224121098,1.9165360092902963,2.9005810696308227,0.0,0.0,0.0
27.83083939552307,0.19910326037787393,1.920391303952843,2.9090257244710007,0.0,0.0,0.0
27.865076303482056,0.18349468080165898,1.9240191182944115,2.9173887026267953,0.0,0.0,0.0
27.89932370185852,0.1678185396217378,1.9275234479253764,2.92589377652833,0.0,0.0,0.0
27.933047771453857,0.15218227168687815,1.9308814827679048,2.9340991963696625,0.0,0.0,0.0
27.983789443969727,0.12855570565656224,1.9357014902273857,2.9466242512790783,0.0,0.0,0.0
28.01782989501953,0.1127084653315377,1.9387602468282543,2.9551771189112954,0.0,0.0,0.0
28.051724910736084,0.09691202467522522,1.9416709657451332,2.963445482888064,0.0,0.0,0.0
28.08565878868103,0.08102893884706643,1.9444624940673145,2.9717653080318267,0.0,0.0,0.0
28.120002031326294,0.06509402983389972,1.9471252958930023,2.980220611913493,0.0,0.0,0.0
28.153847694396973,0.04922537952949561,1.9496415533331684,2.9883560123837074,0.0,0.0,0.0
28.188382863998413,0.033250983192905474,1.9520412947558883,2.996611991330953,0.0,0.0,0.0
28.223095893859863,0.016718451937561146,1.9543815747271542,3.0053186405448327,0.0,0.0,0.0
28.258596658706665,0.00022083062072079506,1.9565700124347454,3.0139542473444525,0.0,0.0,0.0
28.30896830558777,-0.023888451163186525,1.959513136789034,3.026271932971412,0.0,0.0,0.0
28.342657804489136,-0.040058194909689225,1.96131695096552,3.0347013238270746,0.0,0.0,0.0
28.376731157302856,-0.056183813792686894,1.9629779969325585,3.0430495909636823,0.0,0.0,0.0
28.41067147254944,-0.07235150998178154,1.9645092842147711,3.0512477862525373,0.0,0.0,0.0
28.445120811462402,-0.08859869456329475,1.9659122848535353,3.0596358477470553,0.0,0.0,0.0
28.47883105278015,-0.10489902911121182,1.9671808075193162,3.0681724296950867,0.0,0.0,0.0
28.51373314857483,-0.12160929139566988,1.9683375264948877,3.076668211027928,0.0,0.0,0.0
28.54802393913269,-0.13792305600448582,1.969329811492973,3.0849843279671663,0.0,0.0,0.0
28.582015991210938,-0.15429326379836353,1.9701877647995263,3.093439872073635,0.0,0.0,0.0
28.615678787231445,-0.1706252614656203,1.9709049965811969,3.101836242507029,0.0,0.0,0.0
28.65002131462097,-0.18698080210981674,1.9714879825524843,3.1100488292910957,0.0,0.0,0.0
28.6836941242218,-0.2034012813238947,1.9719369759449465,3.118432048170854,0.0,0.0,0.0
28.718037366867065,-0.2198698110319372,1.9722477466672228,3.1269711630265467,0.0,0.0,0.0
28.75182342529297,-0.23626729377575567,1.9724186785085316,3.1352454994464543,0.0,0.0,0.0
28.786051750183105,-0.252730589351443,1.972454492498152,-3.1396317700416323,0.0,0.0,0.0
28.820140600204468,-0.2692390477636082,1.9723518505635258,-3.131163009814511,0.0,0.0,0.0
28.853801488876343,-0.2856578014451001,1.9721123584448936,-3.1229528579498202,0.0,0.0,0.0
28.88782238960266,-0.3021476925315652,1.9717366819278506,-3.1147072833891967,0.0,0.0,0.0
28.921796560287476,-0.3186958902266546,1.9712215411539245,-3.1062746993229604,0.0,0.0,0.0
28.955910682678223,-0.33472341571279235,1.9705892587909868,-3.098090554442808,0.0,0.0,0.0
28.989763259887695,-0.35172849694888975,1.9697766353622483,-3.08962779817334,0.0,0.0,0.0
29.023983478546143,-0.3682970742036903,1.9688449425304548,-3.081247260376906,0.0,0.0,0.0
29.05810856819153,-0.38490185282080874,1.9677702329624656,-3.0727192080040218,0.0,0.0,0.0
29.092373609542847,-0.4014223848202962,1.9665621943757614,-3.0644626607123318,0.0,0.0,0.0
29.126063108444214,-0.41799238496119945,1.9652122707139164,-3.056178206089097,0.0,0.0,0.0
29.159950256347656,-0.4346012604925982,1.963719092875204,-3.0477260629407126,0.0,0.0,0.0
29.193938970565796,-0.4510985502841713,1.962097965075813,-3.0395428593770775,0.0,0.0,0.0
29.228445529937744,-0.467667632891747,1.9603318304806039,-3.031296501743897,0.0,0.0,0.0
29.26308560371399,-0.4847668984290764,1.9583628247001956,-3.0226244781233764,0.0,0.0,0.0
29.297390699386597,-0.5012992620579906,1.956317388252365,-3.014263466812681,0.0,0.0,0.0
29.333804845809937,-0.5188138832879037,1.9539977481256119,-3.0056135484994426,0.0,0.0,0.0
29.36795401573181,-0.5358827092679959,1.9515873814567664,-2.9970387241725533,0.0,0.0,0.0
29.40176224708557,-0.5524842641161959,1.949098754381016,-2.9885985204770815,0.0,0.0,0.0
29.43570351600647,-0.5690130319258921,1.9464803753872175,-2.980240274893354,0.0,0.0,0.0
29.469863414764404,-0.5855383487995424,1.9437208919323998,-2.9720643634081467,0.0,0.0,0.0
29.50380802154541,-0.6021012335965592,1.9408142834407345,-2.9637132295157906,0.0,0.0,0.0
29.554754734039307,-0.6269395832678787,1.9361869541619872,-2.950989757815472,0.0,0.0,0.0
29.588830947875977,-0.6434477187213281,1.932931126914799,-2.942767938262332,0.0,0.0,0.0
29.62292790412903,-0.6599909414221151,1.9295253344933376,-2.9343741707264206,0.0,0.0,0.0
29.656787633895874,-0.6764506357254327,1.9259946526684275,-2.9260436092884947,0.0,0.0,0.0
29.691116333007812,-0.6929028907815179,1.9223217045661494,-2.917883872082926,0.0,0.0,0.0
29.724574327468872,-0.7093883951294582,1.9184983526103492,-2.909542118239453,0.0,0.0,0.0
29.758605480194092,-0.7258786506592009,1.9145271801675712,-2.9010460079053457,0.0,0.0,0.0
29.7926926612854,-0.7422590824878331,1.9104400253554241,-2.8928532349096967,0.0,0.0,0.0
29.826696634292603,-0.758678113905754,1.9061969182888931,-2.884573620172514,0.0,0.0,0.0
29.86047911643982,-0.7746272094903162,1.9019348245942316,-2.8763856810124806,0.0,0.0,0.0
29.894933223724365,-0.7914858008109201,1.8972793656144313,-2.8677379870957935,0.0,0.0,0.0
29.929394960403442,-0.8078263373010971,1.8926162753831073,-2.8595190867422753,0.0,0.0,0.0
29.96404790878296,-0.8246634489811583,1.8876577983270757,-2.8508867601964725,0.0,0.0,0.0
30.014687538146973,-0.8491204632615569,1.8801740411003935,-2.838251713748256,0.0,0.0,0.0
30.049001216888428,-0.8653707192124317,1.8750142100592995,-2.8300514547547366,0.0,0.0,0.0
30.0826416015625,-0.8816334231260726,1.8697016907650472,-2.8216779861394907,0.0,0.0,0.0
30.116690397262573,-0.8977940515077293,1.8642753555073301,-2.813378658355076,0.0,0.0,0.0
30.15064001083374,-0.9139298684520313,1.858707022582289,-2.805244849837968,0.0,0.0,0.0
30.184957265853882,-0.9300877992437048,1.85298175755273,-2.796913052406339,0.0,0.0,0.0
30.218644380569458,-0.946234680453997,1.8471069949748373,-2.7884212640762684,0.0,0.0,0.0
30.252692222595215,-0.9622529535625715,1.841130917427311,-2.780245767774963,0.0,0.0,0.0
30.286813974380493,-0.9782935104174173,1.834992457568954,-2.7719792226838846,0.0,0.0,0.0
30.320963382720947,-0.9943413869291868,1.8286967381633312,-2.763516080251586,0.0,0.0,0.0
30.355085134506226,-1.0102908232853922,1.8222877204828187,-2.7551462997455687,0.0,0.0,0.0
30.389046907424927,-1.0262051579662423,1.8157355493997196,-2.746941162972909,0.0,0.0,0.0
30.422849416732788,-1.0421236760937855,1.8090267301640832,-2.7385473329532513,0.0,0.0,0.0
30.456856966018677,-1.0579317368636816,1.8022112362859712,-2.7302224057177766,0.0,0.0,0.0
30.490737676620483,-1.0737038857992272,1.7952535356175559,-2.7220681074464723,0.0,0.0,0.0
30.52513599395752,-1.089483032885746,1.7881365966547365,-2.71371966233921,0.0,0.0,0.0
30.575750589370728,-1.1130321551300308,1.7772201221662591,-2.7011455548711716,0.0,0.0,0.0
30.609901428222656,-1.128660115125539,1.7697756426780231,-2.6929521359203354,0.0,0.0,0.0
30.64391279220581,-1.14428637226467,1.7621724271787245,-2.684563557446925,0.0,0.0,0.0
30.677790641784668,-1.1598792052630686,1.754421425835632,-2.6760309662346846,0.0,0.0,0.0
30.71196174621582,-1.1753411713194621,1.7465783761395104,-2.6678322502793033,0.0,0.0,0.0
30.76265048980713,-1.1985243704332242,1.7345085759660712,-2.655314728862642,0.0,0.0,0.0
30.7968270778656,-1.2138624318588773,1.7263217363842855,-2.6469820146800624,0.0,0.0,0.0
30.830931663513184,-1.2291490752936312,1.7179965724274417,-2.638828450221048,0.0,0.0,0.0
30.864659786224365,-1.2444255225345546,1.7095127070150429,-2.630489617055513,0.0,0.0,0.0
30.89888644218445,-1.259661702333261,1.700882503252557,-2.62199417152155,0.0,0.0,0.0
30.932819843292236,-1.2747564172902657,1.6921699586274352,-2.613831835260556,0.0,0.0,0.0
30.967063903808594,-1.2898474650548803,1.6832892924926894,-2.6055540371795596,0.0,0.0,0.0
31.001139163970947,-1.3049141839746419,1.6742521531811723,-2.597092264028043,0.0,0.0,0.0
31.03473472595215,-1.3198693040093175,1.6651142764433597,-2.5887047061849042,0.0,0.0,0.0
31.068908214569092,-1.3347619540012186,1.655839650601541,-2.580499850826388,0.0,0.0,0.0
31.102858066558838,-1.3496278895850844,1.646409452511721,-2.572115361991556,0.0,0.0,0.0
31.13712978363037,-1.3643491782514257,1.6369020534129346,-2.5638592453049642,0.0,0.0,0.0
31.188032865524292,-1.38635691623714,1.6223616278732382,-2.55157390634688,0.0,0.0,0.0
31.22188901901245,-1.4009925233109706,1.6124722254018682,-2.5431519683089197,0.0,0.0,0.0
31.2558171749115,-1.4155061016352684,1.6024914582689969,-2.534800693844636,0.0,0.0,0.0
31.290538549423218,-1.4299530578923314,1.59237542327424,-2.526617652664183,0.0,0.0,0.0
31.324675798416138,-1.4443720624601943,1.5820995468520116,-2.518236564899728,0.0,0.0,0.0
31.37570548057556,-1.4662564503485023,1.5661548075261373,-2.5053409891089866,0.0,0.0,0.0
31.41031241416931,-1.480450059260447,1.5555796849568408,-2.4971674407533015,0.0,0.0,0.0
31.444266319274902,-1.4946060124692457,1.5448492619896126,-2.4888076313444554,0.0,0.0,0.0
31.4789822101593,-1.50912183758914,1.5336488350815463,-2.480032536114756,0.0,0.0,0.0
31.512766361236572,-1.523061210151798,1.5227090128948315,-2.471845269784012,0.0,0.0,0.0
31.547034978866577,-1.5369638302618132,1.511606791865969,-2.4635976210516706,0.0,0.0,0.0
31.580732822418213,-1.5508213210485953,1.500349783984383,-2.455152581935448,0.0,0.0,0.0
31.614977598190308,-1.5645487621909304,1.4890111489667266,-2.4467877654100887,0.0,0.0,0.0
31.649093866348267,-1.5781961135633769,1.477542098624971,-2.4386058677051823,0.0,0.0,0.0
31.682737588882446,-1.5917932473490222,1.4659215961085381,-2.430241410429675,0.0,0.0,0.0
31.716700553894043,-1.6052455923506144,1.454234042350968,-2.4219601009337124,0.0,0.0,0.0
31.750786542892456,-1.618617463817001,1.4424186812879238,-2.4138499538402316,0.0,0.0,0.0
31.78525686264038,-1.6319508028126966,1.4304405035048493,-2.405518031296876,0.0,0.0,0.0
31.8359956741333,-1.6517611033660156,1.4122701467948948,-2.392961664112644,0.0,0.0,0.0
31.86964774131775,-1.6648374369938668,1.400022248954956,-2.3848078773808634,0.0,0.0,0.0
31.904149532318115,-1.6778649825052239,1.3876164755325924,-2.3764362919066673,0.0,0.0,0.0
31.93825054168701,-1.690814209529154,1.37507430927629,-2.3679120566275755,0.0,0.0,0.0
31.971730709075928,-1.703603394205143,1.362485663313947,-2.3597287223793013,0.0,0.0,0.0
32.00561857223511,-1.7163403197825513,1.3497340144974124,-2.3514443684539237,0.0,0.0,0.0
32.040123462677,-1.7290006651944154,1.3368440592252735,-2.3429890379012845,0.0,0.0,0.0
32.09092831611633,-1.7477045565186413,1.317408879554716,-2.3307784743055007,0.0,0.0,0.0
32.125125885009766,-1.7601140177790797,1.304242915293494,-2.3224359614888823,0.0,0.0,0.0
32.15894174575806,-1.7724291760484963,1.2909552476013766,-2.313969647306785,0.0,0.0,0.0
32.192903995513916,-1.7845814805508833,1.2776275101242867,-2.3058499522419442,0.0,0.0,0.0
32.22667956352234,-1.7966777072238782,1.2641371744534606,-2.297599906458868,0.0,0.0,0.0
32.26136779785156,-1.8086988727129052,1.250502360722524,-2.2891604068815274,0.0,0.0,0.0
32.29487347602844,-1.8205863509109348,1.2367945850017679,-2.280745067915184,0.0,0.0,0.0
32.32907962799072,-1.8323642270008313,1.2229765959327286,-2.2725580409264596,0.0,0.0,0.0
32.36286401748657,-1.8440663435432512,1.2090157017766152,-2.2641892217450623,0.0,0.0,0.0
32.3968026638031,-1.8556068768063898,1.1950165686261283,-2.255922242047889,0.0,0.0,0.0
32.430957317352295,-1.8670510824840176,1.1808961553129393,-2.247808830079287,0.0,0.0,0.0
32.46490693092346,-1.8784259076865502,1.1666232089035518,-2.239482973712467,0.0,0.0,0.0
32.49891972541809,-1.8897072350693866,1.1522199634333192,-2.2309923247519774,0.0,0.0,0.0
32.53278183937073,-1.9008069896177486,1.1378099728398205,-2.2228411864645663,0.0,0.0,0.0
32.566858530044556,-1.9118438628721837,1.1232300303375216,-2.214586767089385,0.0,0.0,0.0
32.60092616081238,-1.9227916935248837,1.1085132145993224,-2.206145339634751,0.0,0.0,0.0
32.63471484184265,-1.9335997345507692,1.0937322818595063,-2.1977428452934467,0.0,0.0,0.0
32.669413805007935,-1.9442855160972827,1.0788549161535126,-2.1895693763803545,0.0,0.0,0.0
32.70386099815369,-1.9551951083745678,1.063394140828718,-2.1809548601238444,0.0,0.0,0.0
32.73773908615112,-1.965686643055189,1.0482510215660286,-2.172441517715773,0.0,0.0,0.0
32.77163124084473,-1.9760016490781567,1.033102704618468,-2.164273225407535,0.0,0.0,0.0
32.80605983734131,-1.986233799634306,1.017800690160534,-2.1560299771931413,0.0,0.0,0.0
32.8408100605011,-1.9966455190901709,1.0019419010069528,-2.147381845261494,0.0,0.0,0.0
32.874664068222046,-2.0065757746959316,0.986541455839515,-2.1393612176515084,0.0,0.0,0.0
32.90904498100281,-2.0164388634388573,0.9709666973724556,-2.131180862126009,0.0,0.0,0.0
32.94308137893677,-2.026206458097856,0.9552553150362844,-2.1227797785110005,0.0,0.0,0.0
32.97686529159546,-2.035801295302669,0.9395360129381797,-2.1144843526545514,0.0,0.0,0.0
33.01087832450867,-2.0452863347594867,0.923699793797216,-2.106355102637559,0.0,0.0,0.0
33.04468274116516,-2.0546796778218175,0.9077201090824779,-2.0980074565497295,0.0,0.0,0.0
33.07872939109802,-2.063954579876396,0.8916318748943911,-2.0895046517132068,0.0,0.0,0.0
33.11443281173706,-2.0733191336920704,0.8750743422630449,-2.0811072162613207,0.0,0.0,0.0
33.148746967315674,-2.0825858452772064,0.8583540560755365,-2.072599886640357,0.0,0.0,0.0
33.18291521072388,-2.0914715808425868,0.8419962863597444,-2.0642004228690753,0.0,0.0,0.0
33.21689963340759,-2.100183547014804,0.8256397318900733,-2.05590614794954,0.0,0.0,0.0
33.25138854980469,-2.1087739032098356,0.8091834435146368,-2.047810294264211,0.0,0.0,0.0
33.285441875457764,-2.1172674110263454,0.7925813459013625,-2.0394804087019978,0.0,0.0,0.0
33.33585548400879,-2.1297457688530725,0.7675529052192007,-2.026883051255916,0.0,0.0,0.0
33.369664430618286,-2.1378929452161253,0.7507738915519917,-2.018716451975347,0.0,0.0,0.0
33.404730796813965,-2.1459279206763844,0.733872334277388,-2.010359435998218,0.0,0.0,0.0
33.43906021118164,-2.1540691315878426,0.716360770022806,-2.0015595884609714,0.0,0.0,0.0
33.47324204444885,-2.161792544490786,0.699382921019533,-1.99339103234842,0.0,0.0,0.0
33.506747245788574,-2.169410517047224,0.6822558805527814,-1.985154297034763,0.0,0.0,0.0
33.54068470001221,-2.176907685382056,0.6650147794638088,-1.9767323278944964,0.0,0.0,0.0
33.57526087760925,-2.1842484210832285,0.647745049745242,-1.9683057226991838,0.0,0.0,0.0
33.611440896987915,-2.1914422872928987,0.6304153530717118,-1.9601726416502403,0.0,0.0,0.0
33.645390033721924,-2.1985215310875397,0.6129569868838801,-1.9518264998225419,0.0,0.0,0.0
33.67906999588013,-2.205472223143313,0.595390432148611,-1.9432959182496357,0.0,0.0,0.0
33.71333956718445,-2.2122457373676285,0.577852915664732,-1.9350882322953282,0.0,0.0,0.0
33.74761700630188,-2.2188984305808206,0.560189616828959,-1.9268384033107628,0.0,0.0,0.0
33.782312631607056,-2.2256111316606657,0.5418976926365107,-1.9181580615313918,0.0,0.0,0.0
33.81621074676514,-2.231965853878722,0.5241247525458563,-1.90979526720384,0.0,0.0,0.0
33.85001254081726,-2.238178113227563,0.5062768783091158,-1.901671192053463,0.0,0.0,0.0
33.88426184654236,-2.244264922175578,0.4883151491662397,-1.8933278038225112,0.0,0.0,0.0
33.91801428794861,-2.250214220167694,0.4702591161861826,-1.8848307197860539,0.0,0.0,0.0
33.952152252197266,-2.255991501889442,0.4522270631437968,-1.876604635998037,0.0,0.0,0.0
33.98684048652649,-2.2616362573946143,0.43408980568560523,-1.8683749663919424,0.0,0.0,0.0
34.036933183670044,-2.2698451487896523,0.4067070779297134,-1.8556900996924401,0.0,0.0,0.0
34.07142901420593,-2.2751082651053958,0.38847245647519,-1.8475373427275592,0.0,0.0,0.0
34.10508584976196,-2.2802398446571877,0.3701198583816738,-1.8393025857533278,0.0,0.0,0.0
34.13934373855591,-2.285226370917045,0.35169714436828614,-1.830903495615746,0.0,0.0,0.0
34.17308950424194,-2.2900417501623127,0.3333157056147853,-1.8228401494185396,0.0,0.0,0.0
34.207539558410645,-2.294727232575992,0.3148097776859174,-1.8146542612993406,0.0,0.0,0.0
34.242581367492676,-2.299403742783495,0.29566387770381003,-1.8060252782231085,0.0,0.0,0.0
34.27630543708801,-2.303778764255447,0.2770755141623044,-1.7976493309066734,0.0,0.0,0.0
34.310237407684326,-2.308001863497417,0.2584374649434476,-1.7895633348713331,0.0,0.0,0.0
34.344616651535034,-2.31208649159966,0.239701730645823,-1.7812765737839384,0.0,0.0,0.0
34.378448724746704,-2.3160248341121137,0.22087733809222448,-1.772777598159629,0.0,0.0,0.0
34.41246485710144,-2.3197876656592715,0.20212191362528104,-1.7645965022933305,0.0,0.0,0.0
34.4471070766449,-2.3235148976730997,0.18269883101107484,-1.7561419006208112,0.0,0.0,0.0
34.48138475418091,-2.3269849974715937,0.16375507978145354,-1.7477708275173518,0.0,0.0,0.0
34.51550221443176,-2.3302906168227406,0.144824159002659,-1.7394036900733145,0.0,0.0,0.0
34.550116539001465,-2.333531606571234,0.12529390283066658,-1.731066836977777,0.0,0.0,0.0
34.584243297576904,-2.336531480404964,0.10623757070265355,-1.7227801158231106,0.0,0.0,0.0
34.61833620071411,-2.3393785243462926,0.08711157310889715,-1.7143395189072645,0.0,0.0,0.0
34.653026819229126,-2.342053829083998,0.06805877546667956,-1.7061501543630964,0.0,0.0,0.0
34.703418254852295,-2.3457903612432927,0.03930430136919498,-1.6938109848158052,0.0,0.0,0.0
34.737128257751465,-2.348075971311715,0.020175932713433913,-1.6855693345784912,0.0,0.0,0.0
34.77122449874878,-2.3502109816174124,0.0009770103222936945,-1.6775044749697499,0.0,0.0,0.0
34.804938077926636,-2.352196349490591,-0.018306099585124712,-1.6692404012114983,0.0,0.0,0.0
34.83907389640808,-2.3540230282526315,-0.03763484507692465,-1.6607992691340612,0.0,0.0,0.0
34.873520612716675,-2.3556818505141908,-0.05687929758664478,-1.6526899065413942,0.0,0.0,0.0
34.90795111656189,-2.357233551738192,-0.07681422079648646,-1.6442268047449256,0.0,0.0,0.0
34.94208383560181,-2.3585808399779946,-0.09624260338148313,-1.635828552815141,0.0,0.0,0.0
34.97601246833801,-2.3597609754350635,-0.11560878031845913,-1.6274900713249,0.0,0.0,0.0
35.010093688964844,-2.360784050330335,-0.13502490514522417,-1.619375887867087,0.0,0.0,0.0
35.04413676261902,-2.3616507153468596,-0.15451645654598797,-1.6110567056710032,0.0,0.0,0.0
35.07822847366333,-2.362354933804947,-0.17406199859716662,-1.602558367954744,0.0,0.0,0.0
35.125269651412964,-2.0889652383533277,-1.3672725217847528,-1.0878922069535997,0.0,0.0,0.0
35.15966725349426,-2.0895158958603557,-1.3749804545918385,-1.0798071001335765,0.0,0.0,0.0
35.193371295928955,-2.101011299646074,-1.3713386399186152,-1.071766501141759,0.0,0.0,0.0
35.227362394332886,-2.116192758850927,-1.3563482978325265,-1.0633645524721,0.0,0.0,0.0
35.26138639450073,-2.1324344985630326,-1.3314241047696163,-1.0543143800149082,0.0,0.0,0.0
35.29540777206421,-2.149731901429981,-1.3042424871915457,-1.0439905346680198,0.0,0.0,0.0
35.32923698425293,-2.1679306518415538,-1.2761443887296877,-1.032284979175009,0.0,0.0,0.0
35.36358141899109,-2.187089232581843,-1.2470714989527318,-1.0191877918551318,0.0,0.0,0.0
35.39739751815796,-2.2072043987579906,-1.2170273306351338,-1.0047012117434573,0.0,0.0,0.0
35.43162488937378,-2.228022134878394,-1.1860634938416215,-0.9888236518195466,0.0,0.0,0.0
35.465707540512085,-2.2488599971280925,-1.1550061768269724,-0.9716390297794347,0.0,0.0,0.0
35.49952411651611,-2.26927108678893,-1.1256299903760338,-0.9532686250372492,0.0,0.0,0.0
35.53354287147522,-2.2887126097280817,-1.098788523454075,-0.9338054051541504,0.0,0.0,0.0
35.56781005859375,-2.307635567994402,-1.073735126742203,-0.9132040254097471,0.0,0.0,0.0
35.61831617355347,-2.3350631707223553,-1.0393495205072476,-0.8800867912808045,0.0,0.0,0.0
35.65234041213989,-2.3520755342737965,-1.0192510472491076,-0.8566126862485796,0.0,0.0,0.0
35.686482667922974,-2.36850139113299,-1.000767538504078,-0.8319752575393603,0.0,0.0,0.0
35.720359325408936,-2.384332651825427,-0.9838362160715828,-0.8061602239219708,0.0,0.0,0.0
35.75462055206299,-2.399354077986931,-0.968597873310228,-0.7791918910853624,0.0,0.0,0.0
35.78846311569214,-2.413417459828056,-0.9551053252046978,-0.7511053596158447,0.0,0.0,0.0
35.82262110710144,-2.426798746512754,-0.9429899407535315,-0.7218809409731687,0.0,0.0,0.0
35.85658860206604,-2.4391374890228765,-0.9324737175502765,-0.6915484481381081,0.0,0.0,0.0
35.89037609100342,-2.4504162218933745,-0.9234519452455208,-0.6600976145099471,0.0,0.0,0.0
35.92435669898987,-2.4609352971443883,-0.9155815398160572,-0.6274996857217833,0.0,0.0,0.0
35.95856428146362,-2.4706426637531536,-0.9088126918671132,-0.5937777669140424,0.0,0.0,0.0
35.99247694015503,-2.4790863536721814,-0.9033566772801673,-0.558995909434617,0.0,0.0,0.0
36.026355266571045,-2.486461708989422,-0.8989584073500123,-0.5231559759423742,0.0,0.0,0.0
36.06037378311157,-2.492913783278583,-0.895424324259862,-0.48625840180964264,0.0,0.0,0.0
36.09444212913513,-2.498226011048836,-0.8927784928607754,-0.4483402813983632,0.0,0.0,0.0
36.128411293029785,-2.5024480571201546,-0.8908841866052589,-0.4094127386147401,0.0,0.0,0.0
36.162535429000854,-2.5057014451922397,-0.8895832330287852,-0.36948515651635583,0.0,0.0,0.0
36.196481704711914,-2.50780657250386,-0.8888483835706824,-0.3286006469327456,0.0,0.0,0.0
36.23046088218689,-2.5089721582098585,-0.8885101911761346,-0.28785385687470366,0.0,0.0,0.0
36.26449728012085,-2.509328100437463,-0.8884352888630899,-0.24816143340179378,0.0,0.0,0.0
36.298463344573975,-2.5088904212597263,-0.8885602767296459,-0.20950893971757598,0.0,0.0,0.0
36.33272838592529,-2.507517583609355,-0.8888426352560191,-0.17187919375520314,0.0,0.0,0.0
36.36635446548462,-2.5054433009541475,-0.8891747429883112,-0.1352261093240341,0.0,0.0,0.0
36.4003369808197,-2.502611174240392,-0.8895157121307763,-0.09952625629725484,0.0,0.0,0.0
36.43479800224304,-2.49910713100526,-0.8897972439129732,-0.06474377082887349,0.0,0.0,0.0
36.4684624671936,-2.4949993081292154,-0.8899920513534794,-0.030847143219034555,0.0,0.0,0.0
36.5023558139801,-2.490381724826555,-0.8900509579346808,0.0022001228802044056,0.0,0.0,0.0
36.53628635406494,-2.485323331909245,-0.8899659635945815,0.03441980634165103,0.0,0.0,0.0
36.57074189186096,-2.479862460170171,-0.8897025286958035,0.06579758312427811,0.0,0.0,0.0
36.60423445701599,-2.4740111021999867,-0.8892386780781769,0.09631367091245564,0.0,0.0,0.0
36.63878512382507,-2.4702218715582487,-0.8920223996971526,0.1264580756555278,0.0,0.0,0.0
36.67250180244446,-2.4678935935762856,-0.9045132219247692,0.15734126134994353,0.0,0.0,0.0
36.70619583129883,-2.4656354903430673,-0.9185368965893621,0.18834869475276367,0.0,0.0,0.0
36.740384578704834,-2.463445873820113,-0.9325766571629389,0.21935881221804382,0.0,0.0,0.0
36.774559020996094,-2.461324255418239,-0.9466337424408099,0.2503706663750529,0.0,0.0,0.0
36.808510303497314,-2.4592702448063997,-0.9607096451352392,0.2813832054427613,0.0,0.0,0.0
36.84225368499756,-2.457283528296171,-0.97480605412742,0.3123954289366626,0.0,0.0,0.0
36.87625455856323,-2.4530100927259197,-0.9862883325566808,0.343112773296659,0.0,0.0,0.0
36.910380363464355,-2.445966683559781,-0.9872652814499278,0.37328863762631914,0.0,0.0,0.0
36.94438552856445,-2.4389946462136085,-0.9844342141184381,0.4033621639408002,0.0,0.0,0.0
36.97858285903931,-2.4357771197143063,-0.9848163487165228,0.4330247675792838,0.0,0.0,0.0
37.01226830482483,-2.4429931678397256,-0.989495605375062,0.4615903290015598,0.0,0.0,0.0
37.04709243774414,-2.453218819999788,-0.9947671823599423,0.48988215966794113,0.0,0.0,0.0
37.081464529037476,-2.4637943916723155,-1.0005914896811,0.5181240559937597,0.0,0.0,0.0
37.11540961265564,-2.474790844041467,-1.0070511205752124,0.5471644354672147,0.0,0.0,0.0
37.149781465530396,-2.485377462421119,-1.01367316365623,0.5753587651245551,0.0,0.0,0.0
37.18425393104553,-2.4940127950580178,-1.0186188057625984,0.6040814895343041,0.0,0.0,0.0
37.218732595443726,-2.492021151178485,-1.0150516671494165,0.6306690462412462,0.0,0.0,0.0
37.25228762626648,-2.4864794429649155,-1.0108883921159095,0.6569096508254827,0.0,0.0,0.0
37.28672957420349,-2.481608668019744,-1.007039463004876,0.6832232423870817,0.0,0.0,0.0
37.33735179901123,-2.475381835669106,-1.0018136895689027,0.7228255924493916,0.0,0.0,0.0
37.371663093566895,-2.473290749059732,-1.0000550579481764,0.7492729897554338,0.0,0.0,0.0
37.405271768569946,-2.4804620922499985,-1.0074872270201984,0.7744592878513955,0.0,0.0,0.0
37.43930649757385,-2.49220474004682,-1.0192734381908544,0.7990098848594016,0.0,0.0,0.0
37.47323751449585,-2.5036464232311895,-1.03131937528629,0.8235482255476841,0.0,0.0,0.0
37.50734543800354,-2.514755790610709,-1.0435893515967511,0.8480739183674209,0.0,0.0,0.0
37.54123663902283,-2.525533543541644,-1.0560805140100327,0.8725857965278623,0.0,0.0,0.0
37.575249433517456,-2.532527325707412,-1.065179524881583,0.8965838414323013,0.0,0.0,0.0
37.609782695770264,-2.5311680097817386,-1.0644120288079808,0.9192960222924748,0.0,0.0,0.0
37.64449501037598,-2.5294930609697883,-1.0621652991462278,0.9425686497048599,0.0,0.0,0.0
37.678462266922,-2.5282486566391142,-1.0604301492386983,0.965248012824911,0.0,0.0,0.0
37.71258902549744,-2.5274498204321962,-1.0592895310302506,0.988008277548136,0.0,0.0,0.0
37.74639010429382,-2.5274342262207203,-1.0591260176978101,1.010788573335506,0.0,0.0,0.0
37.78067660331726,-2.535066338748138,-1.067521029276928,1.0325215207466774,0.0,0.0,0.0
37.814432859420776,-2.5447844873853,-1.083912711756983,1.0534266001074335,0.0,0.0,0.0
37.84878325462341,-2.5541355218378468,-1.1007436595835023,1.0743017169705746,0.0,0.0,0.0
37.88254261016846,-2.563103174620722,-1.1176844488262834,1.0951742523113026,0.0,0.0,0.0
37.916279554367065,-2.5716602737942846,-1.134674262441819,1.1160451401634381,0.0,0.0,0.0
37.95021986961365,-2.574736926226401,-1.14603945397686,1.1361815147331262,0.0,0.0,0.0
37.9842414855957,-2.5747399067741457,-1.1475074218551937,1.1553130226156278,0.0,0.0,0.0
38.01835227012634,-2.5748582799506607,-1.1477807801496647,1.1743567001431046,0.0,0.0,0.0
38.05222010612488,-2.5751927804535084,-1.1486283534711088,1.1934717138766016,0.0,0.0,0.0
38.08618927001953,-2.575661526032764,-1.1499004388152005,1.21263554961503,0.0,0.0,0.0
38.12023091316223,-2.57734672945,-1.1527646599061097,1.2317165041934515,0.0,0.0,0.0
38.15434789657593,-2.584062716019368,-1.165293641643691,1.249756677238676,0.0,0.0,0.0
38.18844485282898,-2.5905320581454885,-1.1851806802732046,1.2670788781149973,0.0,0.0,0.0
38.2224817276001,-2.596638674559381,-1.2052360029748623,1.284399256139567,0.0,0.0,0.0
38.256438970565796,-2.6023464084858285,-1.2251726257525368,1.3017486090413373,0.0,0.0,0.0
38.290473222732544,-2.6068904697607147,-1.2442297880308133,1.3190205658467695,0.0,0.0,0.0
38.324392557144165,-2.607410865922605,-1.2541256559316787,1.3353083430842854,0.0,0.0,0.0
38.3590247631073,-2.6078874197305426,-1.2563484394172106,1.3504070716802987,0.0,0.0,0.0
38.3929181098938,-2.608416993122506,-1.258784376947693,1.3659703894721047,0.0,0.0,0.0
38.427367210388184,-2.608967988255735,-1.2615759963931874,1.3815577199794415,0.0,0.0,0.0
38.46186137199402,-2.6076931669304235,-1.2711257329593364,1.3978493362542723,0.0,0.0,0.0
38.496161460876465,-2.606384452256234,-1.2864906684157142,1.4137624567754195,0.0,0.0,0.0
38.5300030708313,-2.6050776868355254,-1.3018763134079796,1.4296717490252224,0.0,0.0,0.0
38.56399059295654,-2.6037731981291166,-1.317279404080897,1.445583105877664,0.0,0.0,0.0
38.5979540348053,-2.6035186920776354,-1.3338293604417975,1.4613870988598217,0.0,0.0,0.0
38.63202714920044,-2.6057475561379015,-1.355549794713177,1.4766860706025642,0.0,0.0,0.0
38.66640663146973,-2.607642463649709,-1.3772476881481348,1.4919990045422113,0.0,0.0,0.0
38.69988226890564,-2.6092036494178474,-1.3987978668635206,1.507333014805462,0.0,0.0,0.0
38.73382019996643,-2.6104032099321572,-1.4200758520101775,1.522694557246369,0.0,0.0,0.0
38.76792001724243,-2.6105585455969806,-1.4346613456143333,1.5373750601303238,0.0,0.0,0.0
38.80193042755127,-2.6106599421723686,-1.4393108716943248,1.5510524490947375,0.0,0.0,0.0
38.83688402175903,-2.6107100719524508,-1.4426526820969932,1.5645858832695976,0.0,0.0,0.0
38.870771646499634,-2.6107034793009642,-1.4463092471512167,1.5781378864528708,0.0,0.0,0.0
38.90493559837341,-2.6106287052345882,-1.4503793147158628,1.5921121286000062,0.0,0.0,0.0
38.939005851745605,-2.6103592149242694,-1.4550555090525419,1.6056798421921403,0.0,0.0,0.0
38.973456621170044,-2.609416740584986,-1.4681339704790002,1.6184397103880004,0.0,0.0,0.0
39.007059812545776,-2.6082089149721206,-1.4898964907439545,1.6303376169393127,0.0,0.0,0.0
39.04152250289917,-2.6067554481318633,-1.5121259522692174,1.6421895501525003,0.0,0.0,0.0
39.075884103775024,-2.6050222558309635,-1.5346499501316058,1.654427792026566,0.0,0.0,0.0
39.11018419265747,-2.6031090553305565,-1.5562458894172182,1.6663480143235427,0.0,0.0,0.0
39.14463925361633,-2.6020369136458283,-1.575073721247178,1.6780257467006163,0.0,0.0,0.0
39.1953558921814,-2.601399000049386,-1.5851514980341126,1.6936990647593735,0.0,0.0,0.0
39.245973348617554,-2.6006157134826666,-1.591128864924774,1.708941469999227,0.0,0.0,0.0
39.2799391746521,-2.5999899033742095,-1.5953806510208577,1.719123038891888,0.0,0.0,0.0
39.31395125389099,-2.5992660388647533,-1.5999119812340632,1.7293227756520133,0.0,0.0,0.0
39.34915018081665,-2.595833380944219,-1.6111464476045105,1.739167460138078,0.0,0.0,0.0
39.38328146934509,-2.592040945677236,-1.6317329290154265,1.7477879930536353,0.0,0.0,0.0
39.41708970069885,-2.5881170180928224,-1.6531583785503592,1.7563355036067079,0.0,0.0,0.0
39.450965881347656,-2.5840769159824903,-1.6742597204734015,1.7649261784815977,0.0,0.0,0.0
39.484883308410645,-2.5799144976280055,-1.6950907466712475,1.7735555022279053,0.0,0.0,0.0
39.51893591880798,-2.5779761935163714,-1.7115826022112532,1.7820532937182891,0.0,0.0,0.0
39.55292844772339,-2.5771939937885615,-1.718925559060898,1.7897001216319584,0.0,0.0,0.0
39.586899757385254,-2.5763615847704804,-1.72265334712844,1.796969313384989,0.0,0.0,0.0
39.62102961540222,-2.5749104235730194,-1.7280803964803912,1.8042529692752478,0.0,0.0,0.0
39.65499973297119,-2.5728226678372987,-1.7420238039117248,1.811428339965078,0.0,0.0,0.0
39.689043283462524,-2.5707328721144265,-1.75724450779787,1.818579446299408,0.0,0.0,0.0
39.72292757034302,-2.568642740799544,-1.772466473681192,1.8257296451586418,0.0,0.0,0.0
39.75711965560913,-2.567647248997985,-1.7817738679969477,1.8322684662237416,0.0,0.0,0.0
39.808151960372925,-2.5649371664657545,-1.789812279806278,1.8411532847346344,0.0,0.0,0.0
39.84206008911133,-2.5594397440174186,-1.806518685174918,1.846185946316179,0.0,0.0,0.0
39.87593221664429,-2.5539112630336547,-1.8259004733212212,1.8509796161528163,0.0,0.0,0.0
39.909966230392456,-2.548393818927566,-1.8449356039115357,1.8558142432497533,0.0,0.0,0.0
39.944727182388306,-2.542887568174808,-1.8636824309490105,1.8606757296838523,0.0,0.0,0.0
39.9951171875,-2.5410144229954343,-1.877749591942761,1.866609692571779,0.0,0.0,0.0
40.04602241516113,-2.5397865532575006,-1.8817356241906835,1.8715343516490792,0.0,0.0,0.0
40.08006143569946,-2.538889465513025,-1.8845598642745516,1.87483085965947,0.0,0.0,0.0
40.11414647102356,-2.5349347437307523,-1.8914515790441953,1.8776520764528806,0.0,0.0,0.0
40.147948026657104,-2.5291561468785595,-1.9081103189987532,1.8795017711807345,0.0,0.0,0.0
40.1818425655365,-2.5234050200560834,-1.9261041959905674,1.8812306035482544,0.0,0.0,0.0
40.215911865234375,-2.517782053419567,-1.9436305509140142,1.8830060010987435,0.0,0.0,0.0
40.25005841255188,-2.5154153618036235,-1.9565959363166792,1.8843564804431168,0.0,0.0,0.0
40.28399395942688,-2.5147664205054725,-1.959894003826716,1.884735255194574,0.0,0.0,0.0
40.318087339401245,-2.5141204808953175,-1.9618690547603521,1.884984302714262,0.0,0.0,0.0
40.351970911026,-2.5134459092579027,-1.9638953977705227,1.885239965394512,0.0,0.0,0.0
40.38598084449768,-2.5090748400783904,-1.9713805321466025,1.8848461270273456,0.0,0.0,0.0
40.42010140419006,-2.5036373335393054,-1.9875453067552855,1.883610078101021,0.0,0.0,0.0
40.45419502258301,-2.4983363957828693,-2.0039956499219396,1.8823542153104011,0.0,0.0,0.0
40.488487005233765,-2.4942108266203693,-2.019008520592844,1.8810510580402586,0.0,0.0,0.0
40.522077798843384,-2.4938126676971946,-2.024550825377979,1.8788807285918472,0.0,0.0,0.0
40.55616283416748,-2.493475736881168,-2.025610688534156,1.8762657821808644,0.0,0.0,0.0
40.590402126312256,-2.4931346274539994,-2.0266568672574437,1.8736449999609397,0.0,0.0,0.0
40.624189138412476,-2.4899703976520637,-2.031597232821409,1.8705458423495607,0.0,0.0,0.0
40.65796399116516,-2.4852601598053448,-2.045839790268593,1.8665299734650533,0.0,0.0,0.0
40.692662954330444,-2.480744546372601,-2.060787653959385,1.862465827144658,0.0,0.0,0.0
40.72615027427673,-2.4777477096389964,-2.073990792894375,1.858285251131674,0.0,0.0,0.0
40.75994300842285,-2.4776925916631645,-2.077502734765418,1.8531296180319314,0.0,0.0,0.0
40.79418230056763,-2.4776278904955564,-2.0775053279941336,1.8476069946773017,0.0,0.0,0.0
40.82795977592468,-2.474920512950203,-2.084505045108388,1.8421269709079862,0.0,0.0,0.0
40.86240100860596,-2.4721194427490265,-2.0980757414911806,1.8365109977743779,0.0,0.0,0.0
40.91291809082031,-2.467884546708535,-2.1184587942506443,1.8280904582204867,0.0,0.0,0.0
40.94707775115967,-2.4645806633071086,-2.1311350105892313,1.822557801634366,0.0,0.0,0.0
40.98093295097351,-2.4614467504109276,-2.1434818734318193,1.8170774719282923,0.0,0.0,0.0
41.03191566467285,-2.459263758267208,-2.1577546426808483,1.8086451069720182,0.0,0.0,0.0
41.06621503829956,-2.4599062474844504,-2.1564350941183204,1.8019880149557777,0.0,0.0,0.0
41.10012745857239,-2.4605199890667464,-2.153775222010781,1.795375194442802,0.0,0.0,0.0
41.13415312767029,-2.461118033911374,-2.1510513491864987,1.7885501658921377,0.0,0.0,0.0
41.168007135391235,-2.4602944318349476,-2.150303584946854,1.781472968127702,0.0,0.0,0.0
41.20196294784546,-2.4579322489795192,-2.1591876280406557,1.7734365412364637,0.0,0.0,0.0
41.23616170883179,-2.4557386572187023,-2.1700777187276525,1.7652281437251032,0.0,0.0,0.0
41.27033472061157,-2.45373358188894,-2.180526832818277,1.7570813540599712,0.0,0.0,0.0
41.30417084693909,-2.4534093975850024,-2.1877610357339594,1.7487218314950959,0.0,0.0,0.0
41.337998151779175,-2.454100960632476,-2.185366874256892,1.7394358205701217,0.0,0.0,0.0
41.371976137161255,-2.453699932723672,-2.1824218101637007,1.7300252323150924,0.0,0.0,0.0
41.40614366531372,-2.4508563293144947,-2.189192307782425,1.720681511344727,0.0,0.0,0.0
41.439969539642334,-2.4480068622998754,-2.2015726131721682,1.711269732138784,0.0,0.0,0.0
41.47388815879822,-2.4480071240337975,-2.2087134613323176,1.7013391347444002,0.0,0.0,0.0
41.50815796852112,-2.4476237334827005,-2.210114040276565,1.6903583015133745,0.0,0.0,0.0
41.54202342033386,-2.446720826223069,-2.217800853445849,1.6786679100849962,0.0,0.0,0.0
41.576200008392334,-2.445961243173045,-2.2252636149119764,1.667016780964684,0.0,0.0,0.0
41.60992932319641,-2.4464144210498353,-2.2272180588539405,1.6549863929405262,0.0,0.0,0.0
41.644047260284424,-2.446930794611841,-2.2209510447057386,1.6421747444557906,0.0,0.0,0.0
41.67791485786438,-2.4473663193792894,-2.2140743185608924,1.6292935861231181,0.0,0.0,0.0
41.71208167076111,-2.447053157585538,-2.212780669738396,1.6158257332070005,0.0,0.0,0.0
41.746559381484985,-2.4468144396886915,-2.2188342478812118,1.6016354031591609,0.0,0.0,0.0
41.798242807388306,-2.4468226694767514,-2.223197214107148,1.5795362157503872,0.0,0.0,0.0
41.831995487213135,-2.4468286245074498,-2.2158894967338556,1.5641349553253046,0.0,0.0,0.0
41.866360664367676,-2.446739194222583,-2.207955545768109,1.5486265877186807,0.0,0.0,0.0
41.91692280769348,-2.446964695598256,-2.2097300200755536,1.5239989605479016,0.0,0.0,0.0
41.951377868652344,-2.447046214942015,-2.213632342982557,1.5072675667504487,0.0,0.0,0.0
41.98496603965759,-2.4452987964616497,-2.2127555731377155,1.490116406608438,0.0,0.0,0.0
42.01904606819153,-2.4431777366910823,-2.2142310678218737,1.4728389023009254,0.0,0.0,0.0
42.05310082435608,-2.440565413552562,-2.217923513411468,1.455607285467194,0.0,0.0,0.0
42.08695912361145,-2.438045833369425,-2.224014381062751,1.4384417110585563,0.0,0.0,0.0
42.12124037742615,-2.436466383854027,-2.2299624170774055,1.4212470408483622,0.0,0.0,0.0
42.155033349990845,-2.436678350657366,-2.2315969698350315,1.404502648209608,0.0,0.0,0.0
42.188878774642944,-2.436838784439725,-2.232502291701807,1.3878436371890392,0.0,0.0,0.0
42.22312045097351,-2.4351327710717965,-2.2289864946711204,1.370818403984356,0.0,0.0,0.0
42.25702476501465,-2.432593308591366,-2.217347283286365,1.353056418740175,0.0,0.0,0.0
42.29089617729187,-2.4300848150141343,-2.20545333502994,1.3351934195998332,0.0,0.0,0.0
42.325774908065796,-2.430085675305275,-2.2014574726723666,1.3165203888429011,0.0,0.0,0.0
42.375996828079224,-2.4288898492073434,-2.1998437911537696,1.2878362755621595,0.0,0.0,0.0
42.410576820373535,-2.4251538492497398,-2.1893901592587914,1.2679244404021477,0.0,0.0,0.0
42.44509744644165,-2.420998600954097,-2.176508878849983,1.2472215055264277,0.0,0.0,0.0
42.47891330718994,-2.419243577714031,-2.170559268926677,1.2269939568212012,0.0,0.0,0.0
42.51301693916321,-2.418793745278885,-2.1693610031997985,1.2065158440432924,0.0,0.0,0.0
42.54705500602722,-2.4172261772627053,-2.170438985258099,1.1862327696011166,0.0,0.0,0.0
42.581048011779785,-2.4130642480233377,-2.176221968132436,1.1659038780749005,0.0,0.0,0.0
42.615124225616455,-2.4071843860381543,-2.171563674464539,1.1445730778640444,0.0,0.0,0.0
42.64908218383789,-2.4020376651407607,-2.1596115996578216,1.1223969258588282,0.0,0.0,0.0
42.6830518245697,-2.4004947409099904,-2.155268952929606,1.0992977478651302,0.0,0.0,0.0
42.716961145401,-2.398715947546881,-2.151875336362343,1.0761347287386778,0.0,0.0,0.0
42.75102639198303,-2.3922676755310266,-2.1423130723843653,1.0523706512726054,0.0,0.0,0.0
42.785090923309326,-2.385117954913907,-2.1295189950121336,1.0282055787521631,0.0,0.0,0.0
42.81896233558655,-2.382274742144628,-2.125850095589632,1.0041072353382836,0.0,0.0,0.0
42.85303354263306,-2.377024462968994,-2.1284817922901325,0.9800875099231519,0.0,0.0,0.0
42.88690400123596,-2.370444513697081,-2.12415114482239,0.9552659759477466,0.0,0.0,0.0
42.92113947868347,-2.366903744708144,-2.119276973430422,0.9303086908702191,0.0,0.0,0.0
42.95509195327759,-2.358873887091243,-2.109665160720883,0.9048667273535137,0.0,0.0,0.0
42.98897194862366,-2.347407800672583,-2.0954561236541402,0.87895454671914,0.0,0.0,0.0
43.02294135093689,-2.33774043746357,-2.083607660894563,0.8527195000804174,0.0,0.0,0.0
43.05697298049927,-2.3328827732047746,-2.078079419466569,0.8256891416363384,0.0,0.0,0.0
43.09093880653381,-2.32360030046245,-2.0683921374915673,0.7981609477047286,0.0,0.0,0.0
43.12638735771179,-2.3097603454403646,-2.054602358043938,0.7693199275594031,0.0,0.0,0.0
43.16018748283386,-2.299352419429524,-2.0447960313854168,0.7416791961927655,0.0,0.0,0.0
43.194095849990845,-2.29380262564426,-2.039950125143222,0.7125799502147737,0.0,0.0,0.0
43.22809886932373,-2.289176837936928,-2.0408183804829676,0.6835967167827798,0.0,0.0,0.0
43.26264142990112,-2.275446523958384,-2.0331221466409275,0.6536097377321973,0.0,0.0,0.0
43.29618525505066,-2.2668280464074155,-2.02909931694396,0.6234620600965844,0.0,0.0,0.0
43.33015704154968,-2.2584171636641655,-2.023881327922332,0.5940186867884089,0.0,0.0,0.0
43.36520576477051,-2.243083742174422,-2.012991729000508,0.5631425141792845,0.0,0.0,0.0
43.39903783798218,-2.2257933183915353,-2.002892263105175,0.5326386824392099,0.0,0.0,0.0
43.43321347236633,-2.2140538290039924,-1.9959159068851025,0.5012124561720928,0.0,0.0,0.0
43.46743583679199,-2.1956425917032187,-1.9860222851171245,0.46899141371455755,0.0,0.0,0.0
43.50123953819275,-2.180842838461763,-1.9787859094321538,0.43569943576927384,0.0,0.0,0.0
43.5351996421814,-2.1691768955183863,-1.9751359969073683,0.4022078272402812,0.0,0.0,0.0
43.56905770301819,-2.1563643713652088,-1.9695922205824312,0.3682398628594416,0.0,0.0,0.0
43.60327768325806,-2.141999629421907,-1.962432831815219,0.3329862640203629,0.0,0.0,0.0
43.63704037666321,-2.1260865667300863,-1.9549701314411656,0.29646881331204794,0.0,0.0,0.0
43.67116022109985,-2.1102213147764433,-1.9496240781347465,0.2589792118514294,0.0,0.0,0.0
43.705098390579224,-2.09482234581779,-1.9454256839918744,0.22109901900787168,0.0,0.0,0.0
43.73898124694824,-2.078367483271299,-1.9412715310788307,0.18278613998618837,0.0,0.0,0.0
43.773107051849365,-2.061158916677832,-1.937354148498056,0.14353515350610244,0.0,0.0,0.0
43.80719614028931,-2.0438710160163773,-1.934248398886619,0.10347396397535567,0.0,0.0,0.0
43.8410861492157,-2.026285830284302,-1.9320547201933984,0.0626570144705595,0.0,0.0,0.0
43.87501525878906,-2.008024757796881,-1.9309377015034341,0.02113782159696602,0.0,0.0,0.0
43.90906620025635,-1.9890891391286363,-1.9309323006269297,-0.021083747611527124,0.0,0.0,0.0
43.943272829055786,-1.9697424707611046,-1.9321134597706098,-0.06400005049528168,0.0,0.0,0.0
43.97727680206299,-1.949789985550191,-1.9345197169244814,-0.1075796335041991,0.0,0.0,0.0
44.01126480102539,-1.928816825863703,-1.9381433555144525,-0.15184319352735687,0.0,0.0,0.0
44.045214891433716,-1.9070812204889909,-1.9429771993031775,-0.19685749243235084,0.0,0.0,0.0
44.07926368713379,-1.8846260767540621,-1.9489949111585088,-0.24262959454951782,0.0,0.0,0.0
44.11310529708862,-1.8611140978226683,-1.9559826464340127,-0.2892427022896,0.0,0.0,0.0
44.14746952056885,-1.8370635093861438,-1.963744277925647,-0.3369885330464907,0.0,0.0,0.0
44.18110656738281,-1.8127677991691273,-1.9728828806020182,-0.38580904022137075,0.0,0.0,0.0
44.21577215194702,-1.7891140702515678,-1.9831348641762518,-0.434438582760698,0.0,0.0,0.0
44.26611542701721,-1.7556966294688379,-2.000101360587062,-0.5059642782137503,0.0,0.0,0.0
44.30008268356323,-1.734629753561051,-2.0123778494765716,-0.5525972936950974,0.0,0.0,0.0
44.334481954574585,-1.7150333676423402,-2.0250343432509657,-0.5982239363790185,0.0,0.0,0.0
44.368436336517334,-1.6965935705983868,-2.0381774535917354,-0.6429305330338893,0.0,0.0,0.0
44.40230751037598,-1.679289900594192,-2.051698652594168,-0.6867015905485844,0.0,0.0,0.0
44.43609070777893,-1.6632243843245254,-2.0652727577206877,-0.7293879626687904,0.0,0.0,0.0
44.47013854980469,-1.6487202821564646,-2.0787401880283918,-0.7709460711268625,0.0,0.0,0.0
44.5040283203125,-1.635364764903047,-2.092198515893766,-0.8114476519012986,0.0,0.0,0.0
44.53797960281372,-1.6232105644384938,-2.105484027859316,-0.8508818203204604,0.0,0.0,0.0
44.57221698760986,-1.612488592756435,-2.1180836694185774,-0.8890568619772968,0.0,0.0,0.0
44.60625767707825,-1.6028725709740506,-2.1303462981079653,-0.926052563651724,0.0,0.0,0.0
44.64118218421936,-1.594334419615362,-2.142120685945904,-0.9618932247413128,0.0,0.0,0.0
44.69157290458679,-1.5838510849336136,-2.157996898778374,-1.0132859159012249,0.0,0.0,0.0
44.74213433265686,-1.5752458008537922,-2.172605147357161,-1.062118116625292,0.0,0.0,0.0
44.776442527770996,-1.5703445696902372,-2.1817679883928314,-1.093307960372377,0.0,0.0,0.0
44.81025052070618,-1.5660210019893104,-2.1904537451040804,-1.1233574551837133,0.0,0.0,0.0
44.844229221343994,-1.561999626694314,-2.19881482873194,-1.1523790357966648,0.0,0.0,0.0
44.878090620040894,-1.5584180212778032,-2.2067955271688184,-1.180393683335412,0.0,0.0,0.0
44.9121367931366,-1.555401358649125,-2.2140179478737387,-1.2073047595684931,0.0,0.0,0.0
44.94647169113159,-1.5518825258622198,-2.2208369843952034,-1.2333165091794869,0.0,0.0,0.0
44.99721121788025,-1.5475522029037925,-2.2302011986067525,-1.2704876977401145,0.0,0.0,0.0
45.031044483184814,-1.5452207402349232,-2.235678791843865,-1.2939520520326793,0.0,0.0,0.0
45.06497073173523,-1.542804907379665,-2.2409461921290634,-1.3164161092603652,0.0,0.0,0.0
45.09926223754883,-1.540982465472077,-2.245683500458187,-1.3377819716219501,0.0,0.0,0.0
45.13352346420288,-1.539847233640412,-2.2497503523202877,-1.3580285966784122,0.0,0.0,0.0
45.167545795440674,-1.5367149483688596,-2.254199017212833,-1.3774637969278065,0.0,0.0,0.0
45.20134949684143,-1.5349451029567733,-2.2573282260937244,-1.3957557872631499,0.0,0.0,0.0
45.23496389389038,-1.5333263529475218,-2.260927540735326,-1.4131232960860145,0.0,0.0,0.0
45.26904344558716,-1.532051753766199,-2.2637462526937746,-1.429822526858342,0.0,0.0,0.0
45.30305576324463,-1.531780749281121,-2.265452145938189,-1.4454033478416775,0.0,0.0,0.0
45.33726787567139,-1.5316473385559792,-2.266675790280451,-1.4599334273409486,0.0,0.0,0.0
45.3710253238678,-1.5315674745960925,-2.2674872467261813,-1.4734335797994849,0.0,0.0,0.0
45.40521955490112,-1.5301813959753758,-2.2694878411577544,-1.4861582050106334,0.0,0.0,0.0
45.455974102020264,-1.527823621864397,-2.274082044789867,-1.5047800318003475,0.0,0.0,0.0
45.49009442329407,-1.5274143411480978,-2.2757832156542555,-1.5161430471661548,0.0,0.0,0.0
45.524150371551514,-1.5271597421112721,-2.277471581895347,-1.526600311768534,0.0,0.0,0.0
45.55815649032593,-1.5269532706578526,-2.279457130162765,-1.5361244354461623,0.0,0.0,0.0
45.59245276451111,-1.5267565905705152,-2.2809450884808387,-1.5447144025537367,0.0,0.0,0.0
45.62615919113159,-1.5265906069334423,-2.2817699751394716,-1.5523448478016926,0.0,0.0,0.0
45.660104274749756,-1.523579756526144,-2.2858802756747534,-1.559594121452358,0.0,0.0,0.0
45.69417905807495,-1.5231706237455462,-2.2863990936512986,-1.566416660163769,0.0,0.0,0.0
45.728105306625366,-1.5231652642677,-2.287583171648785,-1.5722598203424623,0.0,0.0,0.0
45.76216197013855,-1.5231760352374446,-2.2886065766379318,-1.577175617423886,0.0,0.0,0.0
45.79618859291077,-1.523235105780769,-2.288479319937067,-1.5811309017628716,0.0,0.0,0.0
45.830068826675415,-1.5232279316788557,-2.2870893009195448,-1.5840714178716029,0.0,0.0,0.0
45.86418557167053,-1.5231955130246586,-2.2848207274954904,-1.5860203395564376,0.0,0.0,0.0
45.89817929267883,-1.5231605946180342,-2.282591131960975,-1.587050002349619,0.0,0.0,0.0
45.932549715042114,-1.5231261035256185,-2.28048314377641,-1.587165586985112,0.0,0.0,0.0
45.966464042663574,-1.5195246262656483,-2.2830501327587434,-1.5871296256674172,0.0,0.0,0.0
46.0000524520874,-1.517336548191368,-2.2875957311030004,-1.5869511557848839,0.0,0.0,0.0
46.034428358078,-1.517431814171792,-2.2875397575881533,-1.586269584524388,0.0,0.0,0.0
46.06842589378357,-1.5174796516806575,-2.28804432400203,-1.5846383345660824,0.0,0.0,0.0
46.10246157646179,-1.5175277587187093,-2.28723830312083,-1.5820289486972292,0.0,0.0,0.0
46.13627505302429,-1.517510614359578,-2.2856887777557655,-1.5784229449295022,0.0,0.0,0.0
46.17023158073425,-1.5175013018440537,-2.2842141332144963,-1.5739044482712972,0.0,0.0,0.0
46.204214334487915,-1.5174991715098638,-2.2829831297078846,-1.5684919913466802,0.0,0.0,0.0
46.23986625671387,-1.5175026637812532,-2.281990719364262,-1.5619907568261786,0.0,0.0,0.0
46.29007530212402,-1.5175104120475364,-2.2811940431182496,-1.5508334022736632,0.0,0.0,0.0
46.325074195861816,-1.5175118349993908,-2.2810245701545373,-1.5420055617687098,0.0,0.0,0.0
46.35931873321533,-1.5152744198286203,-2.2831937572025054,-1.5329034522938891,0.0,0.0,0.0
46.39339876174927,-1.5109264201614812,-2.2874460540169297,-1.523922154131029,0.0,0.0,0.0
46.42707920074463,-1.5102829172367873,-2.2952831276702517,-1.5143517476051822,0.0,0.0,0.0
46.46155405044556,-1.5102301895354766,-2.296635239549142,-1.5041412302631916,0.0,0.0,0.0
46.49533724784851,-1.5091836248220611,-2.303434386942032,-1.4932916567770396,0.0,0.0,0.0
46.529632806777954,-1.5087433332908096,-2.314854001371189,-1.4813894121871298,0.0,0.0,0.0
46.56325960159302,-1.508374143832751,-2.3177052044098305,-1.4686844398823429,0.0,0.0,0.0
46.59701585769653,-1.5067320755016236,-2.327454226318687,-1.4550793638448345,0.0,0.0,0.0
46.63105773925781,-1.505994391472654,-2.3370163163713618,-1.4405412583462378,0.0,0.0,0.0
46.66509532928467,-1.5019698847726144,-2.340851353714976,-1.426048028519225,0.0,0.0,0.0
46.69915008544922,-1.5003644155470373,-2.3458049543946906,-1.41117597553143,0.0,0.0,0.0
46.73313879966736,-1.4988939137887631,-2.3568777179310847,-1.3952652279038988,0.0,0.0,0.0
46.767075300216675,-1.4977979569393804,-2.361235273194868,-1.37855944031293,0.0,0.0,0.0
46.80117416381836,-1.4947174730499666,-2.373284540737708,-1.3608992834359743,0.0,0.0,0.0
46.835063219070435,-1.4938185293398518,-2.381846280025234,-1.3422446268651655,0.0,0.0,0.0
46.86942410469055,-1.4902035501603315,-2.387228360307444,-1.3233477190632323,0.0,0.0,0.0
46.90302324295044,-1.4857199935720615,-2.397427206913219,-1.3038817661833553,0.0,0.0,0.0
46.937193632125854,-1.4838829462873648,-2.4024554642763176,-1.2843609511956806,0.0,0.0,0.0
46.97124004364014,-1.4795558074700348,-2.412322750904738,-1.2643179899205625,0.0,0.0,0.0
47.005197286605835,-1.4763755525623565,-2.4256912912324036,-1.2432007203501125,0.0,0.0,0.0
47.038992404937744,-1.4732511411531433,-2.4329092264734067,-1.221329539364989,0.0,0.0,0.0
47.072972536087036,-1.4668634700097702,-2.448252967068611,-1.198495028599066,0.0,0.0,0.0
47.1070659160614,-1.4637714721331256,-2.4580232193291525,-1.174854479671266,0.0,0.0,0.0
47.14143705368042,-1.4588318080685851,-2.4625965537741075,-1.1511296045846937,0.0,0.0,0.0
47.1753306388855,-1.452140387283994,-2.471877654933575,-1.126546576284338,0.0,0.0,0.0
47.226476430892944,-1.442436295411478,-2.488786039250342,-1.0883984586889286,0.0,0.0,0.0
47.26040458679199,-1.436950854592435,-2.500963603357978,-1.061660664524521,0.0,0.0,0.0
47.31151032447815,-1.4237496132387433,-2.522330453006531,-1.0199419324090577,0.0,0.0,0.0
47.346561431884766,-1.417830684894757,-2.5326749341125603,-0.9904137859966983,0.0,0.0,0.0
47.380149841308594,-1.4115545310123023,-2.5385424047680805,-0.9616581358725194,0.0,0.0,0.0
47.41399574279785,-1.40086336312647,-2.5497473710747385,-0.9317242099586532,0.0,0.0,0.0
47.44803762435913,-1.3916174607665048,-2.5613817999736384,-0.9011608718245295,0.0,0.0,0.0
47.48248815536499,-1.3795090931494707,-2.5767484500916162,-0.8694342897954781,0.0,0.0,0.0
47.516194581985474,-1.3679389696179882,-2.5897700576515508,-0.8367686599815916,0.0,0.0,0.0
47.55010962486267,-1.3581777473771393,-2.600941011304568,-0.8035421767261186,0.0,0.0,0.0
47.5839741230011,-1.346085049222002,-2.6131898881560702,-0.7703301634317292,0.0,0.0,0.0
47.618004322052,-1.3307723573185624,-2.6276918859454206,-0.7359768306302624,0.0,0.0,0.0
47.65212941169739,-1.3166311856972217,-2.640651631466228,-0.7006988311046256,0.0,0.0,0.0
47.68630909919739,-1.3033755396222662,-2.6519516953860798,-0.6651666965870529,0.0,0.0,0.0
47.72060298919678,-1.2888880053368879,-2.664007685395996,-0.6284414867897433,0.0,0.0,0.0
47.75410866737366,-1.2745152127254382,-2.6754459787103775,-0.5903332199988128,0.0,0.0,0.0
47.788004636764526,-1.2596187902440996,-2.685575919775502,-0.5509888401780311,0.0,0.0,0.0
47.82215189933777,-1.244855652795117,-2.6943714996920423,-0.5112212382832141,0.0,0.0,0.0
47.856340169906616,-1.228033871907975,-2.703367392371794,-0.4708512501378877,0.0,0.0,0.0
47.8904082775116,-1.2102854119609845,-2.7119484453849387,-0.4296684356386912,0.0,0.0,0.0
47.941171169281006,-1.1814857285259086,-2.7240628417236095,-0.3663995198376916,0.0,0.0,0.0
47.97565197944641,-1.1606569226079417,-2.7315547218354723,-0.32325017977180703,0.0,0.0,0.0
48.00953936576843,-1.138458110777732,-2.738460510071356,-0.2794182672188787,0.0,0.0,0.0
48.04339909553528,-1.1150092414482327,-2.7446361270818938,-0.23488968595647233,0.0,0.0,0.0
48.07722473144531,-1.090260661155305,-2.749978759231598,-0.18963770936289112,0.0,0.0,0.0
48.11137914657593,-1.064533803104108,-2.7543710531555035,-0.14444249165342013,0.0,0.0,0.0
48.14532780647278,-1.0390546373775755,-2.7576877233343824,-0.10001944194807663,0.0,0.0,0.0
48.17937135696411,-1.0139146194887776,-2.7598648780785306,-0.056336426007025035,0.0,0.0,0.0
48.21344327926636,-0.9894157307962707,-2.7608721211956513,-0.013412061820875188,0.0,0.0,0.0
48.2470600605011,-0.9657477523802959,-2.7607084798402997,0.028744288768816687,0.0,0.0,0.0
48.28125286102295,-0.942787586694255,-2.75958525243733,0.07011820198558266,0.0,0.0,0.0
48.31526803970337,-0.9204611976202333,-2.7576082886683855,0.11067307436689422,0.0,0.0,0.0
48.34911632537842,-0.8988397900061668,-2.7549031591502264,0.15036853476940826,0.0,0.0,0.0
48.38314151763916,-0.877956922002127,-2.7515087417167794,0.18916385639697408,0.0,0.0,0.0
48.41722893714905,-0.8575610911432536,-2.7475713073183465,0.2270110345030524,0.0,0.0,0.0
48.45105576515198,-0.8376517978380662,-2.7432329289731547,0.26390607478712735,0.0,0.0,0.0
48.4852569103241,-0.8184813160949982,-2.7384911161060175,0.29982533921931787,0.0,0.0,0.0
48.519197940826416,-0.8000074338046477,-2.7334010546414094,0.33470701449664503,0.0,0.0,0.0
48.55389738082886,-0.7818383725238,-2.7282654169288914,0.3685038368360362,0.0,0.0,0.0
48.58847975730896,-0.7634579191417604,-2.722922832123351,0.4021738676697637,0.0,0.0,0.0
48.62224507331848,-0.7461981747620875,-2.717636498669595,0.4337852379475456,0.0,0.0,0.0
48.65602731704712,-0.7293289277357695,-2.712357458930278,0.4642503293376447,0.0,0.0,0.0
48.690067529678345,-0.7127759186559557,-2.7072084769231095,0.4935609973499776,0.0,0.0,0.0
48.72439980506897,-0.696681938981085,-2.701991986371711,0.5217238432849923,0.0,0.0,0.0
48.7752480506897,-0.6732861210501706,-2.694019867241409,0.5617526137322134,0.0,0.0,0.0
48.80914783477783,-0.6578692005422389,-2.6887430290179775,0.5869243341736258,0.0,0.0,0.0
48.84408974647522,-0.6422690293062773,-2.6835749346685662,0.6115724351989966,0.0,0.0,0.0
48.878379344940186,-0.6275004721480641,-2.6787254210803417,0.6342876053215235,0.0,0.0,0.0
48.912630558013916,-0.6128777867345603,-2.6738490832638493,0.6557576658957126,0.0,0.0,0.0
48.94645166397095,-0.5984805279628562,-2.66921475119957,0.675989876393254,0.0,0.0,0.0
48.99715709686279,-0.5773662508894953,-2.662776754479713,0.7039984461352676,0.0,0.0,0.0
49.031028032302856,-0.5636566413681393,-2.6588731164937824,0.7210930708374725,0.0,0.0,0.0
49.065096378326416,-0.550164125125183,-2.655204254328096,0.7369193688391352,0.0,0.0,0.0
49.10029625892639,-0.5364797560267266,-2.6516166189399124,0.7518963529208355,0.0,0.0,0.0
49.13433027267456,-0.523355488306113,-2.6482961990878238,0.7651618492495847,0.0,0.0,0.0
49.16832137107849,-0.5104680494738543,-2.6452305139196195,0.7771597697759326,0.0,0.0,0.0
49.20219707489014,-0.4977862167446422,-2.642379265070014,0.7878840509233872,0.0,0.0,0.0
49.236385107040405,-0.48526172877318097,-2.6396408575515924,0.7973384674581134,0.0,0.0,0.0
49.27084827423096,-0.47291944925767027,-2.6370848416720793,0.8055273666773951,0.0,0.0,0.0
49.304502725601196,-0.4607720249437899,-2.6347062601236253,0.8124528423413236,0.0,0.0,0.0
49.33821153640747,-0.4488256210379255,-2.632390706833982,0.8181212757300141,0.0,0.0,0.0
49.37231993675232,-0.43706522848645396,-2.630193951079034,0.822523532139166,0.0,0.0,0.0
49.40638208389282,-0.4254958198731893,-2.6280673954066014,0.8256661603720585,0.0,0.0,0.0
49.44082427024841,-0.4141246164829376,-2.6259309443849985,0.8275592461624804,0.0,0.0,0.0
49.49107217788696,-0.39742598884130287,-2.622726961913794,0.8280527932919517,0.0,0.0,0.0
49.5255343914032,-0.38656728225803644,-2.6205587166391524,0.8268269990357904,0.0,0.0,0.0
49.56044316291809,-0.3756284424736104,-2.6182408230377394,0.824274106238447,0.0,0.0,0.0
49.59425711631775,-0.3652160958335126,-2.615931121995242,0.8205365377470726,0.0,0.0,0.0
49.628082513809204,-0.3548057518801769,-2.6134970524310868,0.8155910626337752,0.0,0.0,0.0
49.66231918334961,-0.34425210547114216,-2.6109278961712974,0.8094479937021096,0.0,0.0,0.0
49.69603109359741,-0.3335545013015549,-2.6082262863154377,0.8021037925155993,0.0,0.0,0.0
49.730026721954346,-0.32271290951199527,-2.605361457339287,0.7935654059299121,0.0,0.0,0.0
49.76416230201721,-0.31172886385805787,-2.602333123776238,0.7838369763671488,0.0,0.0,0.0
49.798213958740234,-0.30060668599068485,-2.599118687697462,0.7729309098537162,0.0,0.0,0.0
49.8320848941803,-0.2893498562255336,-2.5957194561302632,0.7608496832235373,0.0,0.0,0.0
49.8660204410553,-0.27795895303347706,-2.5921286504531693,0.7475921824524638,0.0,0.0,0.0
49.90003323554993,-0.26643254440193936,-2.5883540316617326,0.7331547874933471,0.0,0.0,0.0
49.93424391746521,-0.2547728453968179,-2.5843554463896696,0.7175541487107774,0.0,0.0,0.0
49.96834635734558,-0.2429857714681983,-2.58017231879981,0.7007943158906076,0.0,0.0,0.0
50.00228667259216,-0.23107875628753832,-2.5758131999568623,0.682883278127235,0.0,0.0,0.0
50.03628945350647,-0.2190547445078152,-2.5712614600124795,0.6638265632944003,0.0,0.0,0.0
50.07021498680115,-0.20691231203314703,-2.5665135731054223,0.6436236555470277,0.0,0.0,0.0
50.10461211204529,-0.19465360186387004,-2.5616270341226226,0.6222749610192883,0.0,0.0,0.0
50.13825511932373,-0.18228960210166506,-2.5566186488316083,0.5998008171698589,0.0,0.0,0.0
50.17252278327942,-0.16983196755791372,-2.5514447621800507,0.5762254534770259,0.0,0.0,0.0
50.206268310546875,-0.15728119254577083,-2.5461710174151313,0.5515319119607928,0.0,0.0,0.0
50.24016857147217,-0.14463416338633092,-2.54081850382358,0.5257144251474254,0.0,0.0,0.0
50.274670124053955,-0.13189925532110122,-2.535385232189118,0.4988163119860417,0.0,0.0,0.0
50.309056758880615,-0.1187116309458641,-2.5298167745354476,0.4699965969838091,0.0,0.0,0.0
50.3434202671051,-0.10582952525045883,-2.5244166009784132,0.44090504548903686,0.0,0.0,0.0
50.377238035202026,-0.09285428352761574,-2.5190004076291426,0.4107473493221138,0.0,0.0,0.0
50.41113591194153,-0.07981233741935324,-2.5136713271458566,0.37954755921987243,0.0,0.0,0.0
50.4462616443634,-0.0666317216632229,-2.508595236661222,0.3473406152777786,0.0,0.0,0.0
50.479968547821045,-0.052394817356268254,-2.5036028832207644,0.3132080532569805,0.0,0.0,0.0
50.51431155204773,-0.03777821860253224,-2.4989390654259633,0.27913640410637475,0.0,0.0,0.0
50.54833126068115,-0.02239529009899508,-2.494499594069306,0.24420343671625525,0.0,0.0,0.0
50.5821807384491,-0.006392123913512779,-2.49041038802913,0.2084123409731877,0.0,0.0,0.0
50.61658477783203,0.010669503666674995,-2.486618210415408,0.1718273149837265,0.0,0.0,0.0
50.65050721168518,0.028963071875657567,-2.4828319600952695,0.13447015453935,0.0,0.0,0.0
50.68431210517883,0.04815877250415479,-2.4798165108303523,0.096359117253276,0.0,0.0,0.0
50.718154191970825,0.06836984579171174,-2.477817064595998,0.05754654173878397,0.0,0.0,0.0
50.75242042541504,0.08995570435631439,-2.4768446231348595,0.018086529820779195,0.0,0.0,0.0
50.78610801696777,0.11246317782269782,-2.4768899897135985,-0.02203331333876181,0.0,0.0,0.0
50.81996965408325,0.1359325691860472,-2.477937566814076,-0.06280003799665104,0.0,0.0,0.0
50.85425662994385,0.1600830086643536,-2.4799537221084518,-0.10400556539196715,0.0,0.0,0.0
50.88831043243408,0.18367508867100213,-2.4828975596690768,-0.1445393178032689,0.0,0.0,0.0
50.922821283340454,0.20668361905975235,-2.486709027186352,-0.18438870602299556,0.0,0.0,0.0
50.973368406295776,0.23943313545150843,-2.493772592716912,-0.24276372773037797,0.0,0.0,0.0
51.008203983306885,0.2606963729811786,-2.499468873481052,-0.2818948678471583,0.0,0.0,0.0
51.04207229614258,0.28045698329915253,-2.505570272370469,-0.3191311394248033,0.0,0.0,0.0
51.076093912124634,0.2992664745459009,-2.5120840798958373,-0.35547436068025917,0.0,0.0,0.0
51.11009383201599,0.3166395317390531,-2.5188572968981107,-0.3908661691988048,0.0,0.0,0.0
51.14421272277832,0.33302849199513607,-2.525902693799546,-0.42536408200800174,0.0,0.0,0.0
51.17806959152222,0.34844592581944395,-2.533171007796908,-0.4589247941590634,0.0,0.0,0.0
51.21203923225403,0.3625661778016546,-2.5402672761524703,-0.4913671707340611,0.0,0.0,0.0
51.246062994003296,0.37558092309075125,-2.547353121188439,-0.5227595742434336,0.0,0.0,0.0
51.28012180328369,0.3878419807845804,-2.5543689232743545,-0.5530703543200983,0.0,0.0,0.0
51.31441831588745,0.3990971456229737,-2.560800867865245,-0.5821399476380262,0.0,0.0,0.0
51.34804821014404,0.4108263285108509,-2.567095220164468,-0.6102379552887431,0.0,0.0,0.0
51.38239049911499,0.4220347227078984,-2.5734112577740733,-0.6372915209062314,0.0,0.0,0.0
51.416038513183594,0.43218429364156535,-2.579556627318471,-0.6631775868775939,0.0,0.0,0.0
51.45038104057312,0.44171944946149516,-2.585451270694397,-0.6878772103739667,0.0,0.0,0.0
51.48400831222534,0.4513349924350725,-2.5912784804475693,-0.7115599915774278,0.0,0.0,0.0
51.51811695098877,0.4602251263634231,-2.5969513046276176,-0.7341064672842371,0.0,0.0,0.0
51.552160024642944,0.468076357650746,-2.6022010388182752,-0.7554153302320563,0.0,0.0,0.0
51.58633470535278,0.47616644142369413,-2.607158807149506,-0.7756423594638318,0.0,0.0,0.0
51.62021851539612,0.4839659902425732,-2.611929414684749,-0.7947625730569295,0.0,0.0,0.0
51.654409885406494,0.49091143671929593,-2.616179272793532,-0.8126544605734797,0.0,0.0,0.0
51.68810248374939,0.49724745407859394,-2.620149181830311,-0.829418415061461,0.0,0.0,0.0
51.722275257110596,0.5031511723868234,-2.6239101053612828,-0.8450917780295404,0.0,0.0,0.0
51.75603175163269,0.5084473072245934,-2.6272971830620357,-0.8595956510974128,0.0,0.0,0.0
51.79009437561035,0.513260066430094,-2.6303089039808927,-0.8729634570028103,0.0,0.0,0.0
51.82433032989502,0.5177306035071412,-2.6330824148053145,-0.8852625604294746,0.0,0.0,0.0
51.858646631240845,0.5219234733748556,-2.6356785114065913,-0.8965225360563922,0.0,0.0,0.0
51.892120122909546,0.5255423505230183,-2.6378860703069282,-0.9066029295079358,0.0,0.0,0.0
51.926433801651,0.5289355536708974,-2.6399071617245333,-0.915464350954523,0.0,0.0,0.0
51.977155447006226,0.5336754918512844,-2.642653966264941,-0.9264099240624047,0.0,0.0,0.0
52.011191606521606,0.5364356205153291,-2.6442538497584605,-0.9321169535644471,0.0,0.0,0.0
52.04505658149719,0.539036959242688,-2.6457239430285884,-0.9365612827890748,0.0,0.0,0.0
52.079418659210205,0.5415426822513473,-2.6470979334858606,-0.9397475013289066,0.0,0.0,0.0
52.1130006313324,0.5439687301622634,-2.648419476920857,-0.9416877696242598,0.0,0.0,0.0
52.1470251083374,0.5465726866158147,-2.649623923323378,-0.9424186234607923,0.0,0.0,0.0
52.18125343322754,0.5493842881151533,-2.65077958529278,-0.9420685582344066,0.0,0.0,0.0
52.21523332595825,0.5524109907230624,-2.6519229234005564,-0.9406967717062312,0.0,0.0,0.0
52.24900722503662,0.5556799253311258,-2.6530743881276893,-0.9383343242302129,0.0,0.0,0.0
52.28305530548096,0.5592150263000802,-2.6542619978072217,-0.9350291725382504,0.0,0.0,0.0
52.31725263595581,0.563023529934859,-2.655501010299622,-0.9308025470275629,0.0,0.0,0.0
52.35117721557617,0.5671091200660435,-2.6568064424818782,-0.9256719975846958,0.0,0.0,0.0
52.3852334022522,0.5714814490469196,-2.6581886961609626,-0.9196381650110441,0.0,0.0,0.0
52.41906929016113,0.57616797363371,-2.6596620631193746,-0.9127006813657758,0.0,0.0,0.0
52.454015254974365,0.5813681988125519,-2.6613095784847607,-0.9046209776044274,0.0,0.0,0.0
52.48802375793457,0.5867878482379996,-2.6630275240176,-0.8958582594726822,0.0,0.0,0.0
52.52208065986633,0.5925549780904592,-2.664859264249428,-0.8861958077705305,0.0,0.0,0.0
52.55639410018921,0.598682489925525,-2.6668538982594727,-0.875645372203125,0.0,0.0,0.0
52.607093811035156,0.6085510282586305,-2.6701304613218055,-0.8581398083491054,0.0,0.0,0.0
52.6411075592041,0.6156232779538259,-2.6724842274924003,-0.8453361251406077,0.0,0.0,0.0
52.675039529800415,0.6231677717405719,-2.675028387199805,-0.8316381381029783,0.0,0.0,0.0
52.70940542221069,0.6311660968521771,-2.6777547815613922,-0.8170464442024127,0.0,0.0,0.0
52.743098974227905,0.6395620071250294,-2.6806327661224794,-0.8015564787893894,0.0,0.0,0.0
52.77733254432678,0.6483679009258687,-2.683692607564727,-0.7851737374741805,0.0,0.0,0.0
52.81123971939087,0.6576313959497279,-2.6869457535949812,-0.7678922378114457,0.0,0.0,0.0
52.84514331817627,0.6673957740416622,-2.690349708312738,-0.7496975512973715,0.0,0.0,0.0
52.87915825843811,0.6776952173132494,-2.6939069776187177,-0.7305955803201776,0.0,0.0,0.0
52.91320538520813,0.6885214354736541,-2.697667969135169,-0.7106054026175173,0.0,0.0,0.0
52.94725704193115,0.6997765539544475,-2.7015614132566976,-0.6897110508664486,0.0,0.0,0.0
52.98118853569031,0.7111359609454421,-2.705557358185493,-0.6678802778515822,0.0,0.0,0.0
53.01530051231384,0.7224445578692402,-2.7097078431478567,-0.645108228584348,0.0,0.0,0.0
53.049039125442505,0.7337019291700095,-2.714008678834585,-0.6213953849591688,0.0,0.0,0.0
53.08317470550537,0.7448995541317892,-2.718384001764156,-0.5967420935417397,0.0,0.0,0.0
53.11713457107544,0.756027093862723,-2.7228961676241985,-0.571175547629225,0.0,0.0,0.0
53.15128564834595,0.767083441268151,-2.727500007619443,-0.5446741953329342,0.0,0.0,0.0
53.18563413619995,0.7780730195020484,-2.732132860537597,-0.5172214253692199,0.0,0.0,0.0
53.21919131278992,0.7889920219951041,-2.7367673623097435,-0.48883203098717587,0.0,0.0,0.0
53.25293159484863,0.7998252369571534,-2.7414722377732077,-0.4595492605583434,0.0,0.0,0.0
53.287070989608765,0.8105613319896149,-2.746134987165006,-0.42935747786233946,0.0,0.0,0.0
53.32149958610535,0.8212277490687668,-2.7506860907130553,-0.39824408753893564,0.0,0.0,0.0
53.35610866546631,0.8326990133366224,-2.755283112358481,-0.3653939325576018,0.0,0.0,0.0
53.38995409011841,0.8446318698508591,-2.7596229478301946,-0.33276372430580653,0.0,0.0,0.0
53.42412614822388,0.8572098424162373,-2.763733655281955,-0.29942137323768325,0.0,0.0,0.0
53.4581835269928,0.8704342650067325,-2.7675658227758926,-0.26535661235940794,0.0,0.0,0.0
53.49210214614868,0.8845471691796386,-2.7711366051350135,-0.2306220336765094,0.0,0.0,0.0
53.52607560157776,0.8993089455472486,-2.7743262081108955,-0.1952233613589752,0.0,0.0,0.0
53.560004234313965,0.9146695973711808,-2.7771145579872045,-0.15914990986881553,0.0,0.0,0.0
53.59391689300537,0.9308672943394956,-2.7797385149211653,-0.1222855936500905,0.0,0.0,0.0
53.627986907958984,0.9476771711631478,-2.7822221904084135,-0.08462286921067158,0.0,0.0,0.0
53.661977767944336,0.9650334757977723,-2.7839709289996764,-0.046144772038126974,0.0,0.0,0.0
53.69599938392639,0.9830512024756913,-2.7847023821356522,-0.0068380239858174,0.0,0.0,0.0
53.730019330978394,1.0017078230315486,-2.784461235242284,0.0332953834530444,0.0,0.0,0.0
53.76422953605652,1.0208273017591447,-2.7834319064695654,0.07424902380732665,0.0,0.0,0.0
53.79815363883972,1.0404014214821058,-2.7815664033327976,0.11604960153709944,0.0,0.0,0.0
53.8320677280426,1.0606220635470267,-2.778769532604616,0.15871261231001077,0.0,0.0,0.0
53.866081953048706,1.0816042192885176,-2.774938109314423,0.20220262435386363,0.0,0.0,0.0
53.90009355545044,1.1033387620751571,-2.769969435988549,0.24653633111747358,0.0,0.0,0.0
53.93396615982056,1.1260990580938215,-2.763690850380081,0.29176707990739303,0.0,0.0,0.0
53.96798801422119,1.1494259324603284,-2.7560918422891265,0.3379356601782402,0.0,0.0,0.0
54.00205755233765,1.1731918187006973,-2.7471040115623793,0.38502155563460816,0.0,0.0,0.0
54.03592538833618,1.1974701844846938,-2.736588986102292,0.432634076648127,0.0,0.0,0.0
54.070104122161865,1.2212435486986009,-2.7249639824878336,0.47936352647440705,0.0,0.0,0.0
54.104225158691406,1.2441914212112348,-2.7124360923519606,0.5250544523880976,0.0,0.0,0.0
54.13815999031067,1.2661734241867555,-2.6991364637057607,0.56968903011289,0.0,0.0,0.0
54.17212128639221,1.2871900632576616,-2.685391812559908,0.6132040446857574,0.0,0.0,0.0
54.20630192756653,1.3075125363284212,-2.6710897402634837,0.6555775156413689,0.0,0.0,0.0
54.23998188972473,1.3271787309254126,-2.656341174160598,0.6968087336646925,0.0,0.0,0.0
54.274441719055176,1.345995409440759,-2.641551605822023,0.7368603735997802,0.0,0.0,0.0
54.308313846588135,1.364071616360118,-2.626534068112534,0.7757121168363864,0.0,0.0,0.0
54.34215998649597,1.381568387609074,-2.6113019811688747,0.8133577463804604,0.0,0.0,0.0
54.37613368034363,1.3984669035844042,-2.5960546035078806,0.8497802486438278,0.0,0.0,0.0
54.410184144973755,1.4147936407085069,-2.5812268988227443,0.8849315265822187,0.0,0.0,0.0
54.4442777633667,1.430600492154552,-2.566557591875237,0.9188374746300352,0.0,0.0,0.0
54.478132247924805,1.4457426223458807,-2.5520749768299904,0.9515082355200103,0.0,0.0,0.0
54.512017250061035,1.4603857899890977,-2.5377582703573105,0.9829034460377838,0.0,0.0,0.0
54.54621911048889,1.4747358945849258,-2.5237551267432905,1.0130124432132883,0.0,0.0,0.0
54.58037233352661,1.4887057728208675,-2.5101523352584922,1.0418648755389603,0.0,0.0,0.0
54.6141517162323,1.5021538143737478,-2.4970916663580183,1.0694443775037359,0.0,0.0,0.0
54.64815855026245,1.5151317701716174,-2.4845213822331016,1.095743932483628,0.0,0.0,0.0
54.68211483955383,1.527780286194913,-2.4723004149361825,1.1207812141049174,0.0,0.0,0.0
54.71616554260254,1.5401770258254466,-2.4604701726656772,1.1445719695219978,0.0,0.0,0.0
54.750211000442505,1.5525712962984608,-2.449010457373669,1.167174504361502,0.0,0.0,0.0
54.78404498100281,1.5643326255731254,-2.437773056946691,1.188814383920652,0.0,0.0,0.0
54.81803607940674,1.5753329745448414,-2.4268233296305284,1.2095394179588317,0.0,0.0,0.0
54.85235071182251,1.5855516273934185,-2.4161516075708294,1.2293182159872589,0.0,0.0,0.0
54.886170625686646,1.5950906127559321,-2.4058056869161435,1.2481651973115129,0.0,0.0,0.0
54.92007398605347,1.6039890196721522,-2.395614241552607,1.26609654851724,0.0,0.0,0.0
54.9544472694397,1.612245625224244,-2.3856468011864624,1.2831146872368022,0.0,0.0,0.0
55.0050573348999,1.6236127914692793,-2.3712620900099752,1.3069373089434324,0.0,0.0,0.0
55.038962841033936,1.630552576322241,-2.3618448164741097,1.3216960791246248,0.0,0.0,0.0
55.07299995422363,1.6369950470084793,-2.352626537484003,1.335569846998524,0.0,0.0,0.0
55.107104539871216,1.6430084088791665,-2.3436999936050946,1.348556213783127,0.0,0.0,0.0
55.140989780426025,1.648640427998705,-2.3349757645615496,1.3606690730861035,0.0,0.0,0.0
55.175029277801514,1.6538868085263498,-2.326347471244515,1.37190816301229,0.0,0.0,0.0
55.20936989784241,1.6587877109988962,-2.3179560561383377,1.3822806339647176,0.0,0.0,0.0
55.24322843551636,1.6633976248335622,-2.3097912427570977,1.3917955181091866,0.0,0.0,0.0
55.27723670005798,1.6677168004652978,-2.3016957662077915,1.4004524604314268,0.0,0.0,0.0
55.3111047744751,1.6717848124476007,-2.2937779511238174,1.408245796074966,0.0,0.0,0.0
55.34501028060913,1.6756425520205127,-2.2860295786824127,1.415188825624561,0.0,0.0,0.0
55.37910318374634,1.6793115738718039,-2.278344023025309,1.4212969975155985,0.0,0.0,0.0
55.41312217712402,1.6827963809121784,-2.2707692782797433,1.4265595225282974,0.0,0.0,0.0
55.4473032951355,1.68614483399789,-2.263319220123321,1.4309865038179563,0.0,0.0,0.0
55.481175661087036,1.689380280850974,-2.2558763461540594,1.4345949508532707,0.0,0.0,0.0
55.5152473449707,1.6925128959330242,-2.248452504012908,1.4373815930665967,0.0,0.0,0.0
55.54911017417908,1.6955689812138304,-2.2411209805982906,1.4393438419704436,0.0,0.0,0.0
55.58300709724426,1.6985777596200253,-2.233749240596707,1.440500675908538,0.0,0.0,0.0
55.61707520484924,1.7015501490097305,-2.226360786994809,1.4408431293821462,0.0,0.0,0.0
55.6513888835907,1.704511938896099,-2.2189704310155913,1.4403757511315722,0.0,0.0,0.0
55.68504309654236,1.7074877782961027,-2.211496324223571,1.439111314913944,0.0,0.0,0.0
55.71910333633423,1.7104958451419006,-2.2039312539394156,1.4370499020981218,0.0,0.0,0.0
55.75343728065491,1.7135496910469432,-2.196318117042725,1.4341823945961918,0.0,0.0,0.0
55.787410497665405,1.7166778020269484,-2.188576583132908,1.4305262558168659,0.0,0.0,0.0
55.82108783721924,1.7198992198900156,-2.180697854883195,1.426079344571619,0.0,0.0,0.0
55.855597496032715,1.7232309052456867,-2.1726884351689093,1.420836975778176,0.0,0.0,0.0
55.88972783088684,1.7266954324225077,-2.164520462766311,1.4148059194559768,0.0,0.0,0.0
55.923633098602295,1.7303117437490743,-2.156190258389206,1.4079850695988936,0.0,0.0,0.0
55.95826983451843,1.734218795086452,-2.1474076497070955,1.4001403473420995,0.0,0.0,0.0
56.009095668792725,1.7402937691471447,-2.1342112562950266,1.3872046818116326,0.0,0.0,0.0
56.04302144050598,1.7446240127593722,-2.1251534812523785,1.3775874945689517,0.0,0.0,0.0
56.077537536621094,1.749213602397453,-2.1158304768599705,1.3671872431792849,0.0,0.0,0.0
56.111159563064575,1.7540818233034838,-2.1062509155765334,1.3559919212663534,0.0,0.0,0.0
56.14528203010559,1.7592505759518782,-2.0964150163558837,1.3439946054277951,0.0,0.0,0.0
56.17909908294678,1.7647425070312188,-2.0863262848966575,1.3311970958697474,0.0,0.0,0.0
56.21311116218567,1.7705934436647155,-2.075928281905555,1.3176135044959645,0.0,0.0,0.0
56.24705457687378,1.776825656994282,-2.065233522986159,1.3032302997920435,0.0,0.0,0.0
56.281009912490845,1.783456037593835,-2.0542698610974743,1.2880287956600074,0.0,0.0,0.0
56.315316677093506,1.7905226393683118,-2.0430018451143437,1.272018910742095,0.0,0.0,0.0
56.34935712814331,1.7980631852683984,-2.0313873231861477,1.2552092666372376,0.0,0.0,0.0
56.38305449485779,1.8060784976421824,-2.019517304341067,1.2375629452910535,0.0,0.0,0.0
56.41714024543762,1.8146343528821702,-2.007285426980554,1.2190949948928977,0.0,0.0,0.0
56.451256275177,1.8237468467113855,-1.9947311715085139,1.1997998141567374,0.0,0.0,0.0
56.48527669906616,1.8334285573126503,-1.9819153301765724,1.1796672661681966,0.0,0.0,0.0
56.519243478775024,1.8436847709059956,-1.968792398023153,1.1586759626708227,0.0,0.0,0.0
56.553218603134155,1.8541848839991573,-1.9553171160992069,1.1366055901374843,0.0,0.0,0.0
56.5871307849884,1.86483760322538,-1.941579145665447,1.1133970548611503,0.0,0.0,0.0
56.621418952941895,1.8756318962950447,-1.9276024754480496,1.0890481401463692,0.0,0.0,0.0
56.655049324035645,1.886575433012748,-1.9132919313994998,1.0635379804373442,0.0,0.0,0.0
56.68911695480347,1.8976815405251974,-1.8987098979622066,1.036835562316179,0.0,0.0,0.0
56.72310709953308,1.9089308519873764,-1.8840142491296257,1.008941825151091,0.0,0.0,0.0
56.75711512565613,1.920316920496238,-1.8690092001392722,0.9798785070281216,0.0,0.0,0.0
56.7913601398468,1.9318516567146193,-1.853531356580661,0.9496342845451475,0.0,0.0,0.0
56.82536053657532,1.9436156733976462,-1.8377437295396828,0.918219756900623,0.0,0.0,0.0
56.85931611061096,1.9563151924331015,-1.8216264102125337,0.8856754283852573,0.0,0.0,0.0
56.89321517944336,1.9702505021258814,-1.8049464983626884,0.8519888657950294,0.0,0.0,0.0
56.92734241485596,1.985332455151725,-1.7880348211506902,0.8171226351314422,0.0,0.0,0.0
56.96108365058899,2.0016359479333565,-1.7711094764080333,0.7811139171064126,0.0,0.0,0.0
56.99511098861694,2.0192627429198247,-1.754076171027314,0.7439776064498644,0.0,0.0,0.0
57.02941155433655,2.0382921119247523,-1.7370431525265648,0.705855796321021,0.0,0.0,0.0
57.063385248184204,2.05794892088432,-1.7209107952623974,0.668261306286892,0.0,0.0,0.0
57.09705305099487,2.0776289366198224,-1.7059291652805213,0.6316526213659321,0.0,0.0,0.0
57.13134694099426,2.0972907077431344,-1.6920711684411835,0.5960295945357847,0.0,0.0,0.0
57.16556239128113,2.11691912078577,-1.6792451142950338,0.5613924890953161,0.0,0.0,0.0
57.2162663936615,2.146088116437523,-1.661882745449437,0.5113489227036228,0.0,0.0,0.0
57.250142335891724,2.164934337036243,-1.6517014980931595,0.479322520665901,0.0,0.0,0.0
57.28415775299072,2.183517074168375,-1.642407828233884,0.44832126663461497,0.0,0.0,0.0
57.31814479827881,2.201719645804701,-1.6339923705649442,0.4183559897626256,0.0,0.0,0.0
57.35245966911316,2.218994642687397,-1.626630079833568,0.38952063025972533,0.0,0.0,0.0
57.38723301887512,2.236322841784427,-1.6198165711808852,0.36091825741411293,0.0,0.0,0.0
57.421011447906494,2.2525376629346185,-1.6139656874149793,0.33421757319941936,0.0,0.0,0.0
57.455223083496094,2.2678338192576137,-1.6089240616328475,0.30860774439093874,0.0,0.0,0.0
57.489126682281494,2.2820223648481437,-1.6046024308725824,0.28410841452064767,0.0,0.0,0.0
57.52307677268982,2.295566766982558,-1.6006829766837793,0.2605688788751631,0.0,0.0,0.0
57.55715894699097,2.30836033501148,-1.597328376600659,0.23800940214728805,0.0,0.0,0.0
57.591121196746826,2.320545382100643,-1.5942272973816938,0.2163404814432537,0.0,0.0,0.0
57.62517547607422,2.3324624910779,-1.59150559561049,0.1955345808802676,0.0,0.0,0.0
57.65947675704956,2.3439567381216326,-1.5893289573099763,0.1757441600990727,0.0,0.0,0.0
57.693161964416504,2.354066936514286,-1.5879368021875266,0.15708998288207887,0.0,0.0,0.0
57.72721481323242,2.3626608929501205,-1.5869099484787825,0.13957073381862975,0.0,0.0,0.0
57.76115393638611,2.369937142668247,-1.5861900703243559,0.12318506947974348,0.0,0.0,0.0
57.79543161392212,2.3758455561038074,-1.5858626380002,0.10791810034634933,0.0,0.0,0.0
57.829116106033325,2.3804230459618165,-1.5856904704075017,0.09375317240875466,0.0,0.0,0.0
57.863242387771606,2.383652855786534,-1.5856223949879733,0.08067625062505163,0.0,0.0,0.0
57.897541761398315,2.3855197204602496,-1.585635396719059,0.06867801125989813,0.0,0.0,0.0
57.93116354942322,2.386038829828895,-1.5856904435303991,0.05775147191339982,0.0,0.0,0.0
57.9653046131134,2.385269530276914,-1.585750984290751,0.04788724196132029,0.0,0.0,0.0
57.999383211135864,2.384025466049167,-1.5858076660086058,0.03901384283415434,0.0,0.0,0.0
58.03318476676941,2.3828142419671874,-1.585852459956808,0.031082994618867085,0.0,0.0,0.0
58.06720948219299,2.3843699142234422,-1.5835666512001452,0.023680660939158764,0.0,0.0,0.0
58.10123610496521,2.394558390831999,-1.5793074887904,0.01619154249705076,0.0,0.0,0.0
58.13526630401611,2.4003504494977963,-1.5782481207902397,0.009082882818621461,0.0,0.0,0.0
58.169148206710815,2.4036864933201825,-1.5782018255032502,0.002962030655603535,0.0,0.0,0.0
58.20318055152893,2.40458030126074,-1.5782123283298788,-0.0021603657294138037,0.0,0.0,0.0
58.2372944355011,2.4059704381718756,-1.57820450077604,-0.006251392996505268,0.0,0.0,0.0
58.2711923122406,2.405443800752391,-1.578217641361018,-0.009337991819229492,0.0,0.0,0.0
58.305354833602905,2.40324639801378,-1.5782459833267246,-0.011418339123640106,0.0,0.0,0.0
58.339385747909546,2.400104461259825,-1.5782185149921701,-0.012480885296981737,0.0,0.0,0.0
58.37320947647095,2.395687682306363,-1.5781580442333691,-0.012530987744211623,0.0,0.0,0.0
58.407411336898804,2.3914699294486854,-1.578106469051927,-0.01167670622918585,0.0,0.0,0.0
58.44110059738159,2.388038358171088,-1.5780686816653002,-0.00996548260036828,0.0,0.0,0.0
58.47550630569458,2.3855291436411656,-1.5780459684372352,-0.007409891707334695,0.0,0.0,0.0
58.50930857658386,2.383546416684564,-1.578033554780617,-0.003981506643345671,0.0,0.0,0.0
58.543184757232666,2.3820019519840065,-1.578029324844212,0.0003218689219000539,0.0,0.0,0.0
58.57702875137329,2.380984753087502,-1.5780305401299197,0.005489085528773337,0.0,0.0,0.0
58.611398696899414,2.38040031985373,-1.578026905905482,0.011529354587707886,0.0,0.0,0.0
58.64511585235596,2.3857547485541644,-1.5739091809085795,0.0176810971229915,0.0,0.0,0.0
58.67927694320679,2.3959269774045606,-1.5686980923056337,0.023752067506196232,0.0,0.0,0.0
58.71303629875183,2.406718698218265,-1.5645494818201717,0.029872897500516884,0.0,0.0,0.0
58.74741864204407,2.416173685561133,-1.5644421594348898,0.036143760556993594,0.0,0.0,0.0
58.78134846687317,2.4154110640738997,-1.564636892144545,0.043259976585991275,0.0,0.0,0.0
58.81549119949341,2.411432018303333,-1.5645722344951547,0.05088625121337031,0.0,0.0,0.0
58.849088191986084,2.417294773706993,-1.5640397874121377,0.05947887635014707,0.0,0.0,0.0
58.88312649726868,2.4231169132810373,-1.564133603878379,0.0687581302473419,0.0,0.0,0.0
58.917097330093384,2.4191045853932898,-1.564533292956173,0.07882661943763174,0.0,0.0,0.0
58.951096534729004,2.417622951678376,-1.5640557511262188,0.08939003577980235,0.0,0.0,0.0
58.985106229782104,2.425531719472548,-1.5633421468167792,0.10094016243256342,0.0,0.0,0.0
59.01916694641113,2.427093265492218,-1.5638125564626573,0.11324856640791948,0.0,0.0,0.0
59.05333995819092,2.4224612760648476,-1.5641531889053406,0.12611424044722033,0.0,0.0,0.0
59.087687253952026,2.4258449927446364,-1.562941211724281,0.13979373743329354,0.0,0.0,0.0
59.121227741241455,2.4332046857513596,-1.5625927345650905,0.15426372555472867,0.0,0.0,0.0
59.154982805252075,2.4308971963004065,-1.5633240202810088,0.1695537176199349,0.0,0.0,0.0
59.18933391571045,2.428682258596101,-1.5628700373957427,0.18524437681935463,0.0,0.0,0.0
59.22329044342041,2.436082680369667,-1.5610231876760592,0.201905920464131,0.0,0.0,0.0
59.25703001022339,2.440736131154996,-1.5612855500777374,0.2192288409549831,0.0,0.0,0.0
59.291094064712524,2.4372001178662535,-1.562199547685258,0.2372357981762483,0.0,0.0,0.0
59.32510566711426,2.4375743847970783,-1.560893243584502,0.2556668603017971,0.0,0.0,0.0
59.35914897918701,2.4465168236536465,-1.5583319042148909,0.2749598845856307,0.0,0.0,0.0
59.39308476448059,2.4493565499848313,-1.5588635188928877,0.2948566408772578,0.0,0.0,0.0
59.42726755142212,2.446002353663839,-1.559921331019675,0.3152732304573957,0.0,0.0,0.0
59.461066246032715,2.446882202886833,-1.558180016197951,0.33616351314356285,0.0,0.0,0.0
59.49543738365173,2.455986331992418,-1.5530014693427396,0.3577347914299264,0.0,0.0,0.0
59.5290584564209,2.4655075124006016,-1.5468597420237593,0.3792657049105715,0.0,0.0,0.0
59.563135623931885,2.475000002033411,-1.5407293780613742,0.4007967571942988,0.0,0.0,0.0
59.597034215927124,2.484463553638696,-1.53461096474646,0.42233033320084007,0.0,0.0,0.0
59.6310658454895,2.4908549252342485,-1.531540191599954,0.44417310780334845,0.0,0.0,0.0
59.665497064590454,2.491319670477645,-1.5323017530620124,0.46715042931349077,0.0,0.0,0.0
59.70029330253601,2.495336108023794,-1.530389824220811,0.4914681722289304,0.0,0.0,0.0
59.73425769805908,2.491744999835784,-1.5334189241977256,0.5158248418470119,0.0,0.0,0.0
59.768078088760376,2.48856015881982,-1.5342685579150543,0.5407027367698808,0.0,0.0,0.0
59.80244445800781,2.493201675019895,-1.5312241356022678,0.5665051042293437,0.0,0.0,0.0
59.836326122283936,2.4914683037565295,-1.533321340387549,0.5930950768017622,0.0,0.0,0.0
59.870227098464966,2.4890734966303945,-1.5344421566308717,0.620083889588971,0.0,0.0,0.0
59.904035806655884,2.494340205308047,-1.530167382809134,0.6479644044064288,0.0,0.0,0.0
59.93812561035156,2.494661869065475,-1.530613557891702,0.6765346974830433,0.0,0.0,0.0
59.97231650352478,2.4924229402615468,-1.5323657119402865,0.7054932251687184,0.0,0.0,0.0
60.00633502006531,2.4966834377699665,-1.5283823710731281,0.7352687198628451,0.0,0.0,0.0
60.040411949157715,2.4979570533835322,-1.5273744686062816,0.7655513359870268,0.0,0.0,0.0
60.07397794723511,2.496829044505992,-1.5284989742714568,0.7961757345596117,0.0,0.0,0.0
60.108004570007324,2.4998670860327605,-1.525318674615702,0.8273711441407513,0.0,0.0,0.0
60.142160415649414,2.5004418721721873,-1.524643265813747,0.8588437689190274,0.0,0.0,0.0
60.17603254318237,2.500582346582645,-1.5245230411441293,0.8904962105601005,0.0,0.0,0.0
60.21000862121582,2.502072025513104,-1.522622241695078,0.9223465652675384,0.0,0.0,0.0
60.24406623840332,2.5022705468280586,-1.5223453806426495,0.9543439270052513,0.0,0.0,0.0
60.27827978134155,2.502899801006783,-1.5214233148369751,0.9863097996860074,0.0,0.0,0.0
60.312108278274536,2.503171549719784,-1.5210049022491452,1.0180859469775407,0.0,0.0,0.0
60.34723138809204,2.503372530285826,-1.5206202149236914,1.0497710611954123,0.0,0.0,0.0
60.382164478302,2.5031098512349925,-1.5213000591024424,1.0829730016279273,0.0,0.0,0.0
60.41619253158569,2.5034174640035087,-1.5203609383030232,1.114066817539647,0.0,0.0,0.0
60.450074672698975,2.5024070398479834,-1.522875084392086,1.1446202405945523,0.0,0.0,0.0
60.48402714729309,2.50257621665425,-1.521962153254867,1.1747624936159675,0.0,0.0,0.0
60.51818513870239,2.501550215102408,-1.5250011648301738,1.2042422943927193,0.0,0.0,0.0
60.552156925201416,2.5015784199490154,-1.5241033876019683,1.2332267224807083,0.0,0.0,0.0
60.58637714385986,2.5000809022871997,-1.5289686152122854,1.261367442767174,0.0,0.0,0.0
60.620381355285645,2.5002637972538713,-1.5282473849055334,1.2887829967939133,0.0,0.0,0.0
60.653966426849365,2.498340586712995,-1.533826629993183,1.3153208137146177,0.0,0.0,0.0
60.68805694580078,2.4988549618957783,-1.5342390971022817,1.3409120799787932,0.0,0.0,0.0
60.72233748435974,2.497342069723409,-1.5371351379683638,1.3657524176051279,0.0,0.0,0.0
60.756205797195435,2.4976048984730808,-1.539789427452892,1.3896844042760774,0.0,0.0,0.0
60.790093183517456,2.4973996596399752,-1.5377028401281325,1.4129876006033903,0.0,0.0,0.0
60.824039459228516,2.4966588081297147,-1.5436167489384571,1.4353216113597416,0.0,0.0,0.0
60.857993602752686,2.4975255741799733,-1.5422970674039247,1.456704498876597,0.0,0.0,0.0
60.8920841217041,2.4973621881031773,-1.5385348412940598,1.4772185033874392,0.0,0.0,0.0
60.926026582717896,2.4977243298176606,-1.53951319310091,1.496821754717613,0.0,0.0,0.0
60.96033477783203,2.5017667415001443,-1.5345258284768575,1.5160689817701458,0.0,0.0,0.0
60.9941680431366,2.50980044759532,-1.5298035597190034,1.5356160252320454,0.0,0.0,0.0
61.0281195640564,2.5178336168179443,-1.525107711793565,1.5551701908996218,0.0,0.0,0.0
61.06377935409546,2.5258666020492595,-1.5204385337762607,1.574730279919248,0.0,0.0,0.0
61.11299777030945,2.5379175405671064,-1.5134856093175144,1.6040674861550157,0.0,0.0,0.0
61.14709234237671,2.5459529645186407,-1.508883415051371,1.623624047386603,0.0,0.0,0.0
61.18111515045166,2.5539901973582473,-1.5043075428686195,1.643176801125796,0.0,0.0,0.0
61.21523070335388,2.55760426346917,-1.4953309013363725,1.6623006599737948,0.0,0.0,0.0
61.24915885925293,2.5539993502350775,-1.4750672119888808,1.680457338823537,0.0,0.0,0.0
61.28323268890381,2.5509094758996937,-1.4490237759031006,1.6985818934859063,0.0,0.0,0.0
61.31723880767822,2.5475092256100638,-1.4242502257460088,1.7166038427240538,0.0,0.0,0.0
61.351337909698486,2.543695173440312,-1.3998465269037887,1.7346179984930699,0.0,0.0,0.0
61.38545799255371,2.5386311614124137,-1.3746233201325948,1.7525539915248394,0.0,0.0,0.0
61.419018030166626,2.5304518877839737,-1.3401814679322444,1.7696059998680842,0.0,0.0,0.0
61.45303153991699,2.521590262069423,-1.2981528747730204,1.7858825610365185,0.0,0.0,0.0
61.4871301651001,2.5120777785345973,-1.2561499568713161,1.8021512854687647,0.0,0.0,0.0
61.52099299430847,2.5051813054023726,-1.2189144734900084,1.8179085175630538,0.0,0.0,0.0
61.554954528808594,2.5002188838013435,-1.1928774388764714,1.832536142676686,0.0,0.0,0.0
61.58898162841797,2.4957504729953035,-1.1759855525045153,1.8462987903351817,0.0,0.0,0.0
61.62313723564148,2.4906697383795486,-1.1611273833305378,1.8596493796070193,0.0,0.0,0.0
61.65699243545532,2.4827573144765416,-1.1380311480907221,1.8721756693087748,0.0,0.0,0.0
61.691073417663574,2.47570277283175,-1.1156917071982537,1.8847943151299695,0.0,0.0,0.0
61.72520589828491,2.469198789214208,-1.0954990350215281,1.8975679539436845,0.0,0.0,0.0
61.75918221473694,2.4677112304368554,-1.0834766089180883,1.9094507069618374,0.0,0.0,0.0
61.792945861816406,2.466895738100943,-1.0804898447665752,1.9204781266864774,0.0,0.0,0.0
61.827009201049805,2.465967159619618,-1.0783290586435086,1.9313852052618847,0.0,0.0,0.0
61.861013889312744,2.4598486044746535,-1.0687315410016438,1.9415206144443387,0.0,0.0,0.0
61.89540910720825,2.4530746605372356,-1.0517763869431411,1.9509529095946496,0.0,0.0,0.0
61.92929148674011,2.446824766908614,-1.0358203858145894,1.9604122929698489,0.0,0.0,0.0
61.96331000328064,2.44619282867824,-1.0280819190122616,1.9689062789186367,0.0,0.0,0.0
61.997623443603516,2.446380776721388,-1.0282924963809628,1.976650246221175,0.0,0.0,0.0
62.03130555152893,2.444265681084246,-1.0265204072095044,1.9840946541918596,0.0,0.0,0.0
62.06516718864441,2.4378795208577757,-1.0147511833307394,1.9906005687907156,0.0,0.0,0.0
62.098941802978516,2.4316210416603297,-1.0008136392025915,1.996916668618562,0.0,0.0,0.0
62.13310170173645,2.430172811604622,-0.9927811795625748,2.0025862328252484,0.0,0.0,0.0
62.16724228858948,2.4310983443119336,-0.9939403526634515,2.007329639922583,0.0,0.0,0.0
62.201348066329956,2.428281269493669,-0.9918986737083919,2.011549530620505,0.0,0.0,0.0
62.235185861587524,2.422444894055231,-0.9806286615270092,2.014944515642539,0.0,0.0,0.0
62.269978284835815,2.418480243556167,-0.9701578670188381,2.01811388739523,0.0,0.0,0.0
62.30408811569214,2.4197729745352827,-0.9699254794525077,2.0200601531038425,0.0,0.0,0.0
62.33819890022278,2.416973423221034,-0.9680554157780653,2.021279953199968,0.0,0.0,0.0
62.37205934524536,2.4116391581274343,-0.9575591322424404,2.0217499875047067,0.0,0.0,0.0
62.40600919723511,2.4118404307706127,-0.9535660229351844,2.021268794254022,0.0,0.0,0.0
62.43997526168823,2.4086322700815783,-0.9497926354027275,2.019686891900891,0.0,0.0,0.0
62.47421097755432,2.407007498628286,-0.9429566906935886,2.01692257529394,0.0,0.0,0.0
62.50795650482178,2.4044175722130547,-0.9350186922608633,2.012874366234235,0.0,0.0,0.0
62.542015075683594,2.4011980824946697,-0.9262570183998199,2.0075336682676124,0.0,0.0,0.0
62.57596683502197,2.397389282941944,-0.9168701573445417,2.000863751404957,0.0,0.0,0.0
62.61014699935913,2.392775967980967,-0.9066499590636444,1.9928897847408529,0.0,0.0,0.0
62.644161224365234,2.3882467485146246,-0.8964457479750904,1.9836982625824242,0.0,0.0,0.0
62.677990436553955,2.3838544932706993,-0.8862821883626957,1.973293071639183,0.0,0.0,0.0
62.71216106414795,2.379600870212521,-0.8761330615151167,1.9616746949361341,0.0,0.0,0.0
62.74616861343384,2.375482102496953,-0.865944137679604,1.9488415059159068,0.0,0.0,0.0
62.78004789352417,2.3714770923263724,-0.8556573900858543,1.934794494599664,0.0,0.0,0.0
62.8140709400177,2.3675943138010784,-0.845230604521402,1.9195311414487615,0.0,0.0,0.0
62.84797549247742,2.3652623266537462,-0.8360991133139455,1.9032659449212088,0.0,0.0,0.0
62.882572412490845,2.3723257573840626,-0.8306544986895106,1.887458793521514,0.0,0.0,0.0
62.933351039886475,2.3870340808993467,-0.8225225523196027,1.864059558311798,0.0,0.0,0.0
62.967031478881836,2.3968466389892713,-0.8171196652367745,1.8484564620631332,0.0,0.0,0.0
63.000919580459595,2.403628423031636,-0.8086981509867014,1.83249534501112,0.0,0.0,0.0
63.03493928909302,2.4012047832952645,-0.7946422935425215,1.8158192935792703,0.0,0.0,0.0
63.06891632080078,2.400481740225868,-0.7867716791890046,1.79836395032389,0.0,0.0,0.0
63.103023290634155,2.3998935360417795,-0.7841096299687864,1.7804261615425456,0.0,0.0,0.0
63.13704824447632,2.3991365949680157,-0.7807597716934215,1.7625519067052497,0.0,0.0,0.0
63.17117667198181,2.3962166816529917,-0.7700133942772491,1.7440490064597927,0.0,0.0,0.0
63.20523023605347,2.393529694058531,-0.753749367225223,1.724991170044819,0.0,0.0,0.0
63.24012804031372,2.3910322803046755,-0.7364911679531987,1.7053163079377145,0.0,0.0,0.0
63.27422881126404,2.3903522085879843,-0.7254296040307697,1.6855510205463884,0.0,0.0,0.0
63.30812692642212,2.3897931159679455,-0.7200876646698376,1.665234495907886,0.0,0.0,0.0
63.342772483825684,2.389001607787485,-0.7136272328469142,1.6449048623200964,0.0,0.0,0.0
63.37614154815674,2.3878214473390194,-0.6984493529702405,1.623834505430319,0.0,0.0,0.0
63.4100775718689,2.387031530125587,-0.6797222150573047,1.6024098864983598,0.0,0.0,0.0
63.444154024124146,2.3867127970082156,-0.6615836037844766,1.5808202219876133,0.0,0.0,0.0
63.47818732261658,2.386728431361963,-0.6519767749957661,1.558380659300991,0.0,0.0,0.0
63.512195110321045,2.38691774082384,-0.6438410659202588,1.5358036648026399,0.0,0.0,0.0
63.54613280296326,2.387814478579397,-0.6302109930345317,1.5128141200526244,0.0,0.0,0.0
63.57995629310608,2.3910856136132463,-0.6117812760579886,1.489354805097882,0.0,0.0,0.0
63.61425971984863,2.4007530562450614,-0.6030810745955923,1.466466356054634,0.0,0.0,0.0
63.665162324905396,2.4115699154207246,-0.5898891428316149,1.431854463610051,0.0,0.0,0.0
63.699130058288574,2.4182720940862446,-0.5764763727739404,1.4083454152132326,0.0,0.0,0.0
63.73317503929138,2.422572017997351,-0.5697979844555521,1.3846869747491721,0.0,0.0,0.0
63.76768636703491,2.422993950346649,-0.5675396166119444,1.3605253147499168,0.0,0.0,0.0
63.802154302597046,2.4244506980690317,-0.5642366739299548,1.3353355299804077,0.0,0.0,0.0
63.83606839179993,2.4271012429548375,-0.5540125989100058,1.3102459459751312,0.0,0.0,0.0
63.870134115219116,2.4298398212109356,-0.5442269500895998,1.285176823555585,0.0,0.0,0.0
63.90405535697937,2.4297405489315076,-0.5402268969491808,1.2595575005460595,0.0,0.0,0.0
63.93856596946716,2.4287040296133133,-0.5432741517405386,1.233223028741604,0.0,0.0,0.0
63.988967418670654,2.432394567090768,-0.5367705286521982,1.1928820167291136,0.0,0.0,0.0
64.02298021316528,2.4356508763450195,-0.528875897133733,1.1656852883663162,0.0,0.0,0.0
64.0573558807373,2.4363746452784003,-0.5247784925794773,1.1381301102211143,0.0,0.0,0.0
64.09123206138611,2.4353031846780886,-0.526945894107716,1.1099211994035794,0.0,0.0,0.0
64.12510323524475,2.4365359881454216,-0.5257840685256052,1.081530537484964,0.0,0.0,0.0
64.15923428535461,2.4395203474352587,-0.520333487512027,1.0527895284472424,0.0,0.0,0.0
64.19308495521545,2.442468652601643,-0.5153286769656215,1.0240820965734507,0.0,0.0,0.0
64.22723484039307,2.4429279909821746,-0.5142146142557091,0.9949535109860437,0.0,0.0,0.0
64.26093196868896,2.4432512270187865,-0.5137192023710164,0.9657579502171155,0.0,0.0,0.0
64.29518628120422,2.445340307289354,-0.5108734444771708,0.9363127006409427,0.0,0.0,0.0
64.32922196388245,2.447667386417121,-0.5078006305806286,0.9068384745437847,0.0,0.0,0.0
64.36302781105042,2.449685880153125,-0.5053013146834816,0.877385632476065,0.0,0.0,0.0
64.397127866745,2.45192382176184,-0.5026831102515711,0.8479581924636076,0.0,0.0,0.0
64.43116426467896,2.4536475952418124,-0.500741823338278,0.8186634298056564,0.0,0.0,0.0
64.46526622772217,2.4543777286796353,-0.4999779638829366,0.7894974303927319,0.0,0.0,0.0
64.50000381469727,2.4553542315486103,-0.4990153642704029,0.760483517346996,0.0,0.0,0.0
64.55000567436218,2.4616912414805707,-0.4932316849660329,0.7176751977590337,0.0,0.0,0.0
64.58402395248413,2.4614637308430445,-0.4935308712661816,0.6896647572907485,0.0,0.0,0.0
64.61827683448792,2.4596240534595024,-0.4950128055739891,0.6618231499827587,0.0,0.0,0.0
64.65297889709473,2.462802071235363,-0.4921768572275018,0.6346606915121837,0.0,0.0,0.0
64.68661713600159,2.468467189797252,-0.4882118383729682,0.6078615503269796,0.0,0.0,0.0
64.73700761795044,2.464345084055996,-0.4916315634953501,0.5688900860190943,0.0,0.0,0.0
64.77114057540894,2.4634142354344433,-0.491092586739832,0.5435444590529892,0.0,0.0,0.0
64.80523324012756,2.4704603655431496,-0.48675393234961123,0.5190920684447314,0.0,0.0,0.0
64.83909177780151,2.4713742187852885,-0.4882278581506979,0.4953521487706719,0.0,0.0,0.0
64.87319421768188,2.464585318325585,-0.4919084570920123,0.47226392365010084,0.0,0.0,0.0
64.90699911117554,2.464071475412127,-0.48989814768344053,0.45006741755327595,0.0,0.0,0.0
64.94103336334229,2.4717700291305684,-0.4847540934610362,0.42848706899344113,0.0,0.0,0.0
64.97499752044678,2.479777534826635,-0.4795585660404749,0.4069137943038979,0.0,0.0,0.0
65.00906705856323,2.4877560753176304,-0.47437512161790446,0.3853396913930181,0.0,0.0,0.0
65.04331707954407,2.495705212704289,-0.46920350585039194,0.3637634117489124,0.0,0.0,0.0
65.07720112800598,2.5036244792698925,-0.464043471142692,0.3421832135010202,0.0,0.0,0.0
65.11125564575195,2.5073788827501966,-0.46301918941870224,0.32098889398413644,0.0,0.0,0.0
65.14501976966858,2.506359805280657,-0.4652938767390472,0.30090383006569077,0.0,0.0,0.0
65.1961841583252,2.4988615085869874,-0.4702275626885396,0.2721507827232291,0.0,0.0,0.0
65.23019003868103,2.489065747117142,-0.4714325100997399,0.25431812121750136,0.0,0.0,0.0
65.26874208450317,2.1335773796750286,-0.4948844047539524,0.5190384876293632,0.0,0.0,0.0
65.30266642570496,2.132281727474617,-0.4913180386800578,0.5350628194754672,0.0,0.0,0.0
65.33676409721375,2.142230443761127,-0.4766874413534753,0.5495919087219296,0.0,0.0,0.0
65.37094640731812,2.1634231027324606,-0.4580495574514181,0.5629046924738845,0.0,0.0,0.0
65.4046323299408,2.191742228778122,-0.43974743756621903,0.5753142182279481,0.0,0.0,0.0
65.43859028816223,2.218411992323937,-0.42224713714321704,0.5874869184532536,0.0,0.0,0.0
65.47261261940002,2.24432302382938,-0.40477432467075053,0.5996028857257911,0.0,0.0,0.0
65.50662803649902,2.2688372922354394,-0.3880818853538074,0.6117120059242155,0.0,0.0,0.0
65.54058504104614,2.2840132626655674,-0.3791699617957781,0.6239095608424834,0.0,0.0,0.0
65.57578301429749,2.291319603580023,-0.3714721681596708,0.6361681332604885,0.0,0.0,0.0
65.60979390144348,2.2980872012637894,-0.3639997808095435,0.648056926617462,0.0,0.0,0.0
65.6437816619873,2.304887722939226,-0.3564920590767306,0.6599592968107816,0.0,0.0,0.0
65.67767143249512,2.318281511276534,-0.34256441933344334,0.6727920007030765,0.0,0.0,0.0
65.7116448879242,2.3399796530517545,-0.32466072625678655,0.6863121752112834,0.0,0.0,0.0
65.74602556228638,2.361479093012344,-0.30683840644458676,0.6997891249439759,0.0,0.0,0.0
65.77976298332214,2.3799438161608046,-0.2911483381421071,0.7136350168273722,0.0,0.0,0.0
65.81430077552795,2.394252808836536,-0.2786221706145329,0.7279919511960553,0.0,0.0,0.0
65.84790229797363,2.405486192353306,-0.2685496468494436,0.7423291973984696,0.0,0.0,0.0
65.88188481330872,2.414003566822066,-0.26065148540951083,0.7563667286332109,0.0,0.0,0.0
65.91602849960327,2.4206348715724246,-0.25431253450255265,0.7701635685446304,0.0,0.0,0.0
65.95029997825623,2.4262885862796164,-0.24874080351642844,0.7838390811674925,0.0,0.0,0.0
66.00063395500183,2.435999723167505,-0.23883926748536866,0.8039436435468525,0.0,0.0,0.0
66.03498148918152,2.4416540772327995,-0.2328987156745528,0.8174595929680497,0.0,0.0,0.0
66.06872391700745,2.4465025802380764,-0.22768174462239865,0.8310901700234353,0.0,0.0,0.0
66.10278105735779,2.4492427093914086,-0.2246534361591169,0.8445659672035144,0.0,0.0,0.0
66.13713431358337,2.4503621055125753,-0.2233933377332323,0.8578072366841595,0.0,0.0,0.0
66.1719479560852,2.451170184079803,-0.22244724249646894,0.8713707595676478,0.0,0.0,0.0
66.20565271377563,2.452209578319139,-0.2212646706692626,0.8844498630193869,0.0,0.0,0.0
66.23998141288757,2.4556440512570674,-0.21701929739063974,0.8971780926489381,0.0,0.0,0.0
66.27358531951904,2.4587275530633907,-0.2131197024384235,0.9099799275977107,0.0,0.0,0.0
66.30772614479065,2.4613798582814495,-0.20969680169901297,0.9228690646619822,0.0,0.0,0.0
66.34178614616394,2.461166044362718,-0.20982334643403036,0.9353563674702278,0.0,0.0,0.0
66.37578344345093,2.460097271035888,-0.21130812861222206,0.9476523225692962,0.0,0.0,0.0
66.40985321998596,2.4590014056262697,-0.21285085850235844,0.9599088915339915,0.0,0.0,0.0
66.46060061454773,2.4616200026327753,-0.20934999372361104,0.977697301857067,0.0,0.0,0.0
66.49492764472961,2.464089354490667,-0.20566159182402988,0.9894756720533231,0.0,0.0,0.0
66.52881336212158,2.466017067565595,-0.20266457680827957,1.001337231760605,0.0,0.0,0.0
66.56259894371033,2.4642632541960245,-0.20497761990261043,1.0125812026155152,0.0,0.0,0.0
66.59675431251526,2.4622897430707686,-0.20818924536932248,1.023695098017532,0.0,0.0,0.0
66.63071775436401,2.4607487289621566,-0.21090750425194585,1.0347691370434287,0.0,0.0,0.0
66.66475343704224,2.46306622620038,-0.20763652981321418,1.0452543513380947,0.0,0.0,0.0
66.69892144203186,2.465376829814979,-0.20362530782992178,1.055733220369129,0.0,0.0,0.0
66.73293685913086,2.4670852030355155,-0.20047477573510944,1.0663000269175478,0.0,0.0,0.0
66.76673889160156,2.464890552363162,-0.20356638034253993,1.0761470215137339,0.0,0.0,0.0
66.80072140693665,2.4625957278733512,-0.20788980641675447,1.085832422985888,0.0,0.0,0.0
66.83466720581055,2.461578899975969,-0.21071405553071834,1.0954191926421175,0.0,0.0,0.0
66.86895179748535,2.463934808218335,-0.20669566848841114,1.1043371548541645,0.0,0.0,0.0
66.9028091430664,2.466132459717792,-0.202313126538563,1.113277817500229,0.0,0.0,0.0
66.93655753135681,2.466556596400742,-0.20017658653836665,1.1221386620614564,0.0,0.0,0.0
66.97081708908081,2.463986108100414,-0.2051650343704547,1.130229152767068,0.0,0.0,0.0
67.00467610359192,2.461612656325516,-0.2102475321608781,1.1382758136892355,0.0,0.0,0.0
67.03965139389038,2.4624960039852333,-0.2106342058606222,1.1458743421870898,0.0,0.0,0.0
67.07372689247131,2.464778079933235,-0.20555697651339655,1.1532585772902557,0.0,0.0,0.0
67.10773301124573,2.466645898251012,-0.2013257623576526,1.1605380781688504,0.0,0.0,0.0
67.14158344268799,2.464785932686905,-0.20337796455548898,1.1671352255024163,0.0,0.0,0.0
67.17723488807678,2.462385399704919,-0.2090494981529605,1.1735289145586676,0.0,0.0,0.0
67.2106077671051,2.4617656994375494,-0.2125267556021693,1.1795467985229091,0.0,0.0,0.0
67.24459743499756,2.4639506624502934,-0.20797348673234864,1.1848744755051157,0.0,0.0,0.0
67.27869439125061,2.465891669311488,-0.20317892510723656,1.1902257152900828,0.0,0.0,0.0
67.31275272369385,2.465309013062228,-0.2020710549052134,1.1952832309968735,0.0,0.0,0.0
67.34672451019287,2.4629228857885344,-0.20797712080036257,1.1995810675408891,0.0,0.0,0.0
67.38056182861328,2.4610452030376493,-0.21331330215171815,1.2038430045882336,0.0,0.0,0.0
67.41476249694824,2.4630784611822762,-0.21085360273161888,1.2073359489116058,0.0,0.0,0.0
67.44902873039246,2.4650718887487906,-0.20560334993205134,1.2106175166500293,0.0,0.0,0.0
67.48390316963196,2.465527659733466,-0.20229389267387476,1.213862005055464,0.0,0.0,0.0
67.51765418052673,2.463407765915775,-0.2071348078461265,1.2161601593659521,0.0,0.0,0.0
67.55186820030212,2.4614485886833597,-0.2124921595660344,1.2183878153246548,0.0,0.0,0.0
67.58565592765808,2.4630988448449904,-0.21110565356294658,1.2199629382487036,0.0,0.0,0.0
67.61995792388916,2.465112054504936,-0.20559132804870014,1.2211856928072808,0.0,0.0,0.0
67.65373849868774,2.4660069918868746,-0.20176796872283934,1.2223822031718448,0.0,0.0,0.0
67.68838477134705,2.4639498483804045,-0.20590777981514094,1.2227467657180453,0.0,0.0,0.0
67.72285032272339,2.46196347061148,-0.21136430602831038,1.2230101626038394,0.0,0.0,0.0
67.75675892829895,2.463274043639117,-0.21092127138245986,1.2227644614624662,0.0,0.0,0.0
67.7909688949585,2.465280129214878,-0.2054026637367151,1.2220732297750179,0.0,0.0,0.0
67.8251440525055,2.4683194644752096,-0.1997470510610948,1.2214844297892944,0.0,0.0,0.0
67.85873031616211,2.4752864590274486,-0.19320052921284514,1.2211669276060821,0.0,0.0,0.0
67.8927206993103,2.482257476256793,-0.18664883356470288,1.2208472103131873,0.0,0.0,0.0
67.92678546905518,2.489231735954709,-0.18009234114497896,1.2205262469882598,0.0,0.0,0.0
67.96062755584717,2.4962086465581934,-0.17353134516275848,1.2202050923457728,0.0,0.0,0.0
67.99469566345215,2.503187724867344,-0.16696612135925756,1.2198849889402605,0.0,0.0,0.0
68.0289261341095,2.5071004004677997,-0.16348034611175138,1.2191962928216424,0.0,0.0,0.0
68.06385946273804,2.501972393174708,-0.17127674074862892,1.2171733568720864,0.0,0.0,0.0
68.09760522842407,2.4965404160934317,-0.1857194105053807,1.21454414311252,0.0,0.0,0.0
68.1315541267395,2.4918925155529985,-0.19812646838971756,1.2121739204240178,0.0,0.0,0.0
68.16611742973328,2.487832255434078,-0.20959518552784828,1.2097545003131642,0.0,0.0,0.0
68.19979214668274,2.486653033151247,-0.2135425154691758,1.2067562520066093,0.0,0.0,0.0
68.23386430740356,2.485963067110504,-0.21529235326149535,1.2035257272444067,0.0,0.0,0.0
68.26777076721191,2.485406151233676,-0.2167119735777428,1.200250032536875,0.0,0.0,0.0
68.30282831192017,2.4849500259367097,-0.21789184661470654,1.19683993963174,0.0,0.0,0.0
68.33677697181702,2.4846352888060594,-0.21873262627636475,1.193488704617349,0.0,0.0,0.0
68.37067079544067,2.4844085175492245,-0.21937382570423186,1.1901116990943785,0.0,0.0,0.0
68.40483617782593,2.4834150723108883,-0.22097781392705385,1.1865860319593153,0.0,0.0,0.0
68.43864393234253,2.4808487534326455,-0.2273031849633136,1.1825584678381447,0.0,0.0,0.0
68.47278499603271,2.478591045064787,-0.23284181815935343,1.1786204890710226,0.0,0.0,0.0
68.50687623023987,2.476621779068957,-0.2375979091051571,1.174769661260583,0.0,0.0,0.0
68.54088473320007,2.474892359055136,-0.24170653712033185,1.170991086962705,0.0,0.0,0.0
68.57480669021606,2.47348703881755,-0.24497421228425353,1.1673061282768236,0.0,0.0,0.0
68.608966588974,2.4722960441160207,-0.24767896485428684,1.163685858737859,0.0,0.0,0.0
68.6426465511322,2.4729604908135845,-0.2469180832089423,1.1597745849118506,0.0,0.0,0.0
68.67666506767273,2.4745579512612124,-0.24321612167835413,1.1555760935789618,0.0,0.0,0.0
68.71059679985046,2.4760176277574097,-0.23989445467812534,1.1514124949619282,0.0,0.0,0.0
68.74485778808594,2.477337168195407,-0.2369505266075291,1.1472812379385415,0.0,0.0,0.0
68.77862572669983,2.4784442128606328,-0.23453029521348012,1.1431959772727984,0.0,0.0,0.0
68.81309175491333,2.4794626486249634,-0.2323621780668562,1.139124007227521,0.0,0.0,0.0
68.8468565940857,2.4801725546085494,-0.23064785590626685,1.1350300441581507,0.0,0.0,0.0
68.89760565757751,2.4783623462404782,-0.23438032416296875,1.1282118723859091,0.0,0.0,0.0
68.93172073364258,2.477393909121976,-0.23644457093319773,1.1237310112526309,0.0,0.0,0.0
68.96588826179504,2.476595368140729,-0.23810733344636464,1.1193109563499544,0.0,0.0,0.0
68.99988150596619,2.4773857922410634,-0.23798753537887085,1.1149995875571714,0.0,0.0,0.0
69.0336287021637,2.4839575720511213,-0.23220142559437992,1.110913136144756,0.0,0.0,0.0
69.06808733940125,2.4906453627390013,-0.22632002943710064,1.1068329295729034,0.0,0.0,0.0
69.10167694091797,2.4973349789635497,-0.22043592813005333,1.102753050333308,0.0,0.0,0.0
69.13593411445618,2.5040262286145465,-0.2145494471495028,1.098672506941426,0.0,0.0,0.0
69.16958165168762,2.51071881995547,-0.2086612068524695,1.0945901624181629,0.0,0.0,0.0
69.20395159721375,2.516762392141351,-0.20341849327656147,1.0905944543271644,0.0,0.0,0.0
69.23779535293579,2.5148034118538654,-0.20688286129564565,1.0877615749706009,0.0,0.0,0.0
69.27186298370361,2.5110017860461875,-0.21413943305182234,1.0853419561016413,0.0,0.0,0.0
69.30683016777039,2.507486459867526,-0.22080832466339592,1.082788565999729,0.0,0.0,0.0
69.35686016082764,2.502378047265552,-0.23044614821029027,1.0788677444387669,0.0,0.0,0.0
69.39057207107544,2.4996268767939243,-0.2355590947860225,1.0763986498275278,0.0,0.0,0.0
69.42495131492615,2.4972369695881316,-0.2399506802862526,1.073998939133904,0.0,0.0,0.0
69.45887899398804,2.4958480121749425,-0.2425087453042502,1.0714558547012958,0.0,0.0,0.0
69.49315404891968,2.494902392656397,-0.24422257535074776,1.0688306538079517,0.0,0.0,0.0
69.5436475276947,2.493750424218569,-0.2463324335791704,1.064872840796059,0.0,0.0,0.0
69.57769227027893,2.4928550946177,-0.24795358735374948,1.0621675497211445,0.0,0.0,0.0
69.61190724372864,2.4917358007011425,-0.24997186993095766,1.0593895271686147,0.0,0.0,0.0
69.64559292793274,2.490770802199033,-0.2516800940446094,1.0566206787706958,0.0,0.0,0.0
69.69716715812683,2.4897980541253735,-0.2533562925030231,1.0524603564922426,0.0,0.0,0.0
69.73076844215393,2.489790806927134,-0.2533401183371219,1.0496108167659526,0.0,0.0,0.0
69.76472926139832,2.4898100569062014,-0.2532997850183006,1.0467904166656818,0.0,0.0,0.0
69.7985851764679,2.4898226857042864,-0.25329296148338465,1.0440093490617597,0.0,0.0,0.0
69.83271288871765,2.489711304138501,-0.25351289168200414,1.0412135950854582,0.0,0.0,0.0
69.86739230155945,2.4894449071301796,-0.2539788854242191,1.0383590894681736,0.0,0.0,0.0
69.91764760017395,2.4891603300649527,-0.25443693390027206,1.0340286666460663,0.0,0.0,0.0
69.95263695716858,2.4891751333522816,-0.254375018858829,1.0311110385034332,0.0,0.0,0.0
70.00259351730347,2.4893617528210554,-0.2540383908860952,1.0267781111244783,0.0,0.0,0.0
70.05416893959045,2.4895375449984902,-0.2537702829005125,1.022550639130721,0.0,0.0,0.0
70.0887451171875,2.4897075542717197,-0.25351530542311584,1.0196748349969917,0.0,0.0,0.0
70.12265348434448,2.48990483593046,-0.25319602792852985,1.0168436679425605,0.0,0.0,0.0
70.1567931175232,2.4901323955257917,-0.25280894660786934,1.0139740887847946,0.0,0.0,0.0
70.19068765640259,2.4902431282229505,-0.2525968689474586,1.0110985564728197,0.0,0.0,0.0
70.2248842716217,2.49021207130976,-0.25262767318804696,1.008282073899766,0.0,0.0,0.0
70.2587673664093,2.490173750932516,-0.2526905288858785,1.0055146338579735,0.0,0.0,0.0
70.29290246963501,2.4902323734501506,-0.25262265361224395,1.002793329085446,0.0,0.0,0.0
70.32663631439209,2.490723877775546,-0.25186962029142834,1.0001343780737924,0.0,0.0,0.0
70.36055135726929,2.4912119838818843,-0.25110592140337445,0.9974310487203626,0.0,0.0,0.0
70.39461207389832,2.491672921840482,-0.25036870281955853,0.9946806858242534,0.0,0.0,0.0
70.4287338256836,2.4914890825232985,-0.250609880076854,0.9920315687056275,0.0,0.0,0.0
70.46273636817932,2.4912488734708105,-0.2509687044498916,0.9894352333351023,0.0,0.0,0.0
70.496661901474,2.4910589016119604,-0.25126939573137713,0.9868726254672212,0.0,0.0,0.0
70.53077983856201,2.491499728281721,-0.2506460167018935,0.9844242363856847,0.0,0.0,0.0
70.56463766098022,2.4922460445494456,-0.24952820487574703,0.9819971979030201,0.0,0.0,0.0
70.59883522987366,2.4928930637729394,-0.24854486648218946,0.9795162093220511,0.0,0.0,0.0
70.6325900554657,2.4928274048948023,-0.24858140207511945,0.977130820087573,0.0,0.0,0.0
70.66673350334167,2.492365500475884,-0.24925438227145177,0.9748415342175162,0.0,0.0,0.0
70.70073628425598,2.4919686067182,-0.24984819449025653,0.9725745195647729,0.0,0.0,0.0
70.73473000526428,2.4923517847497423,-0.24935170940453866,0.9704279477292552,0.0,0.0,0.0
70.76853108406067,2.4932910357391322,-0.24798673274972324,0.9683541477708066,0.0,0.0,0.0
70.80254483222961,2.4941605087354133,-0.24670987022527005,0.9662433761455882,0.0,0.0,0.0
70.83662986755371,2.493866884425978,-0.24705015938143163,0.9642765939473745,0.0,0.0,0.0
70.87085366249084,2.4932245144851963,-0.24796945126263814,0.962384628041198,0.0,0.0,0.0
70.90502667427063,2.492683351001909,-0.24875894719368574,0.9604949013017615,0.0,0.0,0.0
70.95570349693298,2.4939405725679404,-0.2470471320485043,0.9579931682471358,0.0,0.0,0.0
70.9898431301117,2.494938040916959,-0.2456206839765684,0.9563425414201591,0.0,0.0,0.0
71.023610830307,2.494851004869899,-0.24565499457457843,0.9548210744920996,0.0,0.0,0.0
71.0576548576355,2.4940810590453464,-0.24673615496037257,0.953409534646152,0.0,0.0,0.0
71.09158229827881,2.4934092216506736,-0.24769458899655197,0.9519852342829607,0.0,0.0,0.0
71.12558269500732,2.494165215206113,-0.24672228565052925,0.9507735046933327,0.0,0.0,0.0
71.15951991081238,2.4953024907141246,-0.24512963086214987,0.9496383803125603,0.0,0.0,0.0
71.19356179237366,2.4957406059583986,-0.2444225100758183,0.9485583474219287,0.0,0.0,0.0
71.22759795188904,2.495444317998134,-0.24506624075847608,0.9476715110220797,0.0,0.0,0.0
71.26180863380432,2.5009435347449407,-0.23999317845920193,0.9468932961424577,0.0,0.0,0.0
71.29572129249573,2.5068676630712505,-0.2345216527049995,0.9461251484729469,0.0,0.0,0.0
71.32973456382751,2.5127937006822623,-0.22904752066144635,0.9453576096293246,0.0,0.0,0.0
71.36360597610474,2.51872176090422,-0.22357064738463864,0.9445902793248032,0.0,0.0,0.0
71.39759612083435,2.524651912749848,-0.2180909778820411,0.9438227113704702,0.0,0.0,0.0
71.43155288696289,2.530584021903255,-0.2126087336575141,0.943054557729952,0.0,0.0,0.0
71.46574521064758,2.5365179015344106,-0.20712421054270183,0.942285489906363,0.0,0.0,0.0
71.49966192245483,2.5382595589011654,-0.20580859294333598,0.9421038441784717,0.0,0.0,0.0
71.53364300727844,2.5316241843679728,-0.2142188120347112,0.9431983822477524,0.0,0.0,0.0
71.56767582893372,2.5251743686045813,-0.22316734339621372,0.9443148979658176,0.0,0.0,0.0
71.60174942016602,2.5217319381791587,-0.22820897723299347,0.9458105957238976,0.0,0.0,0.0
71.63562345504761,2.5195597357211676,-0.2312471566243313,0.9475556058618625,0.0,0.0,0.0
71.66960525512695,2.5175835699886924,-0.2340043523303909,0.9493386620266832,0.0,0.0,0.0
71.70422077178955,2.515806115108348,-0.23647487865580827,0.951154019348628,0.0,0.0,0.0
71.73789358139038,2.514309693466331,-0.2385426506435429,0.953009770152224,0.0,0.0,0.0
71.7720296382904,2.5114706628260723,-0.24240049735011135,0.9550825660132063,0.0,0.0,0.0
71.8061773777008,2.508384239391762,-0.24675012141780356,0.9572017545596486,0.0,0.0,0.0
71.84047675132751,2.505747117010444,-0.25050302031961785,0.959256698137056,0.0,0.0,0.0
71.87396669387817,2.503659296297787,-0.2535025753042963,0.9612336282841015,0.0,0.0,0.0
71.90758442878723,2.5018839657528456,-0.256085540612175,0.9631777159229414,0.0,0.0,0.0
71.94178342819214,2.5013990630114624,-0.2568882483367361,0.9652933219475387,0.0,0.0,0.0
71.97588419914246,2.5015323200031796,-0.25672112645383455,0.9674977688618595,0.0,0.0,0.0
72.00969743728638,2.5015848094331483,-0.25665104409115935,0.9696691534240038,0.0,0.0,0.0
72.04383325576782,2.5015845930008767,-0.2566378834028162,0.9718097555466452,0.0,0.0,0.0
72.0777199268341,2.501550788689551,-0.2566546888803208,0.973920762605717,0.0,0.0,0.0
72.11168313026428,2.5004559232941084,-0.25818940824542075,0.9761557055105204,0.0,0.0,0.0
72.14584040641785,2.4992388161404495,-0.25997362285783887,0.9784327643461489,0.0,0.0,0.0
72.17990255355835,2.498207086530246,-0.26151065951299063,0.9807053036582107,0.0,0.0,0.0
72.21393322944641,2.4974305640312386,-0.26269345318662846,0.9829619637684173,0.0,0.0,0.0
72.24775075912476,2.496798957626357,-0.263683627362686,0.9852228713422875,0.0,0.0,0.0
72.2816948890686,2.497141033148309,-0.26323251885155735,0.9876510244632126,0.0,0.0,0.0
72.33325290679932,2.497632609616792,-0.2625084141819534,0.9912427931221673,0.0,0.0,0.0
72.38428449630737,2.4978983957495373,-0.2620785660345572,0.9947333027103065,0.0,0.0,0.0
72.43464136123657,2.4974904451320445,-0.262642868133463,0.9982509818014221,0.0,0.0,0.0
72.46867394447327,2.4968888258893975,-0.2635589635646844,1.0006775952342115,0.0,0.0,0.0
72.5026707649231,2.4963834369885967,-0.264350166334368,1.0031160933426293,0.0,0.0,0.0
72.53660821914673,2.495996417160971,-0.2649802002467186,1.0055610288248134,0.0,0.0,0.0
72.57077264785767,2.4957187587736147,-0.2654609755528128,1.0080217024552676,0.0,0.0,0.0
72.60474443435669,2.4958815545952753,-0.2652393346985025,1.0105576976093689,0.0,0.0,0.0
72.63877391815186,2.496007201410709,-0.26505495647249033,1.0130631641788053,0.0,0.0,0.0
72.672847032547,2.4960245943517116,-0.2650220960757454,1.0155269682947328,0.0,0.0,0.0
72.70696020126343,2.495986092963562,-0.2650581773872194,1.0179616562787415,0.0,0.0,0.0
72.74067234992981,2.495785688343166,-0.26534465814818525,1.020399907098701,0.0,0.0,0.0
72.77468419075012,2.4955400850387957,-0.2657235640741092,1.0228621934100284,0.0,0.0,0.0
72.80873250961304,2.4953338416333612,-0.26606106720010547,1.025336583893038,0.0,0.0,0.0
72.84263944625854,2.495169649074138,-0.2663522670634075,1.0278188956606011,0.0,0.0,0.0
72.87689566612244,2.4950401872326347,-0.26660756861180485,1.0303055019532044,0.0,0.0,0.0
72.91074323654175,2.4948936484376656,-0.2668866736678761,1.032784043936549,0.0,0.0,0.0
72.94470691680908,2.494717306476194,-0.26719551858641916,1.035247604006166,0.0,0.0,0.0
72.97854685783386,2.494537046521871,-0.2674903852878815,1.037705919560116,0.0,0.0,0.0
73.01260113716125,2.4943032860730616,-0.2678559114665002,1.0401540498100608,0.0,0.0,0.0
73.0468225479126,2.4942459589633867,-0.2679147262903552,1.0425679466707511,0.0,0.0,0.0
73.09765219688416,2.494293810897151,-0.2678126305669858,1.0461673402032803,0.0,0.0,0.0
73.13183212280273,2.494322768490934,-0.26777661651758156,1.0485624087444894,0.0,0.0,0.0
73.16573739051819,2.4943482047236554,-0.267767778458032,1.0509466455074825,0.0,0.0,0.0
73.2000503540039,2.493959148027778,-0.26848183603781056,1.053249871587723,0.0,0.0,0.0
73.23393392562866,2.495127792281131,-0.2676410065604383,1.0556065554095089,0.0,0.0,0.0
73.26784062385559,2.5003959847051105,-0.2624920187800024,1.0580794407182836,0.0,0.0,0.0
73.30187702178955,2.505665887314188,-0.25734060974794376,1.0605514791132133,0.0,0.0,0.0
73.33610987663269,2.510937527632018,-0.2521864959016984,1.0630231563846264,0.0,0.0,0.0
73.37015843391418,2.516210781698192,-0.24702973049786248,1.0654947391172487,0.0,0.0,0.0
73.40372562408447,2.5214855026329794,-0.24187039873913838,1.067966725255545,0.0,0.0,0.0
73.43781423568726,2.5260462189778496,-0.23742768128177585,1.0703466246937499,0.0,0.0,0.0
73.4718554019928,2.5229588507931537,-0.24182033154997817,1.071625602891722,0.0,0.0,0.0
73.50605726242065,2.5184888508471825,-0.2500011502574389,1.0725131339131568,0.0,0.0,0.0
73.54097890853882,2.5143997213178757,-0.25748955756346437,1.0735401267617215,0.0,0.0,0.0
73.57472968101501,2.511252730711329,-0.2632386076119183,1.0745518609114753,0.0,0.0,0.0
73.60913968086243,2.508632770868093,-0.2680410524613259,1.075442414757284,0.0,0.0,0.0
73.64282941818237,2.5063339695595452,-0.27228281722620645,1.07625960121151,0.0,0.0,0.0
73.6774833202362,2.5045379028956756,-0.27562896149653887,1.0769697878527553,0.0,0.0,0.0
73.71108531951904,2.5030731605686265,-0.2783798494484519,1.0776113745002756,0.0,0.0,0.0
73.74460530281067,2.501841148415044,-0.28072478976164644,1.0782088622662274,0.0,0.0,0.0
73.77889084815979,2.5005842927299833,-0.28313353578676065,1.0787141141228755,0.0,0.0,0.0
73.81321239471436,2.4993180209248114,-0.2855414376613672,1.0791967689352655,0.0,0.0,0.0
73.84669899940491,2.498211814072821,-0.2876296045620137,1.0797127240898146,0.0,0.0,0.0
73.8814058303833,2.4972535519913532,-0.2894195112917508,1.0802571150339946,0.0,0.0,0.0
73.91592979431152,2.4964501572301563,-0.290896588022108,1.0808513084986096,0.0,0.0,0.0
73.96664595603943,2.495544589663701,-0.2925171295445966,1.0817234269508413,0.0,0.0,0.0
74.00087547302246,2.4955342643004133,-0.2924833014378669,1.0822158160003796,0.0,0.0,0.0
74.03482270240784,2.495573569087057,-0.29237923445919634,1.082707279723524,0.0,0.0,0.0
74.06877565383911,2.4956140118673615,-0.2922969714089897,1.0832088453635027,0.0,0.0,0.0
74.10270404815674,2.49565781166383,-0.2922325419668288,1.0837202861880944,0.0,0.0,0.0
74.13668990135193,2.4957020806998957,-0.29219092995832474,1.0842420219863567,0.0,0.0,0.0
74.17064929008484,2.495570956624218,-0.2924925969954726,1.0847359979990632,0.0,0.0,0.0
74.20481133460999,2.49501269757461,-0.29359827982606007,1.0851348957499742,0.0,0.0,0.0
74.23920035362244,2.4945258519553213,-0.2945461081435151,1.0855428284190964,0.0,0.0,0.0
74.27283978462219,2.494093801505815,-0.2953666794072459,1.085957199089372,0.0,0.0,0.0
74.30682492256165,2.4937065515942467,-0.2960787088490557,1.0863772149782007,0.0,0.0,0.0
74.3407347202301,2.49336121558171,-0.29668815159401085,1.086803966594238,0.0,0.0,0.0
74.37490200996399,2.4934675347959656,-0.29643703476248745,1.0871583254481028,0.0,0.0,0.0
74.40899562835693,2.493833150224696,-0.29570063891660703,1.0874652322997043,0.0,0.0,0.0
74.44288420677185,2.494156493102146,-0.2950681599655506,1.0877869768529753,0.0,0.0,0.0
74.47676730155945,2.494423379329372,-0.2945672467928942,1.088123895768818,0.0,0.0,0.0
74.51081943511963,2.494654275137151,-0.29415877974144944,1.0884684587464102,0.0,0.0,0.0
74.54539465904236,2.4948607453992877,-0.29381971418361424,1.08881441278294,0.0,0.0,0.0
74.59565353393555,2.4941428003163035,-0.29524711323094205,1.0891202975612158,0.0,0.0,0.0
74.62963271141052,2.4937111268408403,-0.29609032659393864,1.0893412932734912,0.0,0.0,0.0
74.66370606422424,2.4933253083478526,-0.2968217535773284,1.0895832264116294,0.0,0.0,0.0
74.69780492782593,2.4929997330330202,-0.2974139447432102,1.0898536367833105,0.0,0.0,0.0
74.73169612884521,2.493261559829915,-0.2973646529130215,1.0901699402536438,0.0,0.0,0.0
74.76583361625671,2.498124712828008,-0.2927989168957003,1.0906585670263345,0.0,0.0,0.0
74.79971027374268,2.499150190697524,-0.2919386010662786,1.0916874850130718,0.0,0.0,0.0
74.83375144004822,2.4986704360941596,-0.292837279300205,1.0929295715587257,0.0,0.0,0.0
74.86795234680176,2.4982749551373042,-0.2936139140394687,1.0941389195499,0.0,0.0,0.0
74.91857099533081,2.504313662510583,-0.2879915244710313,1.0961558079411944,0.0,0.0,0.0
74.95290112495422,2.5088905556686485,-0.2836588197172854,1.0975182944599302,0.0,0.0,0.0
74.98668360710144,2.51346935180244,-0.2793229056144245,1.098881116683006,0.0,0.0,0.0
75.02085065841675,2.5180105548990888,-0.27502310693803256,1.1002500123783996,0.0,0.0,0.0
75.05492353439331,2.5168339328864984,-0.27719598741508367,1.1024686766746494,0.0,0.0,0.0
75.08871364593506,2.51366643698677,-0.2835300467195647,1.1051355280977846,0.0,0.0,0.0
75.12275123596191,2.5104238717587832,-0.290044336815346,1.1076499643471198,0.0,0.0,0.0
75.15668940544128,2.5074482848206725,-0.29608097258561333,1.110216361706761,0.0,0.0,0.0
75.1906361579895,2.504896422703442,-0.3012581428793137,1.1128891786251072,0.0,0.0,0.0
75.22479629516602,2.502650575391703,-0.3058215135374349,1.1156355731742567,0.0,0.0,0.0
75.25891447067261,2.5007922981158752,-0.30960761523111663,1.118468894605296,0.0,0.0,0.0
75.29286599159241,2.499181274386882,-0.31290116020309366,1.1213472093085604,0.0,0.0,0.0
75.3267912864685,2.4988342935969756,-0.31365159259130465,1.1240023696668888,0.0,0.0,0.0
75.36099791526794,2.4986076862505167,-0.31409418069052286,1.126626749683013,0.0,0.0,0.0
75.39480638504028,2.4984432367124483,-0.3144353887890139,1.1292430174562382,0.0,0.0,0.0
75.4288923740387,2.498292232238119,-0.3147771374965832,1.1318654741535468,0.0,0.0,0.0
75.4627480506897,2.49816788234626,-0.31509058566293363,1.1344935939382215,0.0,0.0,0.0
75.4966082572937,2.4974726509926635,-0.3165010438813734,1.137007411125905,0.0,0.0,0.0
75.5308403968811,2.4961095407478466,-0.31949892186384604,1.1393430416316328,0.0,0.0,0.0
75.5648148059845,2.4948839514290935,-0.3221891745405022,1.1417021678872452,0.0,0.0,0.0
75.59884834289551,2.4938457635052735,-0.32446074965249816,1.1440949577073665,0.0,0.0,0.0
75.63320851325989,2.4929070395513944,-0.3264981614884413,1.1464996681079056,0.0,0.0,0.0
75.66690492630005,2.4921504229654734,-0.32823933606564876,1.1488994162732318,0.0,0.0,0.0
75.70091772079468,2.492830739527997,-0.32677291379264806,1.1510136364399495,0.0,0.0,0.0
75.75174379348755,2.493790807729838,-0.32458094314523994,1.1542170624609338,0.0,0.0,0.0
75.78589510917664,2.4943139821321965,-0.32340862125751374,1.156401101026721,0.0,0.0,0.0
75.81970024108887,2.494755813592751,-0.32244261210631553,1.1586206752529924,0.0,0.0,0.0
75.85391449928284,2.4947740834718855,-0.32217725958281407,1.1608225916523778,0.0,0.0,0.0
75.88792777061462,2.493500446878251,-0.3251638235614641,1.162676702810771,0.0,0.0,0.0
75.92190504074097,2.4923236538635916,-0.3279195677675827,1.1645427124449264,0.0,0.0,0.0
75.97285056114197,2.4908671499730377,-0.33130122515730553,1.1674004610353392,0.0,0.0,0.0
76.00809812545776,2.489981430738102,-0.33333339065601986,1.1693794393559611,0.0,0.0,0.0
76.04191493988037,2.4902164220910312,-0.33308650714808313,1.1711146274462603,0.0,0.0,0.0
76.09275984764099,2.4916153539329966,-0.3297142340520874,1.1734639252228878,0.0,0.0,0.0
76.12676000595093,2.4923756463445015,-0.3279009110626889,1.175086365174117,0.0,0.0,0.0
76.1608510017395,2.4930310557310746,-0.3263599226014347,1.1767418189890737,0.0,0.0,0.0
76.19468641281128,2.4935583424861525,-0.3251484072063776,1.1784328098171144,0.0,0.0,0.0
76.2291579246521,2.492370656985598,-0.32762720738686824,1.1797334297992852,0.0,0.0,0.0
76.2639057636261,2.4910734387815987,-0.3308082632558428,1.181007258810565,0.0,0.0,0.0
76.29775428771973,2.4900235987293726,-0.33337079161783684,1.1823033301436905,0.0,0.0,0.0
76.33200716972351,2.489098887231818,-0.33560280362579864,1.1836407582494366,0.0,0.0,0.0
76.36569714546204,2.4883203027970855,-0.3375359883799792,1.1850080740184958,0.0,0.0,0.0
76.4000871181488,2.48936261493977,-0.33532038076433723,1.18600425929421,0.0,0.0,0.0
76.43506169319153,2.490405069702757,-0.3327149317645213,1.1869983406193607,0.0,0.0,0.0
76.46862554550171,2.4912718172803574,-0.33056872635012735,1.1879907807514338,0.0,0.0,0.0
76.5027027130127,2.4949726305111524,-0.32667464703384225,1.1891444230981212,0.0,0.0,0.0
76.53685188293457,2.4992912552144158,-0.32253000427373724,1.1903355224220837,0.0,0.0,0.0
76.57094240188599,2.503611221556795,-0.3183824461428946,1.1915259876814661,0.0,0.0,0.0
76.6047911643982,2.5079319983524617,-0.3142330949913057,1.1927163276428614,0.0,0.0,0.0
76.63997673988342,2.512379981529684,-0.3099615973982056,1.1939414637570205,0.0,0.0,0.0
76.67390441894531,2.516702094483033,-0.30580939053910466,1.1951306052162358,0.0,0.0,0.0
76.70781064033508,2.5210252547221974,-0.30165467159568116,1.19631935935552,0.0,0.0,0.0
76.74208950996399,2.5253679600521606,-0.29747901302402247,1.1975114618447993,0.0,0.0,0.0
76.77564072608948,2.5351017588518454,-0.28689416346114993,1.199480313097956,0.0,0.0,0.0
76.80998420715332,2.546319354983761,-0.26505933503682233,1.202594224866902,0.0,0.0,0.0
76.84396457672119,2.5554479420583296,-0.23888601175451438,1.2064513772643335,0.0,0.0,0.0
76.87786269187927,2.5598178276650367,-0.2228135672555186,1.2113536307563837,0.0,0.0,0.0
76.91171646118164,2.563622275802632,-0.21260968754553364,1.2168006497788222,0.0,0.0,0.0
76.94577240943909,2.567387132610685,-0.2023739829357358,1.222244126254323,0.0,0.0,0.0
76.97969079017639,2.5739671030153244,-0.1883133703840864,1.2281005070086473,0.0,0.0,0.0
77.01386308670044,2.5820002430022373,-0.16614747789070927,1.234780617730148,0.0,0.0,0.0
77.06466770172119,2.5928611169971654,-0.1345021142435388,1.2446094570860007,0.0,0.0,0.0
77.09882736206055,2.5961064819035182,-0.11898887990342344,1.2515619641855575,0.0,0.0,0.0
77.13332462310791,2.5976319759915407,-0.11299403100658788,1.2594083345770968,0.0,0.0,0.0
77.16812801361084,2.5994875594119824,-0.10719824485475724,1.2675203074651273,0.0,0.0,0.0
77.201833486557,2.603448459838229,-0.09846093293066766,1.2756184301014533,0.0,0.0,0.0
77.23562383651733,2.609427834613545,-0.08030984419456225,1.2846490442994107,0.0,0.0,0.0
77.26991057395935,2.614980915844721,-0.06111510247412968,1.293760593241495,0.0,0.0,0.0
77.30417990684509,2.6186171174159196,-0.044343767799694775,1.3030341278625734,0.0,0.0,0.0
77.33789944648743,2.620016709317358,-0.03708324768686217,1.3132087922347095,0.0,0.0,0.0
77.37163186073303,2.621380182857941,-0.03185609108055857,1.3235931216781132,0.0,0.0,0.0
77.40582823753357,2.6245536416417963,-0.02344693281257628,1.3341387302193208,0.0,0.0,0.0
77.43983197212219,2.6294596117368005,-0.005146296174796837,1.345665849156087,0.0,0.0,0.0
77.4747314453125,2.6339040632511903,0.014781387372596837,1.3573281119173763,0.0,0.0,0.0
77.5246090888977,2.63668364914255,0.03396288741873996,1.375813601883316,0.0,0.0,0.0
77.55877923965454,2.6383933302755698,0.0427147039466576,1.3885045631812243,0.0,0.0,0.0
77.59266567230225,2.641422485262636,0.054295059476624316,1.4014519146758986,0.0,0.0,0.0
77.62695050239563,2.645450141191,0.07616130632952627,1.4154231780679178,0.0,0.0,0.0
77.66081976890564,2.6489051217505217,0.10114500981867956,1.429781192828614,0.0,0.0,0.0
77.69484281539917,2.6507960570230433,0.1181060276614226,1.4448753640193195,0.0,0.0,0.0
77.72884202003479,2.6527238427442934,0.1340118129382349,1.4600931288634227,0.0,0.0,0.0
77.76287245750427,2.655518190173247,0.15493937731736168,1.4753862530333919,0.0,0.0,0.0
77.79672479629517,2.658679297444656,0.18698466894203183,1.4916883371048248,0.0,0.0,0.0
77.83099627494812,2.661058259532176,0.2243549176318512,1.5088511771162427,0.0,0.0,0.0
77.86470007896423,2.662533093459591,0.25317114186625145,1.5267948104535538,0.0,0.0,0.0
77.89874696731567,2.6635784252363908,0.2809224422592272,1.544883705955534,0.0,0.0,0.0
77.93268370628357,2.664261837568351,0.3163323036714152,1.563738911518509,0.0,0.0,0.0
77.96676683425903,2.664206895195848,0.35523765759980946,1.5831388804974393,0.0,0.0,0.0
78.00081992149353,2.663596093832764,0.38537740937553,1.6032982706221306,0.0,0.0,0.0
78.03476476669312,2.6621424703492353,0.4155404172867895,1.6237766741541404,0.0,0.0,0.0
78.06988978385925,2.6597404839512993,0.4538770959338308,1.645579705109554,0.0,0.0,0.0
78.10391759872437,2.657117420318118,0.4856930802928596,1.6672527342652332,0.0,0.0,0.0
78.13760638237,2.653574563665212,0.5183533114516341,1.6890032049512704,0.0,0.0,0.0
78.17239546775818,2.6491891567099786,0.552175660577211,1.7108105800825613,0.0,0.0,0.0
78.22315073013306,2.643804382683275,0.600358205976376,1.743627296959798,0.0,0.0,0.0
78.27361822128296,2.646930533252003,0.6272229729900024,1.7768155158879293,0.0,0.0,0.0
78.30771040916443,2.6490377597057417,0.633611342691008,1.7987637278475679,0.0,0.0,0.0
78.34199285507202,2.651154140436878,0.6393966315540799,1.8207009334561481,0.0,0.0,0.0
78.37635850906372,2.653279722051962,0.6451500099721845,1.842632697665086,0.0,0.0,0.0
78.41067886352539,2.655477256990473,0.651038710742772,1.8652147065525586,0.0,0.0,0.0
78.44470715522766,2.6515780271886276,0.6627922312162434,1.8879582023670631,0.0,0.0,0.0
78.4786114692688,2.6409273815770433,0.6858890552066241,1.9117113046051013,0.0,0.0,0.0
78.51264190673828,2.627454769487284,0.7198188556061189,1.9348167102461578,0.0,0.0,0.0
78.5469491481781,2.613838504045724,0.7558384974215443,1.9575561766020473,0.0,0.0,0.0
78.58227038383484,2.603105868518455,0.7835665604259354,1.9793775591002425,0.0,0.0,0.0
78.63194918632507,2.582480206911199,0.8253569312188765,2.0105289669729025,0.0,0.0,0.0
78.66617345809937,2.5649340737873603,0.8620989865249189,2.030823160036969,0.0,0.0,0.0
78.70097398757935,2.5547147414105176,0.8864663766841411,2.046786280275034,0.0,0.0,0.0
78.73523449897766,2.5406126910071096,0.9113311448871964,2.064784932401999,0.0,0.0,0.0
78.76908731460571,2.5235805203629895,0.9406981017691995,2.080257847530923,0.0,0.0,0.0
78.81945085525513,2.4984876182733524,0.9881892994600601,2.1041234493951886,0.0,0.0,0.0
78.85349321365356,2.481198165529329,1.0203041729321256,2.118288222149815,0.0,0.0,0.0
78.88775897026062,2.4626106866139863,1.0533127549812533,2.131106948964545,0.0,0.0,0.0
78.93868851661682,2.43255695726164,1.1038253196198444,2.1478100492395784,0.0,0.0,0.0
78.9895613193512,2.4005096789686156,1.1558469534901405,2.1613951423157545,0.0,0.0,0.0
79.02364683151245,2.3777148947377165,1.1908465449597054,2.168784247481102,0.0,0.0,0.0
79.05742025375366,2.3539344314048685,1.2256089689606926,2.1748888961391777,0.0,0.0,0.0
79.09152340888977,2.3299590744257026,1.2601651664570193,2.1797277099129935,0.0,0.0,0.0
79.1254985332489,2.305889509035708,1.2945457298122118,2.1833124689811703,0.0,0.0,0.0
79.15968227386475,2.2817698277278637,1.32878063555772,2.185640872589858,0.0,0.0,0.0
79.19366931915283,2.2576438365904044,1.3629001030623444,2.18670907526058,0.0,0.0,0.0
79.22747325897217,2.233554702615528,1.3969346913724041,2.1865184991423727,0.0,0.0,0.0
79.26152539253235,2.2095453587895855,1.4309146978754632,2.185068449566392,0.0,0.0,0.0
79.29549074172974,2.185672376293125,1.464856189912163,2.182357498368581,0.0,0.0,0.0
79.32958698272705,2.168140202776705,1.492518170105844,2.1791940694532657,0.0,0.0,0.0
79.36404299736023,2.1618929058823624,1.5088850542134242,2.1762588490779975,0.0,0.0,0.0
79.39784002304077,2.1564859470362077,1.5243292694113713,2.1728703603285813,0.0,0.0,0.0
79.43202447891235,2.145523338809416,1.5408547087602857,2.1687171393253784,0.0,0.0,0.0
79.48262333869934,2.1224039332228557,1.5728882695333875,2.161573521388699,0.0,0.0,0.0
79.51644515991211,2.1058035574466496,1.5987998937782004,2.155892716207418,0.0,0.0,0.0
79.55061888694763,2.09374186900157,1.6174112583703624,2.1489920334142227,0.0,0.0,0.0
79.58466219902039,2.0767604419608117,1.6427090477384318,2.141003225880703,0.0,0.0,0.0
79.61872506141663,2.0627150320623713,1.6667045456519756,2.131690612067826,0.0,0.0,0.0
79.65346097946167,2.048159609088862,1.6915885100980874,2.1210893876015904,0.0,0.0,0.0
79.70375919342041,2.0253790000195746,1.730717690652146,2.10278829902528,0.0,0.0,0.0
79.73786520957947,2.0092913708825577,1.7583248444071191,2.0888932318613005,0.0,0.0,0.0
79.77175116539001,1.9936727730809138,1.78619794111631,2.073765891040316,0.0,0.0,0.0
79.80544638633728,1.9785599850053477,1.8141931504105553,2.0573989937875607,0.0,0.0,0.0
79.83975911140442,1.9675513355575962,1.8385316302947918,2.0403272945138826,0.0,0.0,0.0
79.87356066703796,1.9626676951807283,1.856742717557737,2.0232785909074753,0.0,0.0,0.0
79.90772581100464,1.9537929674353045,1.8766590847558262,2.005298771556732,0.0,0.0,0.0
79.94146370887756,1.9423747531287379,1.8998608322616326,1.9867659697640214,0.0,0.0,0.0
79.99268388748169,1.9270522966640427,1.9362214788135554,1.9575503826858662,0.0,0.0,0.0
80.04366779327393,1.9154102946829346,1.9710643233804999,1.9273928435092453,0.0,0.0,0.0
80.07754373550415,1.9060478200532207,1.995145837473341,1.906367819740433,0.0,0.0,0.0
80.11163568496704,1.8972286524795574,2.0207079972830733,1.8841158023864855,0.0,0.0,0.0
80.14561676979065,1.8900305358811778,2.045244100757556,1.861126279329248,0.0,0.0,0.0
80.17963099479675,1.8829350044095967,2.070035447794057,1.8374844200894005,0.0,0.0,0.0
80.21352005004883,1.8764970413992876,2.0947449889192877,1.814090320768477,0.0,0.0,0.0
80.24753284454346,1.8707581842799594,2.119048279924429,1.7916434600650764,0.0,0.0,0.0
80.2820611000061,1.8656721904120601,2.142929147291795,1.7701402410166476,0.0,0.0,0.0
80.33250617980957,1.8592687564128452,2.1774481634531053,1.7396753610973585,0.0,0.0,0.0
80.36651921272278,1.8557192770221294,2.199589162921903,1.7205458094362331,0.0,0.0,0.0
80.40079426765442,1.8526739715254448,2.221205246139057,1.7023523916565146,0.0,0.0,0.0
80.43464851379395,1.8501344350567777,2.2418674149109767,1.6851358738158408,0.0,0.0,0.0
80.46873688697815,1.8480157047792491,2.261811901770523,1.66882740767059,0.0,0.0,0.0
80.50252485275269,1.8462655652827722,2.2812130586370625,1.653419074515369,0.0,0.0,0.0
80.53682804107666,1.8448785473722948,2.299809543428323,1.6389567838171015,0.0,0.0,0.0
80.57076573371887,1.843798754102131,2.3174395684798403,1.6254352408001378,0.0,0.0,0.0
80.6046404838562,1.8429811638659375,2.334445305360842,1.6128021686107261,0.0,0.0,0.0
80.63858270645142,1.8423952525855787,2.3508264176437397,1.6010575668528397,0.0,0.0,0.0
80.67262983322144,1.8420172488764361,2.3662193534902562,1.5902487425629157,0.0,0.0,0.0
80.70684504508972,1.8417851309375446,2.3809597302873895,1.5802553750442607,0.0,0.0,0.0
80.74071311950684,1.8416631340963645,2.3952810727892753,1.570927303740698,0.0,0.0,0.0
80.77493619918823,1.8417188989986129,2.4092174329462788,1.5622863664878512,0.0,0.0,0.0
80.8085343837738,1.8418915229107578,2.4229309013199996,1.5542804591996637,0.0,0.0,0.0
80.84360194206238,1.842165325582767,2.436441191988121,1.5469095725688817,0.0,0.0,0.0
80.89346432685852,1.842730100083799,2.4561790563666746,1.5371164579162797,0.0,0.0,0.0
80.92744445800781,1.8431947480423685,2.46888720242976,1.53145802808716,0.0,0.0,0.0
80.96165633201599,1.8437166824029325,2.4813492413263862,1.5264717350787465,0.0,0.0,0.0
80.99637174606323,1.8442770038922733,2.493487324847724,1.5221928687025006,0.0,0.0,0.0
81.04646492004395,1.8451789800934124,2.511167631342372,1.517236544896257,0.0,0.0,0.0
81.08054780960083,1.8458045246443,2.5228059580825417,1.514978945286236,0.0,0.0,0.0
81.11449217796326,1.846432210227236,2.534210831806751,1.5135960318674946,0.0,0.0,0.0
81.14867115020752,1.8470589896920446,2.5455873914448577,1.5130556964387964,0.0,0.0,0.0
81.18251061439514,1.847676748492909,2.5569525604935053,1.5133566894161439,0.0,0.0,0.0
81.21683263778687,1.8482718868657244,2.5682375085287354,1.5145133421928614,0.0,0.0,0.0
81.25132489204407,1.8488383398001857,2.579521935899244,1.51651154656064,0.0,0.0,0.0
81.3015124797821,1.8496241765982027,2.5963691833789957,1.5210638290889282,0.0,0.0,0.0
81.33553099632263,1.8500929094341545,2.607477112950794,1.5251399079025243,0.0,0.0,0.0
81.3696825504303,1.8505113997656566,2.618562905925182,1.5300385190542531,0.0,0.0,0.0
81.4035632610321,1.8508751154854404,2.6295682868809402,1.5357478883877649,0.0,0.0,0.0
81.43767499923706,1.8511773689262851,2.640494295877143,1.5422596299992715,0.0,0.0,0.0
81.47151279449463,1.8514111731719278,2.6513483709010557,1.5496037672297998,0.0,0.0,0.0
81.50571942329407,1.8515709909586258,2.6621347203189454,1.5578514721495724,0.0,0.0,0.0
81.53960299491882,1.851648893109594,2.67284465050888,1.5670102749722103,0.0,0.0,0.0
81.57364916801453,1.8516362355168265,2.683474237182123,1.5770833570755476,0.0,0.0,0.0
81.60751438140869,1.851523729895619,2.694021465052039,1.5880850863208191,0.0,0.0,0.0
81.64158248901367,1.8513008151398396,2.7044880777349207,1.6000353372230294,0.0,0.0,0.0
81.67549633979797,1.8509549306381157,2.7148724910082342,1.6129501402902708,0.0,0.0,0.0
81.70970582962036,1.8504725221537184,2.725167380387114,1.6268501039588892,0.0,0.0,0.0
81.74376368522644,1.8498384130923842,2.7353673152096287,1.6417657650917268,0.0,0.0,0.0
81.77767848968506,1.8490361939757127,2.7455128684787327,1.6576914207038265,0.0,0.0,0.0
81.81164073944092,1.848040746066413,2.7559079720542234,1.6744840589503127,0.0,0.0,0.0
81.846355676651,1.8468400393779776,2.7665169368661915,1.6921272642588001,0.0,0.0,0.0
81.88060522079468,1.8453721592644754,2.7776531632381904,1.711189572729084,0.0,0.0,0.0
81.91473150253296,1.8436876715149833,2.788773191240814,1.7305934362513447,0.0,0.0,0.0
81.94878768920898,1.8417231885725285,2.8002092131330083,1.7508797244212315,0.0,0.0,0.0
81.98258805274963,1.8394657702636428,2.811892050560806,1.7720487514171088,0.0,0.0,0.0
82.01658749580383,1.8368686931276286,2.8239303052169222,1.7940871848462754,0.0,0.0,0.0
82.0505919456482,1.8339155934315647,2.8362674318402883,1.8170252678439873,0.0,0.0,0.0
82.08462381362915,1.830582836716925,2.8488771237488733,1.8408729704491382,0.0,0.0,0.0
82.11864590644836,1.8268415309477004,2.86175980832013,1.865616212317033,0.0,0.0,0.0
82.15258312225342,1.8226189109516269,2.8750410148209613,1.8912464236882103,0.0,0.0,0.0
82.18668413162231,1.817914167905795,2.8885992295885723,1.9178140437372975,0.0,0.0,0.0
82.22053337097168,1.812706900966709,2.902390203826588,1.945333551608144,0.0,0.0,0.0
82.25458431243896,1.8069151210066725,2.916526500051525,1.9737674432226064,0.0,0.0,0.0
82.28869867324829,1.8005030278169913,2.9309702304456726,2.0031338945229256,0.0,0.0,0.0
82.3225405216217,1.7934698869099104,2.9456185446372927,2.033466033579322,0.0,0.0,0.0
82.35678172111511,1.7857473928057634,2.9605129693066012,2.0647257654777538,0.0,0.0,0.0
82.39053511619568,1.7772683934791844,2.975669268639802,2.096895164750789,0.0,0.0,0.0
82.42446684837341,1.7680560568465595,2.990943647570681,2.1300346047110525,0.0,0.0,0.0
82.45880651473999,1.7580734404517664,3.0063066406914514,2.164155802660971,0.0,0.0,0.0
82.49264001846313,1.7471487653838014,3.0219086157710775,2.1991972548953114,0.0,0.0,0.0
82.52706050872803,1.7353727190953758,3.0375163429296546,2.235211353500549,0.0,0.0,0.0
82.57754564285278,1.7159995776087102,3.0608812237963545,2.2910313564836495,0.0,0.0,0.0
82.61153984069824,1.7018475610109793,3.0764010029543436,2.3293800774867095,0.0,0.0,0.0
82.64579248428345,1.6867485229463426,3.0917209399465766,2.3687062115484974,0.0,0.0,0.0
82.67967247962952,1.670673130553447,3.10678552708778,2.4090056229033907,0.0,0.0,0.0
82.71352791786194,1.6533754243940133,3.1217233121793058,2.45019922055383,0.0,0.0,0.0
82.74793982505798,1.6347206666309817,3.136519801233576,2.492310212130078,0.0,0.0,0.0
82.78216338157654,1.6147405731132485,3.1510302509375383,2.5353105334269754,0.0,0.0,0.0
82.83248972892761,1.5816498467271565,3.1724098787876702,2.601371419535081,0.0,0.0,0.0
82.86681008338928,1.5576407827396592,3.1860956397313087,2.646539733079026,0.0,0.0,0.0
82.90070390701294,1.5322707702734588,3.199061138224904,2.692545118818626,0.0,0.0,0.0
82.9344425201416,1.5058340054963928,3.211132096721115,2.738953471381362,0.0,0.0,0.0
82.96883773803711,1.4791965490379162,3.2221849083416507,2.7844220606075236,0.0,0.0,0.0
83.00264096260071,1.452458745263626,3.232523414123389,2.828995045154261,0.0,0.0,0.0
83.03712677955627,1.4259072307218081,3.2418284693048265,2.872745616061533,0.0,0.0,0.0
83.08745336532593,1.3870363268316677,3.253575221649794,2.936853078668442,0.0,0.0,0.0
83.12175488471985,1.3614861846006179,3.259806869823979,2.9786034905018908,0.0,0.0,0.0
83.15578818321228,1.3363626812530083,3.264748855818331,3.0195287723084214,0.0,0.0,0.0
83.1897611618042,1.311945664843861,3.268348503600274,3.0596512981167616,0.0,0.0,0.0
83.22390222549438,1.2885109069418081,3.270573471306247,3.098962928317436,0.0,0.0,0.0
83.25789046287537,1.2656961265621895,3.2714208830595073,3.13745875995104,0.0,0.0,0.0
83.29192161560059,1.2432431635994023,3.271125249510457,-3.108004781596338,0.0,0.0,0.0
83.34265613555908,1.2110813719526219,3.2693309929797296,-3.0529335950356993,0.0,0.0,0.0
83.37690234184265,1.1903559135300068,3.267369833797772,-3.017324567831306,0.0,0.0,0.0
83.41076612472534,1.169990691797955,3.264998755024934,-2.982610028260485,0.0,0.0,0.0
83.444819688797,1.1501995223149228,3.26220727245797,-2.9488155776563656,0.0,0.0,0.0
83.47865653038025,1.1308556212535386,3.25900195610625,-2.91597364640666,0.0,0.0,0.0
83.51283001899719,1.1117729257537923,3.25551185878654,-2.8841363809498475,0.0,0.0,0.0
83.54671573638916,1.0933156294806372,3.2517737191474567,-2.853307758888886,0.0,0.0,0.0
83.58058285713196,1.075247343001526,3.247776976862067,-2.8235266169478748,0.0,0.0,0.0
83.61500906944275,1.0572047703671916,3.243638184788079,-2.79483519198048,0.0,0.0,0.0
83.6489474773407,1.0395457966042392,3.239547777613983,-2.767212327872539,0.0,0.0,0.0
83.68280911445618,1.0222975791359028,3.2353654381826322,-2.7406790810255086,0.0,0.0,0.0
83.71651458740234,1.005194467944938,3.2310867641679084,-2.715276486396042,0.0,0.0,0.0
83.75074434280396,0.9883641659835085,3.227054523650494,-2.691011422518216,0.0,0.0,0.0
83.80160784721375,0.9638759618964903,3.2212330705667878,-2.6567655074154573,0.0,0.0,0.0
83.83588171005249,0.947795994844895,3.217389003234683,-2.635413840983255,0.0,0.0,0.0
83.86946821212769,0.9318800160714127,3.2137072584578767,-2.615245449854718,0.0,0.0,0.0
83.90389943122864,0.9162230438942497,3.2102993665574533,-2.596263456512254,0.0,0.0,0.0
83.93774127960205,0.9008451472076969,3.2071796891879845,-2.578484040958834,0.0,0.0,0.0
83.97177720069885,0.8855471865024007,3.2041192694908127,-2.5619321599103935,0.0,0.0,0.0
84.00564622879028,0.8703951778443699,3.201220876619974,-2.5465938969827144,0.0,0.0,0.0
84.04004287719727,0.8554178458649293,3.1985134369067563,-2.532468515135861,0.0,0.0,0.0
84.07376408576965,0.8405726116736312,3.1959548370782276,-2.5195747197265304,0.0,0.0,0.0
84.10866808891296,0.8255538801798001,3.1936016449008204,-2.507582751458004,0.0,0.0,0.0
84.14277243614197,0.8111616172752484,3.1915303240937916,-2.497185989149039,0.0,0.0,0.0
84.17676568031311,0.7969065834890761,3.1896134049506784,-2.4880272430463886,0.0,0.0,0.0
84.21055150032043,0.782821253113426,3.1878833798521984,-2.480102294006614,0.0,0.0,0.0
84.2448091506958,0.7689349409981643,3.186369636829803,-2.4734120366839742,0.0,0.0,0.0
84.27870392799377,0.7552573248841951,3.185076949722675,-2.467960452730566,0.0,0.0,0.0
84.31252717971802,0.7418766420231357,3.183926691915306,-2.4637472428747857,0.0,0.0,0.0
84.34653043746948,0.7286847217288974,3.1829814670296703,-2.460775208985251,0.0,0.0,0.0
84.3810567855835,0.7156773776072801,3.1822271668482505,-2.4590431396130623,0.0,0.0,0.0
84.41471457481384,0.7029230435629025,3.1815295028964874,-2.4585369035868334,0.0,0.0,0.0
84.44860672950745,0.69043166148664,3.1808709987052066,-2.459251251947378,0.0,0.0,0.0
84.4827389717102,0.6781713583226546,3.180149574022934,-2.4611767332405012,0.0,0.0,0.0
84.51659870147705,0.6661244298505692,3.1793738079084815,-2.464315369866032,0.0,0.0,0.0
84.55147242546082,0.6546665755647565,3.1785414405620203,-2.4685122827858446,0.0,0.0,0.0
84.58606171607971,0.6427985450942937,3.1775415165891103,-2.474193243972688,0.0,0.0,0.0
84.62021946907043,0.6315738671221809,3.176430114356455,-2.4809172655164877,0.0,0.0,0.0
84.67107009887695,0.6152886382271929,3.174479172093695,-2.493223773105442,0.0,0.0,0.0
84.70489621162415,0.6047827405480848,3.1729728638967303,-2.502900734187543,0.0,0.0,0.0
84.74002408981323,0.5942723226092024,3.1712387252611403,-2.5140820130407726,0.0,0.0,0.0
84.77525734901428,0.5841413570778077,3.169272399410296,-2.526481744702987,0.0,0.0,0.0
84.80900621414185,0.5746227627977277,3.167166147581889,-2.5396917316665615,0.0,0.0,0.0
84.8434534072876,0.5650667380192025,3.164872508854433,-2.5540321653492066,0.0,0.0,0.0
84.87709426879883,0.5553938847585745,3.162388214868121,-2.5694950558547616,0.0,0.0,0.0
84.91106677055359,0.5456062024774427,3.159653590433286,-2.5860561378110556,0.0,0.0,0.0
84.94512176513672,0.5357082771981909,3.1567409236887936,-2.6037171149438922,0.0,0.0,0.0
84.97875213623047,0.5257088988279444,3.153652923098535,-2.622460315300938,0.0,0.0,0.0
85.0127968788147,0.5156143090821798,3.1503510709357876,-2.6422687203910717,0.0,0.0,0.0
85.0468053817749,0.5054236270099204,3.146911985248107,-2.6631561655006304,0.0,0.0,0.0
85.08094191551208,0.49513670963861806,3.1433638865482543,-2.6851185029535936,0.0,0.0,0.0
85.11485648155212,0.48476217250997494,3.139703095048404,-2.7081187771600916,0.0,0.0,0.0
85.14901065826416,0.4743124624575371,3.1359294787603975,-2.7321374629807345,0.0,0.0,0.0
85.18283009529114,0.4637925213820745,3.1321421722678084,-2.7571907169099887,0.0,0.0,0.0
85.2171881198883,0.45320041108164655,3.1282689590508914,-2.7832505555689715,0.0,0.0,0.0
85.25107765197754,0.44246692164656226,3.1243948776476413,-2.8102976186634394,0.0,0.0,0.0
85.28526592254639,0.4312005258668563,3.1206389192954758,-2.8382655454514913,0.0,0.0,0.0
85.31910538673401,0.4192175607861487,3.1170116880380845,-2.8671052731239257,0.0,0.0,0.0
85.3532395362854,0.4062414731399992,3.1134349426916397,-2.896760164359983,0.0,0.0,0.0
85.38713026046753,0.3925359677988709,3.1099782570423358,-2.9272639940957847,0.0,0.0,0.0
85.42110133171082,0.3781823747586119,3.1067617538915644,-2.9585869045209634,0.0,0.0,0.0
85.45507907867432,0.36298678737003126,3.104028054645889,-2.9906543501266953,0.0,0.0,0.0
85.4889268875122,0.3469111606812466,3.1016215074687814,-3.023459215104279,0.0,0.0,0.0
85.52281165122986,0.33015449346019915,3.099402488955904,-3.057002797717108,0.0,0.0,0.0
85.55717039108276,0.31261175939196323,3.097643457593298,-3.0912141180484647,0.0,0.0,0.0
85.59136939048767,0.29432855463685403,3.096722097059174,-3.126111869707761,0.0,0.0,0.0
85.64175128936768,0.2657796315369015,3.0972072656479517,3.1034424340290867,0.0,0.0,0.0
85.67628192901611,0.24594718116834627,3.098859109151082,3.0668976449964553,0.0,0.0,0.0
85.70996928215027,0.22498623954304126,3.1015874367697345,3.029724042693835,0.0,0.0,0.0
85.74439215660095,0.2029788940992437,3.105392251597214,2.9918752213936464,0.0,0.0,0.0
85.79527735710144,0.1680791135846793,3.113078639011234,2.9337995889794386,0.0,0.0,0.0
85.84585881233215,0.13034765757384084,3.1230219471279503,2.874117616381473,0.0,0.0,0.0
85.8797550201416,0.10444288370636184,3.130881509005283,2.8333643653319824,0.0,0.0,0.0
85.91376447677612,0.07907472150638509,3.1395333981879436,2.7928502127556483,0.0,0.0,0.0
85.94787764549255,0.05458776373643155,3.1489798343746416,2.7530538570707233,0.0,0.0,0.0
85.98175883293152,0.031066565908891574,3.159129555649662,2.7140284375989387,0.0,0.0,0.0
86.01580667495728,0.008687512537421558,3.1697639142200584,2.6759083293852433,0.0,0.0,0.0
86.04990148544312,-0.012245156339230354,3.180752822064541,2.6387066977100133,0.0,0.0,0.0
86.08406519889832,-0.03209133773169257,3.1921024362649315,2.6023865515396456,0.0,0.0,0.0
86.11778402328491,-0.05084807532213337,3.2037341297540207,2.5670342369793073,0.0,0.0,0.0
86.15193819999695,-0.06812781000345272,3.215139408610035,2.532833974196019,0.0,0.0,0.0
86.18591141700745,-0.08397441712105685,3.2265115251191494,2.4996921729331247,0.0,0.0,0.0
86.21985387802124,-0.09867112602536549,3.237814315767187,2.4676118099984876,0.0,0.0,0.0
86.25403118133545,-0.11199832652206242,3.2484957676991315,2.4367877204320667,0.0,0.0,0.0
86.28789806365967,-0.12389522622395946,3.2588522026119255,2.4071429774660373,0.0,0.0,0.0
86.32172298431396,-0.1351375141716472,3.2691172778065294,2.3785825079834018,0.0,0.0,0.0
86.35592269897461,-0.1457159834875823,3.279260542280274,2.3511664269448835,0.0,0.0,0.0
86.39053463935852,-0.15601507398883496,3.28905483820367,2.3248367338545473,0.0,0.0,0.0
86.44119787216187,-0.16998074353891307,3.303661730789726,2.2873490001062797,0.0,0.0,0.0
86.47500371932983,-0.17825541526261907,3.3130004615303816,2.2638075589493623,0.0,0.0,0.0
86.5087742805481,-0.18605712878100084,3.3218186335280313,2.241467855406267,0.0,0.0,0.0
86.54296326637268,-0.19425135402862417,3.3303227209128705,2.2200943967023425,0.0,0.0,0.0
86.57690238952637,-0.20165729726103768,3.3384022410245184,2.1998951269686278,0.0,0.0,0.0
86.61108136177063,-0.20821350033689326,3.3459279089040956,2.180978813187763,0.0,0.0,0.0
86.64583897590637,-0.21534450111539513,3.353303500198463,2.1626657484428584,0.0,0.0,0.0
86.67982387542725,-0.22146280163268386,3.360088088321269,2.1461682382344702,0.0,0.0,0.0
86.7143394947052,-0.22664041330509035,3.366252309492432,2.130977115871333,0.0,0.0,0.0
86.74910068511963,-0.2313517431405516,3.3722492113216123,2.1166696258407587,0.0,0.0,0.0
86.78281998634338,-0.2356037292335356,3.3779895092428864,2.1040492045728603,0.0,0.0,0.0
86.81721258163452,-0.23901323051671447,3.382914588573205,2.0927305443261637,0.0,0.0,0.0
86.86817479133606,-0.2450029209034215,3.3913632981380766,2.0779277493080484,0.0,0.0,0.0
86.9019603729248,-0.24857337684365932,3.39644451649573,2.06964753714992,0.0,0.0,0.0
86.93603801727295,-0.252806059894089,3.402057403662508,2.0625378858582764,0.0,0.0,0.0
86.97011280059814,-0.2565478823255413,3.4071622958925047,2.0566780932191278,0.0,0.0,0.0
87.00375890731812,-0.2598755907266807,3.4118362157700517,2.0520548683350897,0.0,0.0,0.0
87.03777289390564,-0.26288424883601047,3.416174455535252,2.0486558956564456,0.0,0.0,0.0
87.07172155380249,-0.265469440492498,3.4200724799217617,2.0464963672657555,0.0,0.0,0.0
87.10575485229492,-0.2679445485261167,3.4238442686843777,2.0455321619736497,0.0,0.0,0.0
87.14013981819153,-0.2704102926179651,3.427590759155081,2.0457489828176962,0.0,0.0,0.0
87.1738212108612,-0.2728281690330684,3.431273354710677,2.0471536297943906,0.0,0.0,0.0
87.20794630050659,-0.27543458811148125,3.435128856609153,2.049715443589537,0.0,0.0,0.0
87.24186515808105,-0.2782797913492872,3.439207550345223,2.0534284434986674,0.0,0.0,0.0
87.27606964111328,-0.28136015537114295,3.4435057453610094,2.0582936303435364,0.0,0.0,0.0
87.30989360809326,-0.2846908192901885,3.448038501561293,2.064311782555168,0.0,0.0,0.0
87.34410977363586,-0.28829748933879645,3.452828205139403,2.071486019769897,0.0,0.0,0.0
87.37785863876343,-0.2922199452866131,3.4576515208341614,2.0798090155625832,0.0,0.0,0.0
87.4118664264679,-0.29650283795606236,3.4623539683014126,2.0892721433942767,0.0,0.0,0.0
87.4458236694336,-0.3011412426649052,3.4669327939544,2.0998769343834476,0.0,0.0,0.0
87.49677205085754,-0.30876881668337236,3.473560560993288,2.1179267864288773,0.0,0.0,0.0
87.53087568283081,-0.31433707603883015,3.4778149529253075,2.131394334051789,0.0,0.0,0.0
87.56498193740845,-0.3203428112116726,3.481937801722039,2.146016973420632,0.0,0.0,0.0
87.5990297794342,-0.3268461692527128,3.485929198438104,2.1617943353370745,0.0,0.0,0.0
87.63296580314636,-0.33392112298548504,3.489815482181593,2.1786704789416125,0.0,0.0,0.0
87.66719937324524,-0.3414699719004499,3.493875398114955,2.1964442716153085,0.0,0.0,0.0
87.70095372200012,-0.34947463384872035,3.4981729975361104,2.2150709795841066,0.0,0.0,0.0
87.73482918739319,-0.35804811872299225,3.5027815695791107,2.2345424498623356,0.0,0.0,0.0
87.7688524723053,-0.36727891206404084,3.5077230852147485,2.2548673409121633,0.0,0.0,0.0
87.80302786827087,-0.37713463739000835,3.512878643075601,2.2760688141776813,0.0,0.0,0.0
87.8369550704956,-0.3876449496348541,3.518349046362078,2.2981111339822053,0.0,0.0,0.0
87.87127304077148,-0.39845257779863075,3.5240834487954773,2.3210304282865484,0.0,0.0,0.0
87.9048080444336,-0.409216750731064,3.5299922474521472,2.3448781471084104,0.0,0.0,0.0
87.93931841850281,-0.4199409448279435,3.5360949761796356,2.3696582754805817,0.0,0.0,0.0
87.97318243980408,-0.43061913086237974,3.542518623735644,2.395336876722801,0.0,0.0,0.0
88.00680470466614,-0.44123820560039695,3.5490832785157673,2.4219289817790943,0.0,0.0,0.0
88.0408296585083,-0.4517904344247935,3.5557714186210387,2.4494411679483603,0.0,0.0,0.0
88.07484722137451,-0.46227962157155456,3.5626354417494777,2.4778742267980536,0.0,0.0,0.0
88.10930895805359,-0.472706366361006,3.5696776218122785,2.50723123915321,0.0,0.0,0.0
88.14318132400513,-0.48305764678405055,3.5767147855649766,2.537524179081492,0.0,0.0,0.0
88.1773898601532,-0.4934578650387642,3.583644157026911,2.567746964580445,0.0,0.0,0.0
88.21099305152893,-0.5049975104662647,3.5908414316339923,2.5997159851552007,0.0,0.0,0.0
88.24496459960938,-0.5172696363865362,3.597955691035787,2.6325414757713594,0.0,0.0,0.0
88.2790219783783,-0.5302376649033649,3.6049102905185633,2.6661834674404816,0.0,0.0,0.0
88.3135187625885,-0.544241181863597,3.611815592143495,2.700564030657046,0.0,0.0,0.0
88.34810328483582,-0.5594661810318051,3.6186667916733746,2.7367888116110026,0.0,0.0,0.0
88.38203048706055,-0.5750382254365818,3.625009305905246,2.7727561005391212,0.0,0.0,0.0
88.41604208946228,-0.59150087876695,3.6310256932662193,2.8094216802204857,0.0,0.0,0.0
88.45069599151611,-0.6089015064135083,3.6366667210571424,2.846806865565744,0.0,0.0,0.0
88.4845883846283,-0.6270250306178476,3.6417941980650883,2.884948754593506,0.0,0.0,0.0
88.51827812194824,-0.6458897002003923,3.6464763597122913,2.9238434133744104,0.0,0.0,0.0
88.55235457420349,-0.6658043423684881,3.6510042640600626,2.9635629704300275,0.0,0.0,0.0
88.58648419380188,-0.6863911357298222,3.6553875160905034,3.004144834487663,0.0,0.0,0.0
88.6206431388855,-0.7077222512495288,3.658926530924251,3.0455660148616954,0.0,0.0,0.0
88.65449094772339,-0.7298254272069572,3.661252981981729,3.08785306001971,0.0,0.0,0.0
88.68919610977173,-0.7533712280081017,3.6622829919830067,3.132295541099754,0.0,0.0,0.0
88.7233726978302,-0.7768042972417996,3.6619993737665943,-3.106893837748806,0.0,0.0,0.0
88.75732636451721,-0.8011968617763634,3.660608361661054,-3.062125452918365,0.0,0.0,0.0
88.79106545448303,-0.8268254281579267,3.6579800778617972,-3.016552734354398,0.0,0.0,0.0
88.82517433166504,-0.8533212971751549,3.6540222122870865,-2.970143707449976,0.0,0.0,0.0
88.85934686660767,-0.8798122494417283,3.648802635665025,-2.9242432448354183,0.0,0.0,0.0
88.89322686195374,-0.9092747615338993,3.641528563253819,-2.874680962599415,0.0,0.0,0.0
88.92715334892273,-0.9382420885299515,3.6328709666752075,-2.826379694175893,0.0,0.0,0.0
88.96112203598022,-0.9664578136107076,3.622951985369845,-2.778964904440365,0.0,0.0,0.0
88.99512052536011,-0.9937623334082759,3.6119538250947607,-2.732459586832713,0.0,0.0,0.0
89.02928161621094,-1.0202404511660013,3.6000551796827227,-2.686992465970602,0.0,0.0,0.0
89.06330013275146,-1.0460734495478798,3.587279116842452,-2.642556407499669,0.0,0.0,0.0
89.09727883338928,-1.0707346674022256,3.573852815054913,-2.599168285646309,0.0,0.0,0.0
89.13124442100525,-1.0944447647022923,3.5599933016669616,-2.5569237415180344,0.0,0.0,0.0
89.16564178466797,-1.1177032494887575,3.5456041483937906,-2.5158241661717433,0.0,0.0,0.0
89.19910144805908,-1.1401028454710553,3.5308578592263964,-2.4758448586389763,0.0,0.0,0.0
89.25056886672974,-1.1721766031120395,3.5089322066454613,-2.418180237445963,0.0,0.0,0.0
89.28551530838013,-1.1930073049548067,3.4942131005757417,-2.3812638599953417,0.0,0.0,0.0
89.33533501625061,-1.2229568725833009,3.4722948401374967,-2.328177456443311,0.0,0.0,0.0
89.37012314796448,-1.2428026403700645,3.4577484321772136,-2.2934059660223034,0.0,0.0,0.0
89.40438508987427,-1.261449497600515,3.4441043877243884,-2.2609176095591623,0.0,0.0,0.0
89.43829798698425,-1.2795852034855584,3.4306850826803137,-2.229703110755871,0.0,0.0,0.0
89.47226762771606,-1.297512320727977,3.417325683477545,-2.1997591477481,0.0,0.0,0.0
89.50636172294617,-1.3148678675401588,3.404315283393344,-2.1710617581936886,0.0,0.0,0.0
89.5406403541565,-1.3316188448645945,3.391349456620982,-2.143605701259231,0.0,0.0,0.0
89.57447409629822,-1.3481274214652164,3.378455687627935,-2.117428653133131,0.0,0.0,0.0
89.60829186439514,-1.3642328888223143,3.3659847380159365,-2.092523912906616,0.0,0.0,0.0
89.64204692840576,-1.3799337833769532,3.3538294119147474,-2.0688874453302986,0.0,0.0,0.0
89.67646765708923,-1.394926971574079,3.34171977924619,-2.046491811952378,0.0,0.0,0.0
89.71006965637207,-1.4089430204621154,3.329825105379318,-2.02531661183868,0.0,0.0,0.0
89.74404788017273,-1.4221336215237035,3.3183406171495484,-2.005380861876055,0.0,0.0,0.0
89.7781629562378,-1.4346065262457366,3.3071649045810783,-1.986624574675537,0.0,0.0,0.0
89.8119969367981,-1.446265434226867,3.2959964716063768,-1.9688579761111844,0.0,0.0,0.0
89.84613251686096,-1.4572323173916941,3.2851016594890976,-1.9520278009738357,0.0,0.0,0.0
89.87995862960815,-1.4675631718102762,3.2744727422110405,-1.936143149885544,0.0,0.0,0.0
89.91432070732117,-1.4772493558509798,3.2638776985509907,-1.9212112081466093,0.0,0.0,0.0
89.94806599617004,-1.486373197151468,3.2534636650833164,-1.9071965008482832,0.0,0.0,0.0
89.9819803237915,-1.4950173648982403,3.2433223949338927,-1.8941015601493336,0.0,0.0,0.0
90.01603364944458,-1.503149696369206,3.233395544004844,-1.8819437372582164,0.0,0.0,0.0
90.04998803138733,-1.510823484989052,3.2236441372693423,-1.870712917084645,0.0,0.0,0.0
90.08415746688843,-1.5181183967089622,3.2140813538984565,-1.8603964224582106,0.0,0.0,0.0
90.11803483963013,-1.5250617645184272,3.2047528129058676,-1.8509913039241221,0.0,0.0,0.0
90.15249037742615,-1.531636015108257,3.195602322135729,-1.842509793304127,0.0,0.0,0.0
90.18623089790344,-1.5379308749403426,3.186646731608351,-1.8349363018501952,0.0,0.0,0.0
90.23714017868042,-1.5468989788649126,3.1735285984146784,-1.825264249161241,0.0,0.0,0.0
90.27119088172913,-1.552590109570845,3.1650140527757378,-1.8199387355233534,0.0,0.0,0.0
90.30540037155151,-1.5581103235100002,3.156716144851315,-1.815506957020227,0.0,0.0,0.0
90.33901929855347,-1.5634787861895856,3.148603977612462,-1.811969269544656,0.0,0.0,0.0
90.37307906150818,-1.5687031938880927,3.140676298034976,-1.8093202314561105,0.0,0.0,0.0
90.40734457969666,-1.5738360287755189,3.1329471866436513,-1.8075577169485528,0.0,0.0,0.0
90.44132161140442,-1.5789053694160478,3.12543698314082,-1.8066788561743963,0.0,0.0,0.0
90.4755289554596,-1.5839188340288435,3.1181233153949757,-1.8066868764615833,0.0,0.0,0.0
90.50963735580444,-1.5889100523191053,3.1110274589451374,-1.807576503968902,0.0,0.0,0.0
90.54325246810913,-1.5939120538612728,3.1041735938499015,-1.8093433746305445,0.0,0.0,0.0
90.57758927345276,-1.5989395764327505,3.097544488617561,-1.8119902810582331,0.0,0.0,0.0
90.61126518249512,-1.604024514836088,3.091153658517019,-1.8155120655999908,0.0,0.0,0.0
90.64501953125,-1.609194834847894,3.084920374772251,-1.81989490851887,0.0,0.0,0.0
90.67936420440674,-1.6144757898615696,3.0785335779187406,-1.8251038463315012,0.0,0.0,0.0
90.71325850486755,-1.6198880121121162,3.0719679319424307,-1.8311380784221154,0.0,0.0,0.0
90.74704265594482,-1.6254592605470215,3.0651883309058188,-1.8379938093730788,0.0,0.0,0.0
90.78120231628418,-1.631205710876596,3.058203686081343,-1.8456757721851844,0.0,0.0,0.0
90.8152015209198,-1.6371565202997584,3.050980574826847,-1.8541744234763267,0.0,0.0,0.0
90.84927606582642,-1.6433419074975577,3.0434823161549547,-1.8634824693651075,0.0,0.0,0.0
90.88303470611572,-1.6497755839706172,3.0357315541363947,-1.873613446532923,0.0,0.0,0.0
90.9170401096344,-1.6564911292322226,3.0276939154046674,-1.8845654913800411,0.0,0.0,0.0
90.95112586021423,-1.663516063962442,3.0193452405954337,-1.8963348086791623,0.0,0.0,0.0
90.9851930141449,-1.6708627748407991,3.010722513807195,-1.908929331812188,0.0,0.0,0.0
91.01914858818054,-1.6785651496809053,3.001802461853537,-1.9223484949099823,0.0,0.0,0.0
91.0533127784729,-1.6864237665377155,2.992796285718245,-1.936156948863764,0.0,0.0,0.0
91.0872974395752,-1.6949392561336125,2.983173787938197,-1.9511965800124047,0.0,0.0,0.0
91.12121438980103,-1.7038777425081288,2.9732740582956163,-1.9670744555201214,0.0,0.0,0.0
91.15536379814148,-1.7133206942005172,2.9629843880729183,-1.9837605039222135,0.0,0.0,0.0
91.18922924995422,-1.7232811374528911,2.952320691241375,-2.001273879849733,0.0,0.0,0.0
91.22314667701721,-1.7337684653371244,2.9413498539561997,-2.019633417444406,0.0,0.0,0.0
91.25708079338074,-1.7447317621392067,2.9299989247859335,-2.0388866139256234,0.0,0.0,0.0
91.29105257987976,-1.7558777717377698,2.9182626618643677,-2.0592396641641426,0.0,0.0,0.0
91.32527828216553,-1.767172054758537,2.906198136802489,-2.0807420761252504,0.0,0.0,0.0
91.35939979553223,-1.7786242484717798,2.8938292519107223,-2.103422068781236,0.0,0.0,0.0
91.39318108558655,-1.790225028526097,2.8810591211959355,-2.127236724015595,0.0,0.0,0.0
91.4275586605072,-1.8019654953080853,2.867988773407339,-2.1522019329661464,0.0,0.0,0.0
91.46110725402832,-1.8138509640312437,2.854647998358424,-2.178350288973937,0.0,0.0,0.0
91.49533700942993,-1.8258781822102457,2.841020208351925,-2.20566173223805,0.0,0.0,0.0
91.5293595790863,-1.8380269951166295,2.8272020023349285,-2.234117995089515,0.0,0.0,0.0
91.56342482566833,-1.8502952144980107,2.8131824295775787,-2.2637480978644375,0.0,0.0,0.0
91.59724998474121,-1.8627339896747124,2.7989069376295155,-2.294572619530385,0.0,0.0,0.0
91.63250279426575,-1.8757204340677718,2.784558999015314,-2.3265624896751267,0.0,0.0,0.0
91.68212747573853,-1.8968155367828747,2.7630154461504994,-2.3767086609599177,0.0,0.0,0.0
91.71628499031067,-1.9120512852170313,2.7486390369939455,-2.411563643118613,0.0,0.0,0.0
91.75030732154846,-1.9283166182304587,2.734474442199104,-2.447515031900368,0.0,0.0,0.0
91.78408074378967,-1.9458606079967056,2.720211676464425,-2.4845553854040165,0.0,0.0,0.0
91.81871318817139,-1.9648786340261075,2.705734651763729,-2.5226844725088036,0.0,0.0,0.0
91.85240697860718,-1.9856588373891428,2.6911628242959837,-2.561829772844621,0.0,0.0,0.0
91.88630747795105,-2.0079327817616193,2.6766844924800384,-2.6020103656269513,0.0,0.0,0.0
91.92023277282715,-2.03180116128666,2.6622718504771212,-2.6432064450633006,0.0,0.0,0.0
91.95442652702332,-2.057278513714382,2.649005089484021,-2.6849928027114545,0.0,0.0,0.0
91.9884557723999,-2.0829928424627675,2.6370182379836415,-2.726018871075629,0.0,0.0,0.0
92.02232480049133,-2.108732553067846,2.6262709610566155,-2.7661437575545955,0.0,0.0,0.0
92.05624580383301,-2.134100052156778,2.616848052709959,-2.805293782113025,0.0,0.0,0.0
92.0902841091156,-2.1589315804045768,2.608700333583989,-2.8434774988322777,0.0,0.0,0.0
92.12414956092834,-2.183332033868312,2.601704528509217,-2.8807433615806937,0.0,0.0,0.0
92.15871381759644,-2.2072179839187758,2.595797133698787,-2.917057485096187,0.0,0.0,0.0
92.20914769172668,-2.241023635503522,2.589034685216189,-2.969601621223133,0.0,0.0,0.0
92.2433819770813,-2.2624168506740294,2.585707748163405,-3.00341862411448,0.0,0.0,0.0
92.2770721912384,-2.2828498846500267,2.583261811912693,-3.0362569341756394,0.0,0.0,0.0
92.31139326095581,-2.3016089979441405,2.5817115960058383,-3.068025884923896,0.0,0.0,0.0
92.34525322914124,-2.3185646598001806,2.580888466560832,-3.0987207322060706,0.0,0.0,0.0
92.37908244132996,-2.3340006387719,2.580629170841177,-3.1283592446188715,0.0,0.0,0.0
92.41341233253479,-2.3479905909558907,2.5806359760540216,3.126203179471729,0.0,0.0,0.0
92.44709491729736,-2.360422887301148,2.580731261139882,3.098590758684734,0.0,0.0,0.0
92.48132348060608,-2.3712467848634846,2.5807722284213237,3.072020715956154,0.0,0.0,0.0
92.51545739173889,-2.3805117296495535,2.5806321416376283,3.046524461443776,0.0,0.0,0.0
92.54923582077026,-2.388321561136247,2.58020363174762,3.0221263403312286,0.0,0.0,0.0
92.58315086364746,-2.3947185186809934,2.579473614439541,2.9988435717596937,0.0,0.0,0.0
92.61730647087097,-2.399713413400037,2.5783191097446805,2.9766940662996895,0.0,0.0,0.0
92.65136742591858,-2.403284197453665,2.576803465497226,2.9556903618963855,0.0,0.0,0.0
92.68516421318054,-2.4054514380274292,2.574866209071006,2.935848589785721,0.0,0.0,0.0
92.71930360794067,-2.4062351734344753,2.5725738388367656,2.917180692398572,0.0,0.0,0.0
92.75339770317078,-2.4056653179216494,2.5698892826941058,2.8997012475310653,0.0,0.0,0.0
92.78713345527649,-2.4037783659665752,2.566937126617324,2.883420221108066,0.0,0.0,0.0
92.82126832008362,-2.4006048047906274,2.563785937264248,2.8683487186926193,0.0,0.0,0.0
92.855464220047,-2.396141838958552,2.560547497790033,2.8544942774667006,0.0,0.0,0.0
92.88912391662598,-2.3903944669432255,2.5572443443813375,2.841865973645042,0.0,0.0,0.0
92.92349362373352,-2.3833783854385056,2.553997901015361,2.8304678197115885,0.0,0.0,0.0
92.95778393745422,-2.375137065787932,2.5510007015042744,2.8202956903208536,0.0,0.0,0.0
93.0082139968872,-2.363575708306109,2.5470778667480407,2.807120940849001,0.0,0.0,0.0
93.04213285446167,-2.3571992228356025,2.544841745421185,2.7996787061725987,0.0,0.0,0.0
93.07636976242065,-2.352072604080084,2.543016400886191,2.7932992655169993,0.0,0.0,0.0
93.1104383468628,-2.3478349570180392,2.541467267769654,2.788016160037371,0.0,0.0,0.0
93.14452886581421,-2.344240429302909,2.5401332259594387,2.7838520556434614,0.0,0.0,0.0
93.17905521392822,-2.3413085768963096,2.539035297801344,2.7808058303530676,0.0,0.0,0.0
93.21321749687195,-2.34468996632568,2.535892251091198,2.7779176512598243,0.0,0.0,0.0
93.24737763404846,-2.3559169849137036,2.5325960919653574,2.774866207215377,0.0,0.0,0.0
93.28151178359985,-2.367400211628659,2.5293011115366872,2.7718077053278107,0.0,0.0,0.0
93.31527757644653,-2.377356550864915,2.527930056561916,2.768654985355391,0.0,0.0,0.0
93.34940385818481,-2.383072707377693,2.5293965333525925,2.7654369515217243,0.0,0.0,0.0
93.38317346572876,-2.3789385248275985,2.525693740146286,2.7630594424623416,0.0,0.0,0.0
93.41722321510315,-2.369600977128306,2.521985303650172,2.7610944916350846,0.0,0.0,0.0
93.45118522644043,-2.364083170074574,2.5213338768449125,2.7593882947880246,0.0,0.0,0.0
93.48615527153015,-2.369158264155166,2.5244911284092693,2.7587873095818622,0.0,0.0,0.0
93.52027702331543,-2.374459914934047,2.5252433066883833,2.758737512058955,0.0,0.0,0.0
93.5543270111084,-2.3694482670324386,2.5219459171654437,2.759576127050367,0.0,0.0,0.0
93.60508799552917,-2.361995347519596,2.520820740784893,2.7615924621009125,0.0,0.0,0.0
93.63925647735596,-2.3681940806181894,2.5236801001260605,2.764125354683306,0.0,0.0,0.0
93.67336130142212,-2.3681650980681797,2.521517215559295,2.767564466525907,0.0,0.0,0.0
93.70765471458435,-2.362453418979298,2.520093837259598,2.771699315985403,0.0,0.0,0.0
93.74130129814148,-2.3649079325141837,2.5221077548298725,2.7769231010486983,0.0,0.0,0.0
93.79232215881348,-2.361259345460478,2.5214097012716112,2.78676784877557,0.0,0.0,0.0
93.82663011550903,-2.357585362644638,2.5208711315003365,2.7948191721583653,0.0,0.0,0.0
93.86042356491089,-2.3538437091785056,2.5202274862032663,2.804110146752433,0.0,0.0,0.0
93.894451379776,-2.3504252936172936,2.5190483069275285,2.814548225053833,0.0,0.0,0.0
93.92818069458008,-2.3478281917333153,2.5181828872170264,2.826061645598119,0.0,0.0,0.0
93.96210646629333,-2.3459150949247785,2.5175701714748238,2.8386557979338534,0.0,0.0,0.0
93.99605321884155,-2.344812339978915,2.517233908403706,2.852312845144428,0.0,0.0,0.0
94.03013515472412,-2.344358298276652,2.5171005485921296,2.8670361810789804,0.0,0.0,0.0
94.0644109249115,-2.344376870724877,2.5171219186479683,2.882823977405601,0.0,0.0,0.0
94.09836387634277,-2.34483258978357,2.5172355166787113,2.8996636540465506,0.0,0.0,0.0
94.13214993476868,-2.3457079563818954,2.5174401229652728,2.9175356762586433,0.0,0.0,0.0
94.1661868095398,-2.3469066166030745,2.5177135164588775,2.93643475735475,0.0,0.0,0.0
94.20047163963318,-2.3483675347437565,2.5180031806303345,2.9563531169051793,0.0,0.0,0.0
94.23420572280884,-2.3512686463699777,2.5172438891850297,2.9770790059395007,0.0,0.0,0.0
94.2682716846466,-2.361557551620649,2.512460728411603,2.9975559027227976,0.0,0.0,0.0
94.30207991600037,-2.372647251820786,2.5076742027970615,3.0180191965286864,0.0,0.0,0.0
94.3363196849823,-2.383708918165122,2.5028842924505073,3.0384774351449177,0.0,0.0,0.0
94.37038707733154,-2.3947422149753472,2.498091456284636,3.0589317905257163,0.0,0.0,0.0
94.40426230430603,-2.403790163391675,2.4975507725740576,3.0791839388916413,0.0,0.0,0.0
94.43841409683228,-2.409164672259771,2.4975240136038845,3.099656148602151,0.0,0.0,0.0
94.47210812568665,-2.4053272320316252,2.4973610586056902,3.120940741179383,0.0,0.0,0.0
94.50625467300415,-2.40093116722664,2.497320334805576,-3.140872230160831,0.0,0.0,0.0
94.54009556770325,-2.4044349880816056,2.4972240175863947,-3.1187792292557726,0.0,0.0,0.0
94.5741503238678,-2.4134059750535424,2.4969143725010396,-3.0961299314021167,0.0,0.0,0.0
94.60848808288574,-2.417039921512974,2.4970511155025163,-3.073163124200824,0.0,0.0,0.0
94.64225602149963,-2.413044732335781,2.4973871465156834,-3.0495810996296644,0.0,0.0,0.0
94.67618536949158,-2.4107460562901246,2.4972427461701088,-3.025929818349137,0.0,0.0,0.0
94.710209608078,-2.4176678036174986,2.496064881956584,-3.0014237573430584,0.0,0.0,0.0
94.74429202079773,-2.4262191662572854,2.495116014943568,-2.9766417318012195,0.0,0.0,0.0
94.7781822681427,-2.4262304619279287,2.495708354953566,-2.9511051310706238,0.0,0.0,0.0
94.81225490570068,-2.422741768540896,2.4964335382599914,-2.9252532568826,0.0,0.0,0.0
94.84621810913086,-2.424911800483265,2.494912672905915,-2.8989043731634654,0.0,0.0,0.0
94.88019061088562,-2.433392113004111,2.4926972406073102,-2.8719351605397954,0.0,0.0,0.0
94.91411542892456,-2.4363932620922935,2.492853128606452,-2.8446253268697066,0.0,0.0,0.0
94.94829940795898,-2.433653719253134,2.493737697027727,-2.81682992752303,0.0,0.0,0.0
94.98211312294006,-2.433046946452296,2.4933567853867533,-2.788920538923345,0.0,0.0,0.0
95.01627850532532,-2.438875729598555,2.4910136440635195,-2.7603715616932716,0.0,0.0,0.0
95.05039095878601,-2.4427084021857044,2.4897706913814566,-2.73175562490013,0.0,0.0,0.0
95.0841281414032,-2.4419742843134618,2.4901041498209784,-2.702793689819238,0.0,0.0,0.0
95.11817955970764,-2.441833649738914,2.4901559521891543,-2.6738721806462076,0.0,0.0,0.0
95.15220522880554,-2.444847648142273,2.488482673604125,-2.644634181484358,0.0,0.0,0.0
95.18615484237671,-2.4471376978816552,2.48722690624826,-2.6154279509452776,0.0,0.0,0.0
95.22038841247559,-2.447896007494106,2.486770507840263,-2.5861394785871985,0.0,0.0,0.0
95.25485348701477,-2.448961485670953,2.4860958519388894,-2.5568777963526905,0.0,0.0,0.0
95.28838634490967,-2.4492577980803887,2.4859119081053023,-2.5277475962404763,0.0,0.0,0.0
95.32242012023926,-2.449310013479492,2.4858330141360505,-2.4987101118543706,0.0,0.0,0.0
95.37338638305664,-2.4519853785153107,2.48373561459826,-2.4554471665470543,0.0,0.0,0.0
95.40725326538086,-2.452074735920879,2.4837986012525874,-2.426835267609138,0.0,0.0,0.0
95.44111275672913,-2.4493929624249167,2.486186598103127,-2.398582713809423,0.0,0.0,0.0
95.47503185272217,-2.450772087037823,2.484783011383201,-2.3707516861161437,0.0,0.0,0.0
95.51669764518738,-2.5226174790695746,2.5069787513693536,-1.0046996892036253,0.0,0.0,0.0
95.55073237419128,-2.5154993573731796,2.4991325407842626,-0.9910466407623623,0.0,0.0,0.0
95.5849974155426,-2.510459577634892,2.4923670040465047,-0.978797974147452,0.0,0.0,0.0
95.61914443969727,-2.5081362207170006,2.4900013219550803,-0.9676979711410829,0.0,0.0,0.0
95.65288639068604,-2.500360399137695,2.4796374353637907,-0.9574186836112164,0.0,0.0,0.0
95.68688607215881,-2.4987619933708545,2.4748294313981116,-0.9479925969520185,0.0,0.0,0.0
95.72106528282166,-2.497945991155795,2.471671851318469,-0.9399428831182042,0.0,0.0,0.0
95.7548279762268,-2.4956049045269646,2.4674564670882058,-0.9327295462603403,0.0,0.0,0.0
95.78877019882202,-2.497433841668584,2.4673682545865483,-0.9269224805859344,0.0,0.0,0.0
95.82289528846741,-2.5027279918083387,2.4651559663994025,-0.9211893633565056,0.0,0.0,0.0
95.85672903060913,-2.5106919817844364,2.46295137885001,-0.9152855247736886,0.0,0.0,0.0
95.89077639579773,-2.5186564936954627,2.4607468620301383,-0.9093816365093621,0.0,0.0,0.0
95.92506122589111,-2.5233595774624047,2.4554938855286945,-0.9038413393414849,0.0,0.0,0.0
95.95908641815186,-2.5205227016669745,2.448212581140239,-0.8992109185417494,0.0,0.0,0.0
95.99307799339294,-2.523519839416088,2.4501782773008416,-0.895804646704472,0.0,0.0,0.0
96.0270402431488,-2.5257506401405063,2.4532464672322476,-0.8927019180367333,0.0,0.0,0.0
96.06081938743591,-2.5200305555874554,2.4473493081943545,-0.8906323407243211,0.0,0.0,0.0
96.09488224983215,-2.5138222999047075,2.439654569936068,-0.8887505857874717,0.0,0.0,0.0
96.12909436225891,-2.514630730228791,2.439123358534365,-0.8878074121997864,0.0,0.0,0.0
96.1628794670105,-2.5191038034794113,2.4447210596775335,-0.8877031358411679,0.0,0.0,0.0
96.19676399230957,-2.5157275627683306,2.4418970257850092,-0.8885751211260532,0.0,0.0,0.0
96.2310562133789,-2.5108797524013693,2.4357965654678386,-0.8898690479481561,0.0,0.0,0.0
96.26493763923645,-2.5138782362228085,2.438271493687241,-0.8922571663214194,0.0,0.0,0.0
96.29888153076172,-2.5157974516848554,2.441460888770165,-0.8954579080665332,0.0,0.0,0.0
96.33273124694824,-2.510750950340475,2.4357928588992963,-0.8995921074391642,0.0,0.0,0.0
96.36673951148987,-2.511608070073336,2.4354612605896935,-0.9046640859227196,0.0,0.0,0.0
96.40081286430359,-2.512421936978066,2.4375364192215856,-0.9108541958158825,0.0,0.0,0.0
96.43485856056213,-2.5088782499079416,2.432921791833463,-0.9180874198478839,0.0,0.0,0.0
96.46905732154846,-2.5097731100649425,2.4328068019894964,-0.9266595689420752,0.0,0.0,0.0
96.50288510322571,-2.5078676873037757,2.4293076591571587,-0.9364704121195043,0.0,0.0,0.0
96.53676056861877,-2.5077219073942,2.426721398060068,-0.9474655230247169,0.0,0.0,0.0
96.57069420814514,-2.514519986355413,2.423607563385576,-0.9581199026336386,0.0,0.0,0.0
96.60491013526917,-2.522353862948311,2.420132379057193,-0.9687218780763807,0.0,0.0,0.0
96.6387357711792,-2.5230180687964605,2.4102862124842894,-0.9801944036298631,0.0,0.0,0.0
96.67281937599182,-2.521615548255161,2.4064134013988343,-0.992498072699101,0.0,0.0,0.0
96.70662236213684,-2.5163677254679286,2.400143498865846,-1.0053129989176628,0.0,0.0,0.0
96.7411162853241,-2.5077467876503468,2.3864298460281983,-1.0188310351572027,0.0,0.0,0.0
96.77464532852173,-2.505707175569414,2.38022376107957,-1.0330641116190895,0.0,0.0,0.0
96.80867338180542,-2.5053654679164326,2.3737859462039945,-1.0477681875741254,0.0,0.0,0.0
96.84266448020935,-2.5003732802280245,2.362861282446899,-1.0634910099602857,0.0,0.0,0.0
96.87666153907776,-2.49792810360485,2.3573289711162375,-1.0801383663013244,0.0,0.0,0.0
96.91065955162048,-2.493360476569266,2.3487452637279818,-1.097536236549287,0.0,0.0,0.0
96.94497585296631,-2.488373769217954,2.341537695153869,-1.115745810998829,0.0,0.0,0.0
96.97910952568054,-2.4833451776910556,2.3320083305854533,-1.1352099525168509,0.0,0.0,0.0
97.01299905776978,-2.480319592325848,2.324081952282794,-1.1555189939102417,0.0,0.0,0.0
97.04703426361084,-2.476820993930665,2.3157633948506864,-1.1769751889685542,0.0,0.0,0.0
97.080739736557,-2.473555589629377,2.307733438156021,-1.1994753615588711,0.0,0.0,0.0
97.1151351928711,-2.4705807148760766,2.3002212900730674,-1.222950405796561,0.0,0.0,0.0
97.14935803413391,-2.467764057617848,2.2922542743539105,-1.247234743456946,0.0,0.0,0.0
97.18415331840515,-2.464661380759677,2.2826620661117643,-1.272994709176909,0.0,0.0,0.0
97.21775794029236,-2.461420596548039,2.2716288305489765,-1.2986405869633941,0.0,0.0,0.0
97.25178265571594,-2.457777897756574,2.2580739611703513,-1.3247981506634434,0.0,0.0,0.0
97.28589344024658,-2.4540677513940086,2.242945553060435,-1.3516217767470577,0.0,0.0,0.0
97.31992864608765,-2.450496438622175,2.2264557632292643,-1.379113243493553,0.0,0.0,0.0
97.35385918617249,-2.4469338306188413,2.2074053914383183,-1.4070521407319831,0.0,0.0,0.0
97.3878219127655,-2.443644995215582,2.186807277965792,-1.4356056998827618,0.0,0.0,0.0
97.42174124717712,-2.4407117709220714,2.164931767762913,-1.4647927930537108,0.0,0.0,0.0
97.45571208000183,-2.4381469759093943,2.1423061031957604,-1.4946900297393642,0.0,0.0,0.0
97.4900107383728,-2.436213730147936,2.1192043643012215,-1.5254776548514783,0.0,0.0,0.0
97.52393651008606,-2.435384192121574,2.0952166209195684,-1.5571477008181218,0.0,0.0,0.0
97.55768489837646,-2.435394989580244,2.0721199846796994,-1.5896277339470484,0.0,0.0,0.0
97.59188914299011,-2.4356146006500095,2.0593880354041034,-1.6221840097409614,0.0,0.0,0.0
97.62604331970215,-2.4353018080954545,2.0580306506766806,-1.6547459569020664,0.0,0.0,0.0
97.6599669456482,-2.4338752102575936,2.068044679050475,-1.6873046031799774,0.0,0.0,0.0
97.69389367103577,-2.430927479413022,2.088624091459306,-1.7199073317551268,0.0,0.0,0.0
97.72782969474792,-2.427029993895496,2.1119695990926903,-1.7532295641532916,0.0,0.0,0.0
97.76176118850708,-2.422497272893889,2.1347183115120365,-1.7875787586623717,0.0,0.0,0.0
97.79581308364868,-2.4179269957650744,2.155607582779618,-1.8230565958538905,0.0,0.0,0.0
97.82986283302307,-2.41366052776629,2.1744793826515787,-1.859725055154926,0.0,0.0,0.0
97.86532378196716,-2.409484918267271,2.192016209654292,-1.8987307117098409,0.0,0.0,0.0
97.89984083175659,-2.406076807385817,2.2071131349708,-1.93786003950144,0.0,0.0,0.0
97.94967293739319,-2.4032687443769736,2.2250356797423705,-1.9988465503817858,0.0,0.0,0.0
97.98387789726257,-2.4023035011052825,2.2342259622857052,-2.041072653435177,0.0,0.0,0.0
98.01780891418457,-2.4019490087053788,2.2417033283970498,-2.0846049103369255,0.0,0.0,0.0
98.05166959762573,-2.4025006982914103,2.246909218824808,-2.1294134883099316,0.0,0.0,0.0
98.0855872631073,-2.4040604255356914,2.25080624293371,-2.1755992170207406,0.0,0.0,0.0
98.1198480129242,-2.406200976961873,2.2535425045538893,-2.223161772571939,0.0,0.0,0.0
98.15386652946472,-2.4091059459472386,2.2551631753106487,-2.2721238719005257,0.0,0.0,0.0
98.18821501731873,-2.412306338352717,2.2557094015680224,-2.3224666238965535,0.0,0.0,0.0
98.22168755531311,-2.4151748810196376,2.255240456225343,-2.3741561019235724,0.0,0.0,0.0
98.2565221786499,-2.4174516766889815,2.2538095351606535,-2.427175296598761,0.0,0.0,0.0
98.30714178085327,-2.4204342672800125,2.2513859257925484,-2.5077560355147175,0.0,0.0,0.0
98.3577926158905,-2.4226978541878883,2.2498409235712677,-2.5855301654145824,0.0,0.0,0.0
98.3920328617096,-2.423473707026299,2.2494981064014845,-2.635634752085485,0.0,0.0,0.0
98.42604684829712,-2.4236728577794056,2.249485488331693,-2.6843625457821005,0.0,0.0,0.0
98.4597373008728,-2.423370680523397,2.2497192347272583,-2.731734275182101,0.0,0.0,0.0
98.49386525154114,-2.4226078642700237,2.250304393255705,-2.777771086821278,0.0,0.0,0.0
98.52784395217896,-2.4214296882890154,2.2510612055932544,-2.8225019875216306,0.0,0.0,0.0
98.56195878982544,-2.4198683814372526,2.251928823507453,-2.8659555345176053,0.0,0.0,0.0
98.59582304954529,-2.417939955666967,2.2529101756410395,-2.908160762621725,0.0,0.0,0.0
98.62981986999512,-2.415673894497545,2.253864557831655,-2.949147896550817,0.0,0.0,0.0
98.66470718383789,-2.413090344281377,2.254740512357203,-2.9889456330408866,0.0,0.0,0.0
98.69802832603455,-2.4102109829906135,2.2555014232463066,-3.027582485126563,0.0,0.0,0.0
98.73172187805176,-2.407102547627078,2.2561207170897637,-3.065087024325175,0.0,0.0,0.0
98.76567387580872,-2.4038521891619093,2.2565082603276245,-3.1014894105855633,0.0,0.0,0.0
98.79976415634155,-2.401519639759099,2.2559443270457677,-3.1369609496238984,0.0,0.0,0.0
98.83366656303406,-2.405040504916619,2.253784567359077,3.110821767272603,0.0,0.0,0.0
98.86778831481934,-2.408731306498909,2.251620845574589,3.075414661801559,0.0,0.0,0.0
98.90170955657959,-2.412330627946464,2.2494504369956907,3.040002269107453,0.0,0.0,0.0
98.9357054233551,-2.415838631987663,2.24727029170619,3.0045870680694287,0.0,0.0,0.0
98.96971225738525,-2.419255353250075,2.2450771268087317,2.9691732856782376,0.0,0.0,0.0
99.004070520401,-2.4251088465388992,2.2452136651411587,2.9340400812414664,0.0,0.0,0.0
99.03787636756897,-2.4300469451028213,2.2455244128662732,2.899055056454367,0.0,0.0,0.0
99.07190561294556,-2.425066150297942,2.241071421117878,2.864971564104347,0.0,0.0,0.0
99.10624504089355,-2.4098473134458165,2.2358962575654835,2.8318550119059314,0.0,0.0,0.0
99.14041781425476,-2.394176730410063,2.230801698559139,2.79884940560592,0.0,0.0,0.0
99.1908483505249,-2.387105587120937,2.2334369406261474,2.7510967213531172,0.0,0.0,0.0
99.22502970695496,-2.3927670669842467,2.235572029827709,2.7204747854170885,0.0,0.0,0.0
99.25955390930176,-2.3897373690703296,2.230247989458449,2.690885963356063,0.0,0.0,0.0
99.30975794792175,-2.3708422446596593,2.2201153926883137,2.647659509115676,0.0,0.0,0.0
99.34375715255737,-2.365759227554913,2.2206642663554215,2.6198679248409613,0.0,0.0,0.0
99.37772560119629,-2.3690453973623598,2.222753436175544,2.59324122732452,0.0,0.0,0.0
99.4117362499237,-2.3638074498530584,2.216504698573571,2.5678170885486864,0.0,0.0,0.0
99.44591331481934,-2.354619479392317,2.211409409020689,2.543265785611236,0.0,0.0,0.0
99.48005986213684,-2.352369929710655,2.212426174865465,2.520100441261303,0.0,0.0,0.0
99.51395344734192,-2.343537491131796,2.206337152193726,2.4981137121949057,0.0,0.0,0.0
99.56474924087524,-2.336277601807584,2.2030259671617163,2.4675799151120037,0.0,0.0,0.0
99.59868168830872,-2.3320503765176936,2.200607505612088,2.448759277803041,0.0,0.0,0.0
99.63269662857056,-2.3258154733833196,2.1958717273646253,2.431245150509255,0.0,0.0,0.0
99.66778612136841,-2.322712028057495,2.1939925863541383,2.4145707529503797,0.0,0.0,0.0
99.70229411125183,-2.3186295324344974,2.1906787093538944,2.399633448822745,0.0,0.0,0.0
99.73682737350464,-2.3145185548823237,2.1871195345182928,2.385619617625465,0.0,0.0,0.0
99.77088904380798,-2.310544332970161,2.1834776728437184,2.3733305852090623,0.0,0.0,0.0
99.80483746528625,-2.305808058175343,2.1789224388683603,2.362422254027911,0.0,0.0,0.0
99.83890414237976,-2.301195843911056,2.1743264949927537,2.3528220177858206,0.0,0.0,0.0
99.87328028678894,-2.2972450699694336,2.1703119669269,2.344442452094293,0.0,0.0,0.0
99.9068956375122,-2.293836182495507,2.16679408509788,2.3372974430883695,0.0,0.0,0.0
99.94085812568665,-2.290954205686383,2.1637807026980322,2.3313887254695325,0.0,0.0,0.0
99.97493410110474,-2.2886929840516617,2.161391267049968,2.32670412987338,0.0,0.0,0.0
100.0090274810791,-2.2867613636227424,2.1593337148034304,2.3232750273459897,0.0,0.0,0.0
100.04415202140808,-2.285217051285321,2.1576799366564687,2.3211949270799046,0.0,0.0,0.0
100.07805228233337,-2.283928755113634,2.156296277898178,2.3201937250639038,0.0,0.0,0.0
100.11238884925842,-2.28294016377788,2.155233882648335,2.320443051561182,0.0,0.0,0.0
100.16295289993286,-2.2818386605250507,2.154053457406731,2.3231769677232648,0.0,0.0,0.0
100.19690275192261,-2.2813789052559152,2.1535639128858044,2.326564589947925,0.0,0.0,0.0
100.23104763031006,-2.281132741443348,2.153302020345014,2.331198020526695,0.0,0.0,0.0
100.26603960990906,-2.2810144190159902,2.1531776929682835,2.337275846002162,0.0,0.0,0.0
100.30026912689209,-2.28106224365549,2.1532256259295575,2.3444425572552823,0.0,0.0,0.0
100.3339421749115,-2.281309290879524,2.1534738700085803,2.352845780892098,0.0,0.0,0.0
100.36815428733826,-2.2816718989334435,2.1538322117428605,2.3624935655223473,0.0,0.0,0.0
100.40200805664062,-2.284246283681017,2.1515101227776934,2.3727774809952593,0.0,0.0,0.0
100.43598532676697,-2.2883791515270953,2.146310153793387,2.3828527432517386,0.0,0.0,0.0
100.46991157531738,-2.292508398985563,2.1411066035102295,2.3929257917055273,0.0,0.0,0.0
100.50392079353333,-2.296634185241308,2.1358995894736443,2.4029983196563185,0.0,0.0,0.0
100.5380437374115,-2.3007565789163293,2.130689103269359,2.4130720419872502,0.0,0.0,0.0
100.58923316001892,-2.3073352210743976,2.1232690441724746,2.428242748259377,0.0,0.0,0.0
100.63983654975891,-2.320055679899693,2.1299087891820774,2.4448304165333976,0.0,0.0,0.0
100.6739673614502,-2.3205620812540726,2.1295162732449513,2.457052636310802,0.0,0.0,0.0
100.70788860321045,-2.3171263430155977,2.126746932356139,2.4697023407581367,0.0,0.0,0.0
100.74200701713562,-2.314366708217915,2.1246224569733543,2.4823006069390154,0.0,0.0,0.0
100.77622961997986,-2.3192641491469543,2.1292837195540133,2.4957734325147283,0.0,0.0,0.0
100.82684063911438,-2.331705790280766,2.138452252158017,2.51654366334674,0.0,0.0,0.0
100.86093521118164,-2.334108348451441,2.13892220556063,2.530978055924165,0.0,0.0,0.0
100.89493179321289,-2.330069297246051,2.136113052144625,2.5460493287093415,0.0,0.0,0.0
100.92898869514465,-2.3271478199389124,2.1343798899334567,2.561147984192401,0.0,0.0,0.0
100.96315956115723,-2.3327778167477042,2.139078247038193,2.5772341743772236,0.0,0.0,0.0
101.0139217376709,-2.343316241396476,2.1450318426262345,2.6018528750430505,0.0,0.0,0.0
101.0481288433075,-2.340772256594595,2.1427458628364593,2.6191181057783597,0.0,0.0,0.0
101.09881901741028,-2.33664526005882,2.1409403250127985,2.645241368210816,0.0,0.0,0.0
101.13303565979004,-2.3435031311489998,2.145581471596864,2.663657255383349,0.0,0.0,0.0
101.16678142547607,-2.351156813370303,2.1488843241543165,2.6823649036772026,0.0,0.0,0.0
101.20091128349304,-2.3499176261111803,2.1473414173866487,2.7018929395288076,0.0,0.0,0.0
101.23580241203308,-2.347019468120461,2.1461903738921326,2.7216043875651073,0.0,0.0,0.0
101.26974391937256,-2.352450638492147,2.149911904088368,2.742801166579127,0.0,0.0,0.0
101.30428338050842,-2.35976859185049,2.151954659919283,2.763988093682303,0.0,0.0,0.0
101.33777022361755,-2.358100483393173,2.150832755795739,2.7859590629603406,0.0,0.0,0.0
101.37200832366943,-2.3584604994569163,2.1521753394501824,2.8083864739887647,0.0,0.0,0.0
101.40588903427124,-2.3659470082446203,2.154182653647482,2.831791288834792,0.0,0.0,0.0
101.43990445137024,-2.3654236408063753,2.1535324161207345,2.8559883256351695,0.0,0.0,0.0
101.47380089759827,-2.3690309010285935,2.155569988959104,2.881028638100952,0.0,0.0,0.0
101.50802564620972,-2.3699092874854673,2.1556288024768477,2.907108829393611,0.0,0.0,0.0
101.54177594184875,-2.3707835075130634,2.156271287528505,2.934263204517073,0.0,0.0,0.0
101.57579398155212,-2.370009005589119,2.1561040031477114,2.9625866257386595,0.0,0.0,0.0
101.60991168022156,-2.369492574207338,2.1560204928476385,2.9919201377049083,0.0,0.0,0.0
101.6437463760376,-2.369672535922493,2.156065449506515,3.0221936362377417,0.0,0.0,0.0
101.67780041694641,-2.3705478138136025,2.1561722770198064,3.0533728318871916,0.0,0.0,0.0
101.71182370185852,-2.3719331540339463,2.156273332514751,3.085441091726007,0.0,0.0,0.0
101.74589967727661,-2.37371499754409,2.156360422846491,3.118379396679342,0.0,0.0,0.0
101.78110551834106,-2.3758028936095363,2.156375304033236,-3.131012591791741,0.0,0.0,0.0
101.81464314460754,-2.378184918232449,2.1562911342712403,-3.0963714417650805,0.0,0.0,0.0
101.8483612537384,-2.3808501388882903,2.156105336572488,-3.0608661636902403,0.0,0.0,0.0
101.89970445632935,-2.3859806231532033,2.1555092906182223,-3.0060159193139473,0.0,0.0,0.0
101.95096254348755,-2.391415768335867,2.150268080511362,-2.948821578146779,0.0,0.0,0.0
101.98506021499634,-2.394443966775095,2.1431930213898913,-2.9116134080835843,0.0,0.0,0.0
102.03601503372192,-2.398799745282984,2.1326240200217157,-2.855788620889613,0.0,0.0,0.0
102.08767223358154,-2.4029343956123896,2.122118429242311,-2.7999519443171734,0.0,0.0,0.0
102.13797903060913,-2.4080357541363817,2.1158551157365277,-2.7441928411267655,0.0,0.0,0.0
102.17189240455627,-2.4130368642506856,2.113463137841294,-2.707436239040223,0.0,0.0,0.0
102.20599031448364,-2.4191493939591036,2.1104915990313304,-2.6707966235873695,0.0,0.0,0.0
102.2400906085968,-2.4234869402583588,2.1087345298997913,-2.63429206887935,0.0,0.0,0.0
102.27388739585876,-2.421387733781072,2.1100762426482738,-2.5984770913138533,0.0,0.0,0.0
102.30792880058289,-2.419041025343641,2.1113122051669926,-2.5628185881038372,0.0,0.0,0.0
102.34201526641846,-2.4235215931216216,2.1076826628006966,-2.527879688568272,0.0,0.0,0.0
102.3766450881958,-2.428610961929733,2.104032245627011,-2.493028642049746,0.0,0.0,0.0
102.42768597602844,-2.4228423808662045,2.109845802479114,-2.4424645737279413,0.0,0.0,0.0
102.47778224945068,-2.42221703334778,2.1093913894204785,-2.393477025009655,0.0,0.0,0.0
102.51321029663086,-2.4262135480300433,2.10565449036804,-2.3615127957155946,0.0,0.0,0.0
102.54748392105103,-2.4209973755063547,2.1111446430443555,-2.3308254852552284,0.0,0.0,0.0
102.59791398048401,-2.417884531737569,2.11494560708935,-2.2858515495481027,0.0,0.0,0.0
102.63255214691162,-2.4204302394326844,2.111632359567052,-2.257522743110674,0.0,0.0,0.0
102.66615033149719,-2.4134236643188243,2.1187045442463956,-2.2305820839425423,0.0,0.0,0.0
102.7002956867218,-2.4105471070668836,2.124179376117779,-2.2048968452147277,0.0,0.0,0.0
102.73402142524719,-2.4136570700019817,2.1206977856124003,-2.180125148120535,0.0,0.0,0.0
102.76788878440857,-2.4091595471684277,2.124055003089747,-2.156445941912986,0.0,0.0,0.0
102.802255153656,-2.402517408121684,2.1345313571378433,-2.133969406282981,0.0,0.0,0.0
102.8368809223175,-2.4043302230439987,2.1353818057044487,-2.112062556105144,0.0,0.0,0.0
102.87102508544922,-2.405430427217721,2.132698693236284,-2.0912723513535423,0.0,0.0,0.0
102.90511703491211,-2.398805091383038,2.1400104867982024,-2.071672995164085,0.0,0.0,0.0
102.93894338607788,-2.3937849446100925,2.151115796782671,-2.052917179462908,0.0,0.0,0.0
102.97306513786316,-2.3959353776334864,2.151684652626042,-2.0351942668564424,0.0,0.0,0.0
103.00715160369873,-2.397841827644985,2.1476495447118413,-2.0177930599504488,0.0,0.0,0.0
103.04101848602295,-2.3933173655268836,2.1515044346642473,-2.001273219701256,0.0,0.0,0.0
103.07500386238098,-2.3875074810507,2.1638794943438215,-1.9856382191728772,0.0,0.0,0.0
103.1089916229248,-2.3875588031089725,2.170180824604564,-1.9707713414404378,0.0,0.0,0.0
103.14299631118774,-2.3896781788061414,2.1666470644568534,-1.9567654732916153,0.0,0.0,0.0
103.17740082740784,-2.3899766859116993,2.1640461309767143,-1.9429308264119223,0.0,0.0,0.0
103.22797131538391,-2.382520828747444,2.1779290658952597,-1.924051056766611,0.0,0.0,0.0
103.2628710269928,-2.3806297123165776,2.1874832241387256,-1.9120394902743818,0.0,0.0,0.0
103.31327247619629,-2.3836357593673423,2.183619078050446,-1.895647836640468,0.0,0.0,0.0
103.36391019821167,-2.3821182372138168,2.181618788148975,-1.8800903004662013,0.0,0.0,0.0
103.39786338806152,-2.378422235491172,2.1917173949899063,-1.870914940485891,0.0,0.0,0.0
103.43200063705444,-2.376642129154742,2.2009623918987695,-1.861986698432164,0.0,0.0,0.0
103.46603107452393,-2.3784983951398657,2.1998278962221747,-1.8539585057607257,0.0,0.0,0.0
103.50014758110046,-2.3802125468472353,2.193872241195885,-1.8463690469507996,0.0,0.0,0.0
103.55079579353333,-2.3778743628017405,2.1938512218999024,-1.8357542888949536,0.0,0.0,0.0
103.58501529693604,-2.374856857885852,2.204581577700209,-1.829773588117818,0.0,0.0,0.0
103.61897492408752,-2.3740240423507304,2.212272084027497,-1.8239040419153258,0.0,0.0,0.0
103.65303635597229,-2.375851586520668,2.2091713519601193,-1.8189665801782713,0.0,0.0,0.0
103.68721985816956,-2.3775002597548944,2.2026240579917844,-1.8143595057831157,0.0,0.0,0.0
103.72092127799988,-2.376839701704926,2.199707718763905,-1.810006122211415,0.0,0.0,0.0
103.75530767440796,-2.3774775464309044,2.20026014624596,-1.8061947990891751,0.0,0.0,0.0
103.78930759429932,-2.3804410609684994,2.196668289570707,-1.8023050940607297,0.0,0.0,0.0
103.83998155593872,-2.3848878563343043,2.191276716825966,-1.7964720094712447,0.0,0.0,0.0
103.87390327453613,-2.3878532713130554,2.1876796588668754,-1.7925839069420357,0.0,0.0,0.0
103.90803480148315,-2.390819207312715,2.184080650555341,-1.7886955475252913,0.0,0.0,0.0
103.94182252883911,-2.39201391123652,2.1822591852167115,-1.7850010437512442,0.0,0.0,0.0
103.97586488723755,-2.3883236574685407,2.1906294821086134,-1.7823656657344396,0.0,0.0,0.0
104.00985908508301,-2.3848766542930044,2.206408772348264,-1.7804563949450023,0.0,0.0,0.0
104.04382824897766,-2.383707754337987,2.2180922453485827,-1.7787827707400545,0.0,0.0,0.0
104.0779333114624,-2.384188944214925,2.219009018929361,-1.7781729508137563,0.0,0.0,0.0
104.11197805404663,-2.3847131158159067,2.2165058676330744,-1.7779003554999975,0.0,0.0,0.0
104.14696145057678,-2.385193144369809,2.214264049506602,-1.7776053459426902,0.0,0.0,0.0
104.19683051109314,-2.384904054489817,2.212481758177181,-1.7772251262432235,0.0,0.0,0.0
104.23079466819763,-2.382128643490397,2.22121196116825,-1.777954977559419,0.0,0.0,0.0
104.26498436927795,-2.3795731419516173,2.2333903609322325,-1.7790287074019888,0.0,0.0,0.0
104.29904127120972,-2.3773400854808573,2.2439861332117728,-1.7799440037813883,0.0,0.0,0.0
104.33319759368896,-2.3753862126036966,2.2530979797516912,-1.7807137484405935,0.0,0.0,0.0
104.38403391838074,-2.3764561494617653,2.256189020428282,-1.782689692079236,0.0,0.0,0.0
104.43501019477844,-2.3786190604597017,2.246222186281392,-1.7859030440809973,0.0,0.0,0.0
104.46893048286438,-2.3798913407915214,2.240470176091159,-1.7879454018733283,0.0,0.0,0.0
104.50404477119446,-2.381025281448664,2.2353714769432247,-1.7899199006096564,0.0,0.0,0.0
104.55394053459167,-2.377861772566699,2.2417566039451717,-1.7942629053720947,0.0,0.0,0.0
104.58825945854187,-2.3757499526024013,2.250995625215516,-1.7976678940631412,0.0,0.0,0.0
104.6219425201416,-2.3738535931258804,2.259145425330724,-1.8009701039518151,0.0,0.0,0.0
104.65622901916504,-2.372223606148719,2.2659827438949924,-1.8041467112395555,0.0,0.0,0.0
104.68997597694397,-2.373772487613328,2.2662350533526485,-1.8078436732294392,0.0,0.0,0.0
104.72487330436707,-2.3758095562848944,2.2582829528947834,-1.8123128535886404,0.0,0.0,0.0
104.77513885498047,-2.3784272129308826,2.247771295551795,-1.818857628478179,0.0,0.0,0.0
104.82594633102417,-2.3797100622438982,2.2400879149786457,-1.8253337470123991,0.0,0.0,0.0
104.85992240905762,-2.3773500796933797,2.244739525737525,-1.830650623345616,0.0,0.0,0.0
104.894052028656,-2.3751463147987653,2.2529608429343364,-1.8363227480163795,0.0,0.0,0.0
104.92820358276367,-2.3731690087157205,2.2601437766859114,-1.8418884890481715,0.0,0.0,0.0
104.96198058128357,-2.37139342293999,2.2664131118844137,-1.847358297920507,0.0,0.0,0.0
104.99607586860657,-2.373021841809837,2.2668916356093054,-1.8533590934288948,0.0,0.0,0.0
105.0300555229187,-2.375595154279218,2.2587650720650583,-1.8601949051549191,0.0,0.0,0.0
105.06387329101562,-2.3779661704990818,2.250896186327434,-1.867005243712421,0.0,0.0,0.0
105.09798336029053,-2.3799875588991433,2.2443515663259572,-1.87369382374566,0.0,0.0,0.0
105.13210248947144,-2.380442409757344,2.240044370227927,-1.8805021850065442,0.0,0.0,0.0
105.1660566329956,-2.3778018727546715,2.2453650373254517,-1.8882842148713936,0.0,0.0,0.0
105.20013332366943,-2.3797256903999875,2.2475864710305107,-1.896130134003809,0.0,0.0,0.0
105.25081872940063,-2.384850991837059,2.243815663034815,-1.9079110021131767,0.0,0.0,0.0
105.28490924835205,-2.3881986393670873,2.2413726450530644,-1.9157732214623613,0.0,0.0,0.0
105.32004237174988,-2.3860784931369556,2.245751293597745,-1.9244212214888536,0.0,0.0,0.0
105.35323524475098,-2.3827755351237667,2.2545826716526762,-1.9335147569007132,0.0,0.0,0.0
105.40482878684998,-2.3807959078047456,2.263145648645335,-1.9467870871485289,0.0,0.0,0.0
105.43882155418396,-2.3838151035007007,2.260612654087641,-1.955807459891091,0.0,0.0,0.0
105.4731855392456,-2.3864853372159884,2.2540963457675436,-1.9649293981826446,0.0,0.0,0.0
105.50788593292236,-2.3889572517910267,2.2482161381384316,-1.9740003225709857,0.0,0.0,0.0
105.5580985546112,-2.3921600250402246,2.240860102691686,-1.9874744809720295,0.0,0.0,0.0
105.60915899276733,-2.3941082807915746,2.2355096738852227,-2.0009699221129678,0.0,0.0,0.0
105.64400100708008,-2.390197524682147,2.2411449536872206,-2.010976261969427,0.0,0.0,0.0
105.69403576850891,-2.3850469440760858,2.2519532664728925,-2.0261672080471547,0.0,0.0,0.0
105.72777819633484,-2.382380216727731,2.2573259473065455,-2.0360872831128862,0.0,0.0,0.0
105.76211881637573,-2.380161645949629,2.2616706216836477,-2.0458916937013463,0.0,0.0,0.0
105.79596328735352,-2.3815379392621074,2.2618265331101526,-2.056061593297375,0.0,0.0,0.0
105.8300130367279,-2.3863937564790065,2.2534368150563893,-2.0671214660217743,0.0,0.0,0.0
105.86428022384644,-2.390837653556132,2.2453121744692037,-2.0781430719248215,0.0,0.0,0.0
105.91495037078857,-2.3963814933768965,2.235519939120699,-2.094425894830335,0.0,0.0,0.0
105.94884586334229,-2.4000555894355116,2.2292839278602177,-2.105273564979697,0.0,0.0,0.0
105.98403716087341,-2.398807348355481,2.2290412574663154,-2.117432203327637,0.0,0.0,0.0
106.0180311203003,-2.3965948198200686,2.232700457926201,-2.1296337950175173,0.0,0.0,0.0
106.051997423172,-2.3955876436971035,2.2343062466086447,-2.141587939851166,0.0,0.0,0.0
106.08617663383484,-2.3953880351113708,2.2346128137022405,-2.1533796428453087,0.0,0.0,0.0
106.120037317276,-2.3961325072137996,2.2335087166832106,-2.1649984967022147,0.0,0.0,0.0
106.1538360118866,-2.402963334897444,2.224791325106892,-2.177214051790769,0.0,0.0,0.0
106.18799662590027,-2.4109516510940843,2.2134021571425984,-2.189714034315768,0.0,0.0,0.0
106.22181582450867,-2.4182808409920282,2.2032084895523205,-2.202093084985583,0.0,0.0,0.0
106.25583505630493,-2.423292943718842,2.1965348442894816,-2.2142596968213777,0.0,0.0,0.0
106.2898736000061,-2.4266567429737718,2.194593411204031,-2.2262999751453303,0.0,0.0,0.0
106.32406878471375,-2.4300155859700836,2.1926591647872136,-2.2383397844550403,0.0,0.0,0.0
106.35898280143738,-2.4333694101413146,2.1907312814656055,-2.2503790282592266,0.0,0.0,0.0
106.39207768440247,-2.4368996401156684,2.1886255161295654,-2.262391440861864,0.0,0.0,0.0
106.42612838745117,-2.4426675156622655,2.1820680760543802,-2.2738935509547793,0.0,0.0,0.0
106.45982146263123,-2.4489700333305064,2.1747084063674635,-2.285283502605124,0.0,0.0,0.0
106.49402832984924,-2.455549016632739,2.1671831231623235,-2.296631761561236,0.0,0.0,0.0
106.52826046943665,-2.4593623405344553,2.1628426755743115,-2.3075839901927724,0.0,0.0,0.0
106.56273746490479,-2.462390061142273,2.159528790902556,-2.318424579579276,0.0,0.0,0.0
106.61286425590515,-2.4663559460539273,2.155334302207402,-2.334607229013222,0.0,0.0,0.0
106.64690852165222,-2.468924913725251,2.1527088000917667,-2.3453865797660356,0.0,0.0,0.0
106.68125629425049,-2.4771344076823616,2.144476886146551,-2.3553740697707153,0.0,0.0,0.0
106.71501636505127,-2.4881382701845767,2.133567535253548,-2.3649692030862894,0.0,0.0,0.0
106.74917769432068,-2.4991009398681934,2.1228886495504864,-2.374579370324208,0.0,0.0,0.0
106.7831711769104,-2.5098046287543836,2.1126456395368653,-2.3842349137304044,0.0,0.0,0.0
106.83374691009521,-2.5144853272786403,2.1085922600199054,-2.3974131252824935,0.0,0.0,0.0
106.86784076690674,-2.51129799236554,2.1115006877431766,-2.4053823330060147,0.0,0.0,0.0
106.9021544456482,-2.5091726688490783,2.113420788101907,-2.4134989334092642,0.0,0.0,0.0
106.93683362007141,-2.5083512784410056,2.1141597156348775,-2.4217652074499156,0.0,0.0,0.0
106.97014117240906,-2.5148847455571905,2.1076451275203096,-2.429068091462016,0.0,0.0,0.0
107.0042896270752,-2.527688868005428,2.0966424666558594,-2.435608457807274,0.0,0.0,0.0
107.038081407547,-2.539121175015833,2.0869692642178745,-2.4423391830610237,0.0,0.0,0.0
107.071852684021,-2.549043730171451,2.078672687801677,-2.449249010030649,0.0,0.0,0.0
107.1065285205841,-2.5516138448760612,2.077598036135128,-2.4553145375225536,0.0,0.0,0.0
107.14020776748657,-2.5477126053943415,2.080791728192317,-2.460613281039941,0.0,0.0,0.0
107.17411613464355,-2.544818609919436,2.0831277778651165,-2.4660473550852333,0.0,0.0,0.0
107.22494292259216,-2.54428183553509,2.0832136723303796,-2.4741778090314437,0.0,0.0,0.0
107.25913596153259,-2.5541932739824023,2.074523108111873,-2.4783018499122322,0.0,0.0,0.0
107.29377794265747,-2.565796664506289,2.065492405539496,-2.482274619177694,0.0,0.0,0.0
107.34391832351685,-2.5809001131869462,2.053895738557438,-2.488452532413201,0.0,0.0,0.0
107.37810015678406,-2.582220125954443,2.054340988276935,-2.4917087840909913,0.0,0.0,0.0
107.42894244194031,-2.576174977687961,2.0589137674693045,-2.495730312087684,0.0,0.0,0.0
107.46399784088135,-2.5735451555673787,2.060900138114398,-2.49860381753141,0.0,0.0,0.0
107.51416087150574,-2.579945380202361,2.0546166756884756,-2.5018122406181122,0.0,0.0,0.0
107.54780673980713,-2.5857279188635105,2.0506435579320623,-2.5030526903409016,0.0,0.0,0.0
107.58248734474182,-2.589007431764751,2.0477573878129545,-2.5043436957135246,0.0,0.0,0.0
107.61624145507812,-2.59382610533579,2.0433598279132164,-2.5054157239346986,0.0,0.0,0.0
107.66709065437317,-2.606860065249101,2.0338851801356284,-2.505973000143531,0.0,0.0,0.0
107.71786665916443,-2.615106794447529,2.026972074988913,-2.5062598047278155,0.0,0.0,0.0
107.7528190612793,-2.620810836088745,2.0226412530685525,-2.5060354617530565,0.0,0.0,0.0
107.80332517623901,-2.622684221482932,2.0212630715488826,-2.504176430093664,0.0,0.0,0.0
107.85386633872986,-2.6178236290503043,2.0248713047828337,-2.501443107866316,0.0,0.0,0.0
107.88816285133362,-2.6163068224232595,2.0259111344223966,-2.4997259510337697,0.0,0.0,0.0
107.92206358909607,-2.6234121472933993,2.0193842756915186,-2.4969445912352795,0.0,0.0,0.0
107.95614886283875,-2.6343232102086427,2.0111556878504686,-2.4937609356984867,0.0,0.0,0.0
107.99035573005676,-2.644227118046927,2.0036269459837994,-2.4906952658106984,0.0,0.0,0.0
108.0267448425293,-2.6482537741622663,2.001755652460108,-2.4868466488060634,0.0,0.0,0.0
108.07715463638306,-2.643704383312041,2.005321008343064,-2.479918742902303,0.0,0.0,0.0
108.11163020133972,-2.641968266116177,2.006654564456745,-2.4754879104277854,0.0,0.0,0.0
108.14513349533081,-2.6481530206171864,2.0007028901725494,-2.4700656934415384,0.0,0.0,0.0
108.17900967597961,-2.6583893038462354,1.9925268032537813,-2.4643341313645384,0.0,0.0,0.0
108.21290731430054,-2.6682590915389097,1.9845310784717476,-2.4583771185637024,0.0,0.0,0.0
108.2469277381897,-2.6721454912890756,1.9822548855457467,-2.4519699566579662,0.0,0.0,0.0
108.28090691566467,-2.6696273792053287,1.984364122887793,-2.4448206799325587,0.0,0.0,0.0
108.3153007030487,-2.6679327143250746,1.9858016615330671,-2.4377701962201352,0.0,0.0,0.0
108.3491153717041,-2.6692335944556467,1.9843625181844773,-2.430433859993449,0.0,0.0,0.0
108.38288807868958,-2.679011247941519,1.975484053335525,-2.4219730828489308,0.0,0.0,0.0
108.41706967353821,-2.688931537122007,1.9667220993888266,-2.4135187794581614,0.0,0.0,0.0
108.45094990730286,-2.696190687371078,1.9603538765140278,-2.404998127084746,0.0,0.0,0.0
108.48498129844666,-2.695123583595225,1.9616378732682649,-2.395443249642419,0.0,0.0,0.0
108.51918983459473,-2.6935992835267024,1.9630633497572947,-2.385837170006822,0.0,0.0,0.0
108.55315208435059,-2.6932663213469925,1.9633750707813629,-2.3762410378214445,0.0,0.0,0.0
108.58717918395996,-2.700919968908342,1.9558178591184945,-2.365566174207383,0.0,0.0,0.0
108.62082648277283,-2.7107010394042907,1.9461138325379335,-2.354590471863872,0.0,0.0,0.0
108.65506958961487,-2.71858757192914,1.9380985047538772,-2.343702336752662,0.0,0.0,0.0
108.68933629989624,-2.7184864830858344,1.9381213748018526,-2.331879265061291,0.0,0.0,0.0
108.7401032447815,-2.716484022106362,1.9402682638224433,-2.3138802484523806,0.0,0.0,0.0
108.79089093208313,-2.723104610369643,1.9334153046750222,-2.294920031998898,0.0,0.0,0.0
108.82610177993774,-2.732186815281116,1.922997787240578,-2.281161379915747,0.0,0.0,0.0
108.86001324653625,-2.739020380331002,1.9147159997586438,-2.2677180867740874,0.0,0.0,0.0
108.8938717842102,-2.738092433595886,1.915138681194165,-2.2532876229094763,0.0,0.0,0.0
108.92808699607849,-2.7367588475447717,1.9168058007272044,-2.238764460734625,0.0,0.0,0.0
108.9618604183197,-2.738246023415714,1.9150586944249937,-2.224314413178202,0.0,0.0,0.0
108.9958164691925,-2.7411411296895745,1.9111815676954405,-2.209891995564105,0.0,0.0,0.0
109.0300350189209,-2.744253522829967,1.9070902541620083,-2.195438309416969,0.0,0.0,0.0
109.06407523155212,-2.7510924544667428,1.8978362807297624,-2.180331238200744,0.0,0.0,0.0
109.09810709953308,-2.7564749550766985,1.8897098950959412,-2.1652140962082163,0.0,0.0,0.0
109.14916825294495,-2.761122929724046,1.883318560536547,-2.1429559177513378,0.0,0.0,0.0
109.1831476688385,-2.7658940132438397,1.8758125399656853,-2.1270229161151115,0.0,0.0,0.0
109.21691107749939,-2.7646691473077594,1.8752808669981857,-2.1109558473667436,0.0,0.0,0.0
109.25085115432739,-2.761834802864485,1.8800849186730584,-2.0944041433765364,0.0,0.0,0.0
109.28488683700562,-2.759588438128363,1.8840676844279771,-2.077964531280199,0.0,0.0,0.0
109.319087266922,-2.7600587911321113,1.8847853916915278,-2.0613955066865515,0.0,0.0,0.0
109.36993646621704,-2.765765072965735,1.8742314737025414,-2.0353855600599142,0.0,0.0,0.0
109.40411639213562,-2.768858974569602,1.867888952643991,-2.018124266633435,0.0,0.0,0.0
109.43790221214294,-2.7682107835791707,1.8662920001476642,-2.0004529869184933,0.0,0.0,0.0
109.47194385528564,-2.7647258933265095,1.8733822594217755,-1.9819356440356781,0.0,0.0,0.0
109.50580334663391,-2.7616072237358757,1.8807359101812855,-1.9634184785429574,0.0,0.0,0.0
109.53995966911316,-2.760868892689672,1.88523914877768,-1.9446187435029,0.0,0.0,0.0
109.5739586353302,-2.7621900702012043,1.8822179182774228,-1.9250475906527118,0.0,0.0,0.0
109.60814166069031,-2.7630450558635937,1.8798004355114595,-1.905550904126957,0.0,0.0,0.0
109.64227247238159,-2.761262108734808,1.8817373780797086,-1.8858277589735493,0.0,0.0,0.0
109.67620801925659,-2.7578189631871193,1.8922100710944145,-1.8659341561648228,0.0,0.0,0.0
109.70988941192627,-2.7541910964047682,1.9046226861309896,-1.8452791681423701,0.0,0.0,0.0
109.74418997764587,-2.7529528952654996,1.913256933732412,-1.8242539811412637,0.0,0.0,0.0
109.77811074256897,-2.7532585256797786,1.9123818147634928,-1.8022673381665326,0.0,0.0,0.0
109.81201481819153,-2.7521404267040315,1.9152248648757477,-1.7805645666459962,0.0,0.0,0.0
109.84631276130676,-2.7491781328037868,1.9267675944837128,-1.7582714239935147,0.0,0.0,0.0
109.89726114273071,-2.745859051732877,1.9462323472941792,-1.7246857670128384,0.0,0.0,0.0
109.9319384098053,-2.7462417938907304,1.951225696945199,-1.7011629333754579,0.0,0.0,0.0
109.96592736244202,-2.7473253062080674,1.9446597357520499,-1.6771699872980559,0.0,0.0,0.0
110.00009679794312,-2.7481056821173167,1.9363393444016657,-1.6522741537897478,0.0,0.0,0.0
110.05226373672485,-2.7505452513794992,1.9097313164549339,-1.6153324088521155,0.0,0.0,0.0
110.08609795570374,-2.7518234124122696,1.8779106481693735,-1.591368044728513,0.0,0.0,0.0
110.1201753616333,-2.7521528270026874,1.838600645677782,-1.566622958883312,0.0,0.0,0.0
110.1539351940155,-2.752344583144526,1.805488530148579,-1.5413138904250305,0.0,0.0,0.0
110.18803930282593,-2.754260258286583,1.783887875506235,-1.5156748596857443,0.0,0.0,0.0
110.22209429740906,-2.7561815640609946,1.7735751238350648,-1.4900664090676132,0.0,0.0,0.0
110.25599598884583,-2.7581094217157918,1.7681679249484779,-1.4644879161571778,0.0,0.0,0.0
110.28992772102356,-2.7600428792763636,1.7628068381559918,-1.4389140226969452,0.0,0.0,0.0
110.32393169403076,-2.76198228777324,1.757491935231029,-1.4133356507596315,0.0,0.0,0.0
110.35816144943237,-2.763929218529013,1.752223272849688,-1.3877590828248447,0.0,0.0,0.0
110.39212226867676,-2.7598822806858747,1.7409680896863626,-1.362860490104566,0.0,0.0,0.0
110.42614388465881,-2.750349419541519,1.7184714335941371,-1.339134480495602,0.0,0.0,0.0
110.46010518074036,-2.7414704992899437,1.687551772035801,-1.316567968593866,0.0,0.0,0.0
110.49418330192566,-2.7351060299343404,1.6631348336560214,-1.2949777832532547,0.0,0.0,0.0
110.52834415435791,-2.7282256370812683,1.639757417635244,-1.2734466051627455,0.0,0.0,0.0
110.56198263168335,-2.720834301929554,1.6165383559308248,-1.251899143186806,0.0,0.0,0.0
110.59625959396362,-2.712934053306522,1.5934848441064504,-1.2303288036661104,0.0,0.0,0.0
110.63037753105164,-2.7047661141509742,1.571666084874086,-1.2100487501281838,0.0,0.0,0.0
110.66442060470581,-2.6898263259761026,1.540594167784066,-1.1893349249624243,0.0,0.0,0.0
110.69830679893494,-2.673238263708263,1.500976494585203,-1.1694844643415065,0.0,0.0,0.0
110.73249459266663,-2.6558712186107947,1.4611150319504345,-1.1496980454372092,0.0,0.0,0.0
110.76644849777222,-2.6377306801796867,1.4216038413189491,-1.129916255456268,0.0,0.0,0.0
110.80065703392029,-2.6209510537255767,1.3845477189811237,-1.1103754839405602,0.0,0.0,0.0
110.83578729629517,-2.609413309992576,1.3571650056736675,-1.0914646667458203,0.0,0.0,0.0
110.86959195137024,-2.5978435103949984,1.3353752117556967,-1.0734642470607152,0.0,0.0,0.0
110.90402746200562,-2.585873143579856,1.3138014178743076,-1.0554605878799197,0.0,0.0,0.0
110.9373607635498,-2.5735038541045796,1.2924467578939838,-1.0374299076888416,0.0,0.0,0.0
110.98832678794861,-2.5451905638970387,1.2500000642656932,-1.0116786171956136,0.0,0.0,0.0
111.02225637435913,-2.52200535617865,1.2136025100316308,-0.9954378785897776,0.0,0.0,0.0
111.05642557144165,-2.4984297898356718,1.1777568614756664,-0.9792067246954705,0.0,0.0,0.0
111.10749292373657,-2.478288393478423,1.139729731800304,-0.9545332649077246,0.0,0.0,0.0
111.14171433448792,-2.477735570307794,1.1284270292981695,-0.9378889929555116,0.0,0.0,0.0
111.17531371116638,-2.475156509539701,1.1178153982663115,-0.9208316704774939,0.0,0.0,0.0
111.20930099487305,-2.462264420935489,1.0988937260311427,-0.9024299372407941,0.0,0.0,0.0
111.24330639839172,-2.446812192399097,1.0797089996811442,-0.8838189204379764,0.0,0.0,0.0
111.27723789215088,-2.425105075208059,1.0545973194057665,-0.86591795239278,0.0,0.0,0.0
111.3117163181305,-2.3968408978986133,1.0221050889460894,-0.8489701018545918,0.0,0.0,0.0
111.34584856033325,-2.3681469349316475,0.9900322649198908,-0.8320271355259097,0.0,0.0,0.0
111.3795166015625,-2.3453251980019854,0.9643004490491934,-0.815922537449914,0.0,0.0,0.0
111.43058943748474,-2.319385329276989,0.9371745468839634,-0.7931493453845339,0.0,0.0,0.0
111.48138070106506,-2.2861981494168866,0.9039053974705406,-0.7711553804086781,0.0,0.0,0.0
111.51554727554321,-2.2552455478362923,0.8741924911952217,-0.7575342112103146,0.0,0.0,0.0
111.54927206039429,-2.2242019913027833,0.8452071739193167,-0.7439272725306212,0.0,0.0,0.0
111.5844292640686,-2.200549881944749,0.8238243798033827,-0.7313751448823266,0.0,0.0,0.0
111.63460087776184,-2.172159075460179,0.7988089539861319,-0.7135121651357513,0.0,0.0,0.0
111.6684639453888,-2.148300564383653,0.7775800928104971,-0.7021633235052879,0.0,0.0,0.0
111.70228600502014,-2.116041413723114,0.7502325191359025,-0.6917634455305459,0.0,0.0,0.0
111.7362973690033,-2.083204410012258,0.7233035326761212,-0.6813978009277034,0.0,0.0,0.0
111.7709493637085,-2.056635184930767,0.7028383003372077,-0.6718027910443091,0.0,0.0,0.0
111.80587029457092,-2.037561921340352,0.6882661616125528,-0.6623937911894602,0.0,0.0,0.0
111.85590243339539,-2.0132482929470767,0.6706375050639793,-0.6472803660841585,0.0,0.0,0.0
111.88946580886841,-1.9995973711023574,0.6613079727021922,-0.6365120166689577,0.0,0.0,0.0
111.92386364936829,-1.9823287579284783,0.6475711197333723,-0.6259083711035947,0.0,0.0,0.0
111.95768094062805,-1.95381315419748,0.624202476556416,-0.6165098641048377,0.0,0.0,0.0
112.00841498374939,-1.9068420657470218,0.5926155152920708,-0.6037400172641332,0.0,0.0,0.0
112.04258966445923,-1.8853067236461618,0.5781480979104932,-0.5963930618710227,0.0,0.0,0.0
112.07664489746094,-1.8605042956104219,0.5602259190956859,-0.5894957231837284,0.0,0.0,0.0
112.11066222190857,-1.8264417209485657,0.5368954219944864,-0.5834914209729446,0.0,0.0,0.0
112.16136765480042,-1.7766391657699327,0.5052787881766279,-0.5750074249986685,0.0,0.0,0.0
112.19558572769165,-1.7536739132422432,0.49123029683218983,-0.5705801230474985,0.0,0.0,0.0
112.23029446601868,-1.7369155064982504,0.480402186498368,-0.5662634213785991,0.0,0.0,0.0
112.26487708091736,-1.7165079201492532,0.4627158199245593,-0.5625655714244053,0.0,0.0,0.0
112.31533741950989,-1.6697287736619932,0.43141972499174186,-0.5589728291510749,0.0,0.0,0.0
112.34950804710388,-1.6457711534434776,0.4174612602828245,-0.5578381078723084,0.0,0.0,0.0
112.38365697860718,-1.6240407366974965,0.40411391817365233,-0.5569070110554358,0.0,0.0,0.0
112.41739559173584,-1.5959959303145916,0.3849390424097317,-0.5569547923044357,0.0,0.0,0.0
112.45261406898499,-1.562134409653186,0.3642740313137728,-0.5577267932087594,0.0,0.0,0.0
112.50449275970459,-1.5260017867459388,0.344351426686603,-0.5589031430018515,0.0,0.0,0.0
112.5542106628418,-1.4869197126437692,0.3182432741071632,-0.5602470080220067,0.0,0.0,0.0
112.58861565589905,-1.4521185119189604,0.296400025256241,-0.5620037020724883,0.0,0.0,0.0
112.62242412567139,-1.4251027502507672,0.2809244927128574,-0.5647616380040842,0.0,0.0,0.0
112.65772604942322,-1.3993950118873564,0.2634409321640641,-0.5683621886856778,0.0,0.0,0.0
112.70726728439331,-1.3484975595379198,0.23052598459714946,-0.5750853726107995,0.0,0.0,0.0
112.74127578735352,-1.3229409144525466,0.21519945235565263,-0.5806846371759448,0.0,0.0,0.0
112.77528762817383,-1.2970081791317634,0.19697725502393196,-0.5870095332389554,0.0,0.0,0.0
112.80941152572632,-1.263163425369073,0.17403056654099883,-0.5941146788559472,0.0,0.0,0.0
112.84343409538269,-1.232581384434889,0.1543742199824102,-0.6017287679296807,0.0,0.0,0.0
112.87830591201782,-1.2098155991951225,0.13882105459211447,-0.6102646214581958,0.0,0.0,0.0
112.91161823272705,-1.1803067661009798,0.11696138584636857,-0.6196569563686906,0.0,0.0,0.0
112.96247816085815,-1.145196559230243,0.09390251100178823,-0.6343835889183804,0.0,0.0,0.0
113.01368474960327,-1.1102558337078503,0.06375272714163076,-0.6504739746233512,0.0,0.0,0.0
113.04778242111206,-1.0885696153602413,0.0467995098402854,-0.6624416831301554,0.0,0.0,0.0
113.08159303665161,-1.0626884517524275,0.025688156360935653,-0.6746382784881327,0.0,0.0,0.0
113.1157169342041,-1.0309999264341678,1.3984197832148104e-06,-0.6877354526161127,0.0,0.0,0.0
113.16638040542603,-0.9948379445517889,-0.029444012569554298,-0.708847480970389,0.0,0.0,0.0
113.2003870010376,-0.9676293651994505,-0.05345084523053842,-0.7239982763742157,0.0,0.0,0.0
113.23514485359192,-0.9385846304637541,-0.07932357275491528,-0.7395369802141304,0.0,0.0,0.0
113.28535413742065,-0.9073349363208031,-0.10811127700830088,-0.7631384879850968,0.0,0.0,0.0
113.31947016716003,-0.8816979811181938,-0.13294686097213412,-0.7795592143918414,0.0,0.0,0.0
113.35347604751587,-0.8547494296003488,-0.15989640946614214,-0.7963784454500349,0.0,0.0,0.0
113.38746953010559,-0.8358740956958243,-0.17903286562121767,-0.8130498980731653,0.0,0.0,0.0
113.42134308815002,-0.8127141542082317,-0.20329467827449202,-0.829999577664921,0.0,0.0,0.0
113.45558571815491,-0.7886251397601219,-0.22850752338939245,-0.8483706114770946,0.0,0.0,0.0
113.48937749862671,-0.7628375000455221,-0.2559710978384799,-0.868137590312032,0.0,0.0,0.0
113.52373719215393,-0.7371588459199989,-0.2850259652066029,-0.8892487179962578,0.0,0.0,0.0
113.57509326934814,-0.7000419634364803,-0.3315818149337751,-0.9233803880942171,0.0,0.0,0.0
113.60958552360535,-0.6763018515701583,-0.36376436944764595,-0.9477159434405366,0.0,0.0,0.0
113.65927982330322,-0.6429338489173613,-0.4123019654888016,-0.9864952907435992,0.0,0.0,0.0
113.69352197647095,-0.6267353010475263,-0.4392424340352558,-1.012926289322941,0.0,0.0,0.0
113.7275459766388,-0.6097313124654452,-0.4659227392940771,-1.040495768987099,0.0,0.0,0.0
113.76145243644714,-0.5907310610315794,-0.49463417514403824,-1.0693962323060247,0.0,0.0,0.0
113.79542112350464,-0.5722228790770834,-0.5248995500262629,-1.0996064380280746,0.0,0.0,0.0
113.82942485809326,-0.5563696854819373,-0.5548242866270535,-1.1307673811278707,0.0,0.0,0.0
113.8636782169342,-0.5414437546832644,-0.5840034867265832,-1.1628328234945133,0.0,0.0,0.0
113.89734101295471,-0.5267869967314134,-0.614006144519411,-1.1961056498739897,0.0,0.0,0.0
113.93159627914429,-0.513312533676456,-0.6440162239513685,-1.2303399919500293,0.0,0.0,0.0
113.96543335914612,-0.5015280357297291,-0.6744485514325264,-1.265540248615009,0.0,0.0,0.0
113.99950957298279,-0.49174306895069775,-0.7068403374299692,-1.3011500656544712,0.0,0.0,0.0
114.03405380249023,-0.48386432621365866,-0.738008114345776,-1.3357839396470128,0.0,0.0,0.0
114.08463215827942,-0.47531213197658206,-0.7795363930126508,-1.385630764939916,0.0,0.0,0.0
114.11848402023315,-0.47111041541712506,-0.8039199745242559,-1.4175597543080922,0.0,0.0,0.0
114.15278887748718,-0.46741832380589826,-0.8277472200087902,-1.4488078792162224,0.0,0.0,0.0
114.18665623664856,-0.46373935293568225,-0.8517094401876534,-1.4794294616848842,0.0,0.0,0.0
114.22075200080872,-0.46041038976591686,-0.8757775116189102,-1.5095006613949866,0.0,0.0,0.0
114.27141523361206,-0.4577908182372122,-0.9120268745916933,-1.5536054069555474,0.0,0.0,0.0
114.3059995174408,-0.4576135634225061,-0.9362591836367067,-1.5823547853814517,0.0,0.0,0.0
114.34018397331238,-0.45823543660531446,-0.9605211050034181,-1.61057686210451,0.0,0.0,0.0
114.3912148475647,-0.46043945873270153,-0.996928982018879,-1.6519091845662786,0.0,0.0,0.0
114.44161653518677,-0.464132300961463,-1.033310003920782,-1.691928234900496,0.0,0.0,0.0
114.47602224349976,-0.46739799492826145,-1.0575235732322397,-1.7178583550486834,0.0,0.0,0.0
114.52671670913696,-0.4734662816989457,-1.0937496991116915,-1.7555875469951516,0.0,0.0,0.0
114.56076264381409,-0.4782690322533429,-1.117820872814541,-1.7799302354644053,0.0,0.0,0.0
114.59448385238647,-0.48365884559401895,-1.1418172568036582,-1.8035889792961082,0.0,0.0,0.0
114.62860774993896,-0.4896183532833561,-1.1657284240115222,-1.8265667108659636,0.0,0.0,0.0
114.66270017623901,-0.4961304900315157,-1.1895452300875833,-1.84886321206512,0.0,0.0,0.0
114.69647216796875,-0.5031783094357885,-1.2132638800610973,-1.8704202617070669,0.0,0.0,0.0
114.7308497428894,-0.5107429612239971,-1.2368771415445703,-1.8912490490541376,0.0,0.0,0.0
114.7654778957367,-0.5188062859195862,-1.2603804946875308,-1.9113367017813598,0.0,0.0,0.0
114.79867267608643,-0.5273496798857761,-1.2837706292806577,-1.9306710903083693,0.0,0.0,0.0
114.84945464134216,-0.5410243977057784,-1.318640186739729,-1.9582176261307493,0.0,0.0,0.0
114.88334345817566,-0.5506859237856633,-1.341742049811553,-1.9755928588409677,0.0,0.0,0.0
114.91739439964294,-0.5607607946924817,-1.3647272045488983,-1.9921880252043036,0.0,0.0,0.0
114.9513680934906,-0.571230692429722,-1.3875992335198435,-2.0079631749388733,0.0,0.0,0.0
114.98655581474304,-0.5820758331253912,-1.4103601375102524,-2.0229203908840714,0.0,0.0,0.0
115.03656888008118,-0.5990050333316317,-1.4443015642592154,-2.043799894835921,0.0,0.0,0.0
115.07059335708618,-0.6107036495620545,-1.4668019699404675,-2.0566838679331694,0.0,0.0,0.0
115.12190866470337,-0.6288233691636474,-1.500378753402106,-2.07440048568115,0.0,0.0,0.0
115.15623307228088,-0.641246206050713,-1.5226491000130578,-2.0851424632128635,0.0,0.0,0.0
115.1897394657135,-0.6531880288984772,-1.544030089088015,-2.094727126280457,0.0,0.0,0.0
115.2238187789917,-0.6640624082040548,-1.5640253898726606,-2.102943181926657,0.0,0.0,0.0
115.27437329292297,-0.6781515316231543,-1.5914302919915175,-2.112682407546313,0.0,0.0,0.0
115.30873942375183,-0.6860161629739182,-1.6080545734402427,-2.1174431904031947,0.0,0.0,0.0
115.34247660636902,-0.6926620303218127,-1.6234131687387692,-2.12081602741342,0.0,0.0,0.0
115.37648868560791,-0.6981597033058508,-1.6374567182544264,-2.1228039756929684,0.0,0.0,0.0
115.41089725494385,-0.7025851084825918,-1.650215717759203,-2.123407925229799,0.0,0.0,0.0
115.44464802742004,-0.7062678166834874,-1.6617096980169452,-2.122644129615922,0.0,0.0,0.0
115.49546098709106,-0.7104528628048519,-1.6766134116613565,-2.1189343029376086,0.0,0.0,0.0
115.52985858917236,-0.7125238988051298,-1.6850189238163336,-2.114760181719357,0.0,0.0,0.0
115.56382846832275,-0.7140945286140065,-1.692205708802166,-2.109231743255136,0.0,0.0,0.0
115.59812641143799,-0.7152795948294628,-1.6981622317672602,-2.102357440465063,0.0,0.0,0.0
115.64873957633972,-0.7167971491455148,-1.7047815910719404,-2.0895471954338833,0.0,0.0,0.0
115.6994571685791,-0.7181218987876643,-1.708712251285183,-2.0737467548076607,0.0,0.0,0.0
115.7334132194519,-0.7192522303781002,-1.7108008672457058,-2.0616357202430984,0.0,0.0,0.0
115.76772689819336,-0.7204723764087541,-1.71312577679884,-2.048312520548667,0.0,0.0,0.0
115.80239605903625,-0.7218412848548282,-1.715795070969491,-2.0338008104475462,0.0,0.0,0.0
115.85247707366943,-0.7245991369405965,-1.7214846991367525,-2.009908504691761,0.0,0.0,0.0
115.88645768165588,-0.7268120722334621,-1.7263121027859059,-1.9925605406540112,0.0,0.0,0.0
115.92044186592102,-0.7293702313754689,-1.7320998307507476,-1.9740993264155906,0.0,0.0,0.0
115.95485711097717,-0.7274705469134347,-1.744690688713785,-1.955671990880148,0.0,0.0,0.0
115.98859119415283,-0.7231661284513381,-1.762859646530176,-1.9375980393862802,0.0,0.0,0.0
116.0225441455841,-0.7199135673957936,-1.7818423225987774,-1.9194104862299206,0.0,0.0,0.0
116.05666542053223,-0.7243253813674279,-1.8024668385630607,-1.9007939518435644,0.0,0.0,0.0
116.09040093421936,-0.7274799965516854,-1.8167633793787987,-1.8821500632542183,0.0,0.0,0.0
116.12431240081787,-0.7310200474397218,-1.8281301311444411,-1.8633284883497558,0.0,0.0,0.0
116.15840458869934,-0.7354726627163299,-1.8411419376762572,-1.844453593952119,0.0,0.0,0.0
116.19256854057312,-0.7424507868299571,-1.8634233530396656,-1.8246234986379504,0.0,0.0,0.0
116.2266435623169,-0.748590390350658,-1.8894958362429708,-1.8043188075812993,0.0,0.0,0.0
116.260568857193,-0.7521321527990654,-1.9080761892087714,-1.7833308268965307,0.0,0.0,0.0
116.29440903663635,-0.7556425036141573,-1.9251903473467151,-1.7622315403006474,0.0,0.0,0.0
116.32836151123047,-0.760913906235951,-1.9485385018444812,-1.740591342816865,0.0,0.0,0.0
116.36259007453918,-0.7657625637374895,-1.9793381775838599,-1.7181705850142028,0.0,0.0,0.0
116.39662003517151,-0.768455392972263,-2.0036898856543477,-1.6951199959580994,0.0,0.0,0.0
116.44744324684143,-0.7636709655031709,-2.031212014558168,-1.6608162000561393,0.0,0.0,0.0
116.48134589195251,-0.761548577628316,-2.0512090848177866,-1.6381156278759565,0.0,0.0,0.0
116.51548624038696,-0.7633321506269728,-2.078021705525726,-1.6149717670805368,0.0,0.0,0.0
116.5495982170105,-0.764481679655501,-2.1067806468181765,-1.5910112806784615,0.0,0.0,0.0
116.58372402191162,-0.7647947538755188,-2.1348428172821787,-1.5660417449093986,0.0,0.0,0.0
116.63436579704285,-0.7637788585815485,-2.1770273711259898,-1.5267943228366472,0.0,0.0,0.0
116.6688768863678,-0.7621576604631641,-2.2051989548306823,-1.4993954501029716,0.0,0.0,0.0
116.70428729057312,-0.7596614763718466,-2.2342143350586756,-1.4701228113767415,0.0,0.0,0.0
116.7377986907959,-0.7564018888744345,-2.2623875061332726,-1.440674146140064,0.0,0.0,0.0
116.77174401283264,-0.7517726372817004,-2.2857231940423746,-1.4107464203383526,0.0,0.0,0.0
116.8224105834961,-0.7427051577341852,-2.327905046067278,-1.3653060115693054,0.0,0.0,0.0
116.85633730888367,-0.7370932497006287,-2.3568392960891167,-1.3344467680888117,0.0,0.0,0.0
116.89064121246338,-0.7285119500025148,-2.38821906450487,-1.303091890073747,0.0,0.0,0.0
116.92459464073181,-0.7188854644584519,-2.4186487794123814,-1.270709751363239,0.0,0.0,0.0
116.95930123329163,-0.7093760614585711,-2.4495344953646345,-1.2372751758996894,0.0,0.0,0.0
117.01033186912537,-0.6926736985344278,-2.4956662063064488,-1.1853164441607547,0.0,0.0,0.0
117.06035566329956,-0.6718439381697426,-2.5414127697018682,-1.1320291287079594,0.0,0.0,0.0
117.09470391273499,-0.6586155253133579,-2.5704236896230714,-1.095669563862442,0.0,0.0,0.0
117.12846899032593,-0.6428821027490917,-2.5984936134533383,-1.0587702553657203,0.0,0.0,0.0
117.16258096694946,-0.6249104258217444,-2.630301026020292,-1.0211075599934696,0.0,0.0,0.0
117.1963882446289,-0.6100778013726892,-2.654419331245116,-0.9828288518003987,0.0,0.0,0.0
117.23032307624817,-0.591442338675605,-2.6817041231348795,-0.9435790150905797,0.0,0.0,0.0
117.26448178291321,-0.5731148237707696,-2.7069355428554633,-0.9034249430777259,0.0,0.0,0.0
117.29864978790283,-0.5515251981603024,-2.7330844695768954,-0.8626232041994383,0.0,0.0,0.0
117.3493926525116,-0.5212583563416322,-2.768096648862432,-0.8007590901586158,0.0,0.0,0.0
117.38373136520386,-0.49762702187978947,-2.7923768512199123,-0.758528325126628,0.0,0.0,0.0
117.4177303314209,-0.47383316972949147,-2.8159802898518262,-0.7149126590271146,0.0,0.0,0.0
117.45148372650146,-0.4504018511800181,-2.838763442703915,-0.6698606941713713,0.0,0.0,0.0
117.48661351203918,-0.42678690515016987,-2.861156084055469,-0.6234167432380214,0.0,0.0,0.0
117.53642416000366,-0.38973929240375105,-2.8923047362869454,-0.5513163937068559,0.0,0.0,0.0
117.57056260108948,-0.36437193606405327,-2.9109618617755233,-0.5017219502484971,0.0,0.0,0.0
117.60473918914795,-0.3423956580392993,-2.9278824379403665,-0.45144510420679734,0.0,0.0,0.0
117.65541100502014,-0.30106440550606917,-2.950239690160573,-0.3742760769449036,0.0,0.0,0.0
117.68978452682495,-0.2727935390544136,-2.9631719147677607,-0.32154602040974817,0.0,0.0,0.0
117.72389030456543,-0.2439991805086893,-2.973912833049343,-0.26772619475526843,0.0,0.0,0.0
117.7746069431305,-0.19988774889575964,-2.986338834288213,-0.18506252377566082,0.0,0.0,0.0
117.80854105949402,-0.16998833435994512,-2.992091120192278,-0.1287213780570254,0.0,0.0,0.0
117.8424973487854,-0.13980132247943977,-2.9957675454333494,-0.07143459470059998,0.0,0.0,0.0
117.87646675109863,-0.1094179867400996,-2.997329617145901,-0.013144957594762086,0.0,0.0,0.0
117.91058468818665,-0.07894726429369003,-2.9968496021250135,0.04604298387340468,0.0,0.0,0.0
117.94559526443481,-0.04849469310907896,-2.99453940540192,0.10615396360093288,0.0,0.0,0.0
117.99536180496216,-0.0020530228737243657,-2.9873761662204026,0.19793009242593324,0.0,0.0,0.0
118.02956867218018,0.029317526287021518,-2.9805878575710967,0.25871837028034655,0.0,0.0,0.0
118.06383490562439,0.059274353507581104,-2.972880821299615,0.3185455207610994,0.0,0.0,0.0
118.09838438034058,0.088260577781629,-2.964907369932457,0.3773725297978621,0.0,0.0,0.0
118.14837217330933,0.12937439595398761,-2.951944211740511,0.46371874774900085,0.0,0.0,0.0
118.1827232837677,0.15522934130888746,-2.9419016246486165,0.5200288302489678,0.0,0.0,0.0
118.23341345787048,0.1916451638507943,-2.9248284764106414,0.6024849422819604,0.0,0.0,0.0
118.26739120483398,0.21485205978124663,-2.9121732024747393,0.6561256192342323,0.0,0.0,0.0
118.30165672302246,0.23654977801743837,-2.8985534536461226,0.7087068473553052,0.0,0.0,0.0
118.33564901351929,0.2572352134437803,-2.884013642744885,0.760162046456673,0.0,0.0,0.0
118.38671374320984,0.28629828990891276,-2.860587445129289,0.8352629440332832,0.0,0.0,0.0
118.43760871887207,0.31315077917226064,-2.835368916481653,0.9078621998472812,0.0,0.0,0.0
118.47171354293823,0.3294337061522802,-2.8176418345531933,0.9548687253080589,0.0,0.0,0.0
118.50553703308105,0.34507064638159185,-2.7992361646739607,1.0007100787864787,0.0,0.0,0.0
118.5396614074707,0.35968641880094815,-2.78020484574148,1.045460000207863,0.0,0.0,0.0
118.59045481681824,0.3796464769422057,-2.7505818157943738,1.1104876879727985,0.0,0.0,0.0
118.62440133094788,0.3917210535164832,-2.730182009359484,1.1524514273624828,0.0,0.0,0.0
118.65867924690247,0.4030692000626479,-2.7093100267204093,1.1932831102780892,0.0,0.0,0.0
118.70962810516357,0.4183191009451605,-2.6772170048592883,1.2525327131234951,0.0,0.0,0.0
118.74385595321655,0.42727716023394435,-2.655352496972043,1.2906680492783253,0.0,0.0,0.0
118.79475712776184,0.4394000024961776,-2.6219481606233392,1.3458671316244368,0.0,0.0,0.0
118.83018589019775,0.44661210353195036,-2.598657280879574,1.3823899219686162,0.0,0.0,0.0
118.88102412223816,0.4555951127572647,-2.564272543650403,1.4336922461721453,0.0,0.0,0.0
118.91445255279541,0.460878825067233,-2.5411084138766555,1.4667424186806655,0.0,0.0,0.0
118.94856929779053,0.4647511172852043,-2.5178036928255625,1.4991023336566442,0.0,0.0,0.0
118.98265361785889,0.46721446850260767,-2.4943844816192735,1.5307794731915139,0.0,0.0,0.0
119.08699607849121,0.4674130718495469,-2.4916226898855425,1.5344590602394859,0.0,0.0,0.0
119.20207571983337,2.5378554017160814e-22,3.9958484086272448e-28,3.877935173505913e-26,0.0,0.0,0.0
119.24317216873169,-0.0010375569110108395,-1.0720256556722355e-08,2.475729051270333e-05,0.0,0.0,0.0
119.27737641334534,-0.004303793362497123,-2.9730611658966204e-07,0.00019418603661730722,0.0,0.0,0.0
119.32195115089417,-0.00696851841161855,-1.1439453271744165e-06,0.00047781511239065064,0.0,0.0,0.0
119.35762357711792,-0.009980679831729858,-3.348449047872739e-06,0.001055243905145729,0.0,0.0,0.0
119.39076805114746,-0.012749339953891228,-7.215281645432377e-06,0.0018199531195514569,0.0,0.0,0.0
119.4247498512268,-0.015377056482193056,-1.3072057650022418e-05,0.0027619248757345697,0.0,0.0,0.0
119.45863628387451,-0.017862804012964677,-2.113446599705279e-05,0.0038865377519032634,0.0,0.0,0.0
119.49239301681519,-0.020168404465905992,-3.1389605843178685e-05,0.005211245504708291,0.0,0.0,0.0
119.52767777442932,-0.02233985701689025,-4.4050915053996104e-05,0.006733614667607186,0.0,0.0,0.0
119.56074261665344,-0.024388699807254464,-5.921370859990025e-05,0.008454187532366129,0.0,0.0,0.0
119.61177515983582,-0.0271767742850518,-8.607335474185425e-05,0.011431459196199195,0.0,0.0,0.0
119.64557361602783,-0.0288765342038787,-0.00010673178497767701,0.013671228069446281,0.0,0.0,0.0
119.67938351631165,-0.029426208259025352,2.0788280301843156e-05,0.016003529346213415,0.0,0.0,0.0
119.71365523338318,-0.029549660049966845,0.0001944542230169652,0.018332747181207174,0.0,0.0,0.0
119.74761366844177,-0.0296709251757047,0.00036816632540778656,0.020662081005160853,0.0,0.0,0.0
119.79878568649292,-0.02998204756976317,0.0005989227685147093,0.024158379447100954,0.0,0.0,0.0
119.84958219528198,-0.031793238076664336,0.000552602671501255,0.028719505012446765,0.0,0.0,0.0
119.88449096679688,-0.032869634696726165,0.0005206158706323798,0.03226453968810758,0.0,0.0,0.0
119.9344413280487,-0.03429264022228918,0.00047177905578398846,0.03798664373123814,0.0,0.0,0.0
119.96840071678162,-0.035114592407989385,0.00043946735156880117,0.042043640087348365,0.0,0.0,0.0
120.00237941741943,-0.03585304561179013,0.00040732140131034307,0.04631374507522184,0.0,0.0,0.0
120.05339360237122,-0.036797557447977816,0.00036101647223252855,0.05303771305127352,0.0,0.0,0.0
120.08773159980774,-0.037323143777950527,0.00033214097303518506,0.057766051823315796,0.0,0.0,0.0
120.12239360809326,-0.03776688260106032,0.0003055810732286555,0.06272483480638576,0.0,0.0,0.0
120.17264151573181,-0.038283118953671376,0.0002713821762371133,0.0704792242708977,0.0,0.0,0.0
120.22337770462036,-0.03863368778962582,0.00024528393656002875,0.07866638817984127,0.0,0.0,0.0
120.25807881355286,-0.03878003521856908,0.00023331350725631724,0.08431429846104112,0.0,0.0,0.0
120.29158473014832,-0.038867307699305846,0.00022562780023415238,0.09011304646722412,0.0,0.0,0.0
120.32570791244507,-0.03888871809587401,0.00022356462283976104,0.09611653728734924,0.0,0.0,0.0
120.35980463027954,-0.03884592766625714,0.00022778812948278925,0.10231870360254283,0.0,0.0,0.0
120.41034412384033,-0.03866686544517295,0.00024709152480328564,0.11184723289700577,0.0,0.0,0.0
120.44512915611267,-0.03847506014384222,0.00026935898931632524,0.1184458131317198,0.0,0.0,0.0
120.4786205291748,-0.038229058678065427,0.00029964982736133556,0.12521671765643236,0.0,0.0,0.0
120.5299506187439,-0.037762383918465314,0.0003613635171208411,0.13556035565399244,0.0,0.0,0.0
120.58038306236267,-0.037185150041129655,0.0004441292554674412,0.1462837244648062,0.0,0.0,0.0
120.61480212211609,-0.036741119452602874,0.0005119653692121221,0.15354628107948634,0.0,0.0,0.0
120.64944696426392,-0.036255558142537885,0.0005899487345322708,0.16096600377629636,0.0,0.0,0.0
120.6998541355133,-0.03544030268308762,0.0007291548428818048,0.17242323252809333,0.0,0.0,0.0
120.75040340423584,-0.03453255131882288,0.0008953616513939114,0.1840729515840172,0.0,0.0,0.0
120.78452181816101,-0.03408837818357907,0.001143309786129824,0.19205741358528106,0.0,0.0,0.0
120.8184163570404,-0.03427848171392453,0.001729724796845624,0.20007722738611536,0.0,0.0,0.0
120.85291194915771,-0.03447086637366704,0.0023156450172155127,0.20809697924386525,0.0,0.0,0.0
120.8868100643158,-0.03466548693043394,0.00290108346754888,0.2161165726536501,0.0,0.0,0.0
120.92065930366516,-0.03462259822165319,0.0034001829052175466,0.22415653826991638,0.0,0.0,0.0
120.97150230407715,-0.033134510340910334,0.003752300564936345,0.23632836981795627,0.0,0.0,0.0
121.00554084777832,-0.032104445207353824,0.004006113395778601,0.2444437855371038,0.0,0.0,0.0
121.03964018821716,-0.03105284482159547,0.004274482051524447,0.2527234378170209,0.0,0.0,0.0
121.09048843383789,-0.02944314211186742,0.004702699650743785,0.26536589454346116,0.0,0.0,0.0
121.12477898597717,-0.02834092691134388,0.005008212652710544,0.27400004119011456,0.0,0.0,0.0
121.15904116630554,-0.027216981789391574,0.005330112055358505,0.2827713429119668,0.0,0.0,0.0
121.20950388908386,-0.02550561804855496,0.005840341289492761,0.2960009205414637,0.0,0.0,0.0
121.24422526359558,-0.02433834578263701,0.006202356198867352,0.3050237553517488,0.0,0.0,0.0
121.29435539245605,-0.022558152103448328,0.006776550857469877,0.3187359453232131,0.0,0.0,0.0
121.32846999168396,-0.02135443473730285,0.007179973015146535,0.32795879037303943,0.0,0.0,0.0
121.36273193359375,-0.020133081871955984,0.007601935715995525,0.3373335554120007,0.0,0.0,0.0
121.39741587638855,-0.018903262401427222,0.00803976792397844,0.3467225005044193,0.0,0.0,0.0
121.44769620895386,-0.017032715485806718,0.008730760497155151,0.36100667067474146,0.0,0.0,0.0
121.48138785362244,-0.01576786829856179,0.009215376517989772,0.37070619828636925,0.0,0.0,0.0
121.51543402671814,-0.014496001983352888,0.009717001957400082,0.3804305989608823,0.0,0.0,0.0
121.54952120780945,-0.013215061457302314,0.010236792080237896,0.39021524103699207,0.0,0.0,0.0
121.58383464813232,-0.011919433188056081,0.010777622579410623,0.4001571563108585,0.0,0.0,0.0
121.63462948799133,-0.00996113892566969,0.011624353674662706,0.4152047920640665,0.0,0.0,0.0
121.68537974357605,-0.007985554279682682,0.012514702755595512,0.43039499610253806,0.0,0.0,0.0
121.71962237358093,-0.006656076204734441,0.013134713062296811,0.44067721787713887,0.0,0.0,0.0
121.75463581085205,-0.005330900252655994,0.013769601844711151,0.45087626140419246,0.0,0.0,0.0
121.80447459220886,-0.0033199795797714555,0.014765807712753373,0.4664818117822491,0.0,0.0,0.0
121.83875393867493,-0.0019703668826285894,0.015457045315688651,0.47702964298021433,0.0,0.0,0.0
121.87335181236267,-0.0013933830668949158,0.01617322987567989,0.48774033857647564,0.0,0.0,0.0
121.90782308578491,-0.0017326423175788614,0.016861163062306568,0.49811206326720825,0.0,0.0,0.0
121.94194149971008,-0.002076800011862419,0.017546398967198278,0.5084835719931114,0.0,0.0,0.0
121.97663021087646,-0.0024258632570477758,0.01822888909389974,0.5188546515498836,0.0,0.0,0.0
122.02642869949341,-0.0004799807196081559,0.019561515892025795,0.5346230558827091,0.0,0.0,0.0
122.06063151359558,0.0010873110336055744,0.0205035975387884,0.5451520641702164,0.0,0.0,0.0
122.09481239318848,0.002638299408020661,0.021457425057712157,0.5556241923440322,0.0,0.0,0.0
122.12878942489624,0.004184719199582821,0.022430617770442206,0.5660884344447437,0.0,0.0,0.0
122.16246128082275,0.005727417280026866,0.02342404152463997,0.5767004885352187,0.0,0.0,0.0
122.19672274589539,0.007256945647030869,0.024431901451989976,0.5873222374391707,0.0,0.0,0.0
122.23032331466675,0.008776447727598185,0.025456279871167747,0.5979943441644081,0.0,0.0,0.0
122.26449012756348,0.010291789131539632,0.026501529758613623,0.608816804048588,0.0,0.0,0.0
122.29875469207764,0.01180001688609036,0.027566146594543643,0.6197451713850771,0.0,0.0,0.0
122.3326141834259,0.013290517309996688,0.028642615538958856,0.6305989750235677,0.0,0.0,0.0
122.36650919914246,0.014776161195390923,0.029740392443506916,0.6415986674703386,0.0,0.0,0.0
122.40089988708496,0.01625465565142854,0.03085835047070653,0.6527108082618621,0.0,0.0,0.0
122.4343740940094,0.0177157280035431,0.03198876664410754,0.6637536041589989,0.0,0.0,0.0
122.468501329422,0.019171892929331566,0.03314153451262484,0.674952131555981,0.0,0.0,0.0
122.50259137153625,0.02062184454048537,0.03431627852691106,0.6862891430633102,0.0,0.0,0.0
122.53655195236206,0.022055969421638785,0.03550548644594823,0.6975863415149105,0.0,0.0,0.0
122.57082533836365,0.023479440132199283,0.036713462087563334,0.7089414488927738,0.0,0.0,0.0
122.62146735191345,0.02560139510141955,0.03856747754333629,0.7262292935942474,0.0,0.0,0.0
122.65533804893494,0.02700027157547603,0.03982617148427814,0.7377919662232307,0.0,0.0,0.0
122.689612865448,0.028385951181492442,0.04110257293848294,0.749369137821969,0.0,0.0,0.0
122.7244439125061,0.029764265753176016,0.04240259619418593,0.7610918177765286,0.0,0.0,0.0
122.75830030441284,0.031134318110741882,0.043726145406150524,0.7729459281827034,0.0,0.0,0.0
122.80834102630615,0.03315650099203303,0.04573905809580953,0.7906031792377556,0.0,0.0,0.0
122.84252595901489,0.03379016815034172,0.04680421880596658,0.8025043720166761,0.0,0.0,0.0
122.87650656700134,0.03328775063245223,0.0474661722302418,0.8143780855472179,0.0,0.0,0.0
122.91046524047852,0.032779727811242075,0.048122226597831975,0.8262523794522401,0.0,0.0,0.0
122.94441843032837,0.03254088187978288,0.048939996686275425,0.8381574550364606,0.0,0.0,0.0
122.97836661338806,0.033967965808359306,0.0505500153656861,0.8502125888741487,0.0,0.0,0.0
123.0124728679657,0.0353736796860588,0.052175043301443354,0.8622514721759964,0.0,0.0,0.0
123.04679155349731,0.036761810658769004,0.05381808829994047,0.8742743708926461,0.0,0.0,0.0
123.0822262763977,0.03817363166122465,0.05553090044616383,0.8866333674893543,0.0,0.0,0.0
123.13247990608215,0.040191189186021145,0.058052981752302446,0.9039988468203196,0.0,0.0,0.0
123.1666488647461,0.04151159130259757,0.05975324609903039,0.9156695068678027,0.0,0.0,0.0
123.20040655136108,0.04281329959977128,0.06147043897068525,0.9274419777034305,0.0,0.0,0.0
123.23471140861511,0.04408736019461573,0.06319256924608017,0.9391297792114067,0.0,0.0,0.0
123.26947236061096,0.04538189321832442,0.06498669899519256,0.9513276788109464,0.0,0.0,0.0
123.303537607193,0.04662237011131849,0.06675044470212559,0.9633294476992973,0.0,0.0,0.0
123.33754372596741,0.0478371047590457,0.06852239377658692,0.9752800322818451,0.0,0.0,0.0
123.37171149253845,0.04903126415687947,0.07030987780068071,0.9872933002134121,0.0,0.0,0.0
123.40573215484619,0.05020808136509932,0.07211848517844038,0.9994533527087517,0.0,0.0,0.0
123.43942213058472,0.05136590264947676,0.07394658364329126,1.011726089186532,0.0,0.0,0.0
123.47367453575134,0.05249582530151813,0.07577999693273793,1.023875769600029,0.0,0.0,0.0
123.50750946998596,0.05360828785051478,0.07763586297415039,1.0361851034846996,0.0,0.0,0.0
123.54137969017029,0.054702286799881816,0.0795136854345145,1.0486366696273226,0.0,0.0,0.0
123.5760235786438,0.05577192370214396,0.08140393288750795,1.0610669058908926,0.0,0.0,0.0
123.60954213142395,0.056818509362468864,0.08330879435989783,1.0735111543731133,0.0,0.0,0.0
123.64333295822144,0.05784651935003593,0.08523737386961273,1.0861131108828201,0.0,0.0,0.0
123.67741346359253,0.05859996255256314,0.08694547699968426,1.0986495867555763,0.0,0.0,0.0
123.71146249771118,0.05801309737191606,0.08749478147197609,1.111042908818016,0.0,0.0,0.0
123.74597668647766,0.05742217297780624,0.08803593358034414,1.123436815043512,0.0,0.0,0.0
123.78064322471619,0.05748113236702172,0.08926456966107285,1.136283371603976,0.0,0.0,0.0
123.8314311504364,0.058960053554944936,0.09254125926964914,1.1551681947337482,0.0,0.0,0.0
123.86541819572449,0.059919748350252384,0.0947598524533025,1.1677127613350817,0.0,0.0,0.0
123.89992308616638,0.06085246061635229,0.09699124140299852,1.1801592379275498,0.0,0.0,0.0
123.93368601799011,0.061752050088864974,0.09922003560517781,1.192475578596541,0.0,0.0,0.0
123.9846739768982,0.06305506804352826,0.1025979803529688,1.211249588498867,0.0,0.0,0.0
124.03546190261841,0.06429624482851393,0.1060054333205372,1.23019543926623,0.0,0.0,0.0
124.06979513168335,0.06508610179593348,0.10828475939624371,1.2427966792222884,0.0,0.0,0.0
124.10340142250061,0.06585009818189207,0.11058323262356716,1.2555485463780773,0.0,0.0,0.0
124.13737344741821,0.06658299088680059,0.11288588363032882,1.2682464863534224,0.0,0.0,0.0
124.17176127433777,0.06728734678991516,0.11520041162962318,1.2809869246659649,0.0,0.0,0.0
124.2055881023407,0.06796511637241351,0.1175349392714156,1.2938747499345173,0.0,0.0,0.0
124.25668168067932,0.06892647629628551,0.12105923095857024,1.3132854487837666,0.0,0.0,0.0
124.29140281677246,0.06952928550966744,0.12341937671423121,1.326204993346769,0.0,0.0,0.0
124.32647967338562,0.07012054375291968,0.12586957318623337,1.3396511992443292,0.0,0.0,0.0
124.3767626285553,0.0709248023341403,0.12946529422956116,1.3593280632338038,0.0,0.0,0.0
124.41057276725769,0.07042638248308856,0.13021741552278396,1.3723108596159086,0.0,0.0,0.0
124.44458436965942,0.0697906674788701,0.13066236843563916,1.3852869830586316,0.0,0.0,0.0
124.47896075248718,0.06982981959890566,0.13233283174632268,1.3983902511800295,0.0,0.0,0.0
124.5128767490387,0.07026525830965391,0.13495211870153406,1.411573976258338,0.0,0.0,0.0
124.5634617805481,0.07085665765475355,0.1389093276923486,1.4312897804485352,0.0,0.0,0.0
124.59748601913452,0.07120767244117249,0.1415506093127093,1.4441430696548203,0.0,0.0,0.0
124.63176679611206,0.0715247832837433,0.14419539231967898,1.456996238866296,0.0,0.0,0.0
124.66544389724731,0.0718088736461345,0.14685447277626665,1.4699886360480683,0.0,0.0,0.0
124.69964241981506,0.07205941284838799,0.1495300610568062,1.483142285809629,0.0,0.0,0.0
124.75042915344238,0.07236879013903005,0.15354305060971174,1.5027857764228547,0.0,0.0,0.0
124.78470468521118,0.07253161899747716,0.15622937882774207,1.5159511805546573,0.0,0.0,0.0
124.83580040931702,0.07270944061719732,0.16026987505445053,1.5357514397756402,0.0,0.0,0.0
124.87051749229431,0.0727835344615219,0.1629665616209894,1.5489130826546118,0.0,0.0,0.0
124.92074656486511,0.07282752628157163,0.16703653952705338,1.5688800873368518,0.0,0.0,0.0
124.97142124176025,0.07229495868913352,0.1693174063376153,1.5886036288312422,0.0,0.0,0.0
125.0053927898407,0.07172967342852253,0.1698120944231432,1.6017623864770734,0.0,0.0,0.0
125.03971457481384,0.07161910233435034,0.17262597750212771,1.6151384364737984,0.0,0.0,0.0
125.073570728302,0.07146872095119013,0.1755063090035616,1.6285065953423972,0.0,0.0,0.0
125.12438797950745,0.0711706210910693,0.17984288853405012,1.648355540979859,0.0,0.0,0.0
125.15845513343811,0.07092298914697791,0.1827438339568024,1.6616430251045418,0.0,0.0,0.0
125.19264602661133,0.07063851205797965,0.18562728927457212,1.6747462812952834,0.0,0.0,0.0
125.22721886634827,0.07031462314857014,0.18851991979627794,1.6879675038646917,0.0,0.0,0.0
125.26072645187378,0.06995033599595979,0.19142331494085435,1.7013301283318811,0.0,0.0,0.0
125.29466462135315,0.06954733242601178,0.19432058994876494,1.7146425487434156,0.0,0.0,0.0
125.3283121585846,0.06910554089019276,0.19721408565630885,1.7279137705790801,0.0,0.0,0.0
125.36255598068237,0.06859401489649547,0.19975915757657048,1.741302743446175,0.0,0.0,0.0
125.39741563796997,0.06797800145291578,0.20017918395450776,1.7547035903411192,0.0,0.0,0.0
125.4477813243866,0.0671113729752168,0.20439272297667216,1.7745757195467633,0.0,0.0,0.0
125.49846315383911,0.06612675605380135,0.20890692289751978,1.7945537690581994,0.0,0.0,0.0
125.53262591362,0.06542334351821256,0.21189350594117445,1.8076984310982962,0.0,0.0,0.0
125.56688904762268,0.06467704709284267,0.21488469718615635,1.820950141565228,0.0,0.0,0.0
125.61241841316223,-0.06027945040096352,0.3639084956478359,2.7046501114008654,0.0,0.0,0.0
125.64713907241821,-0.057647901709259895,0.36268118007815625,2.7173276914963305,0.0,0.0,0.0
125.69763541221619,-0.053819130044019746,0.36098850715332037,2.7340774586413863,0.0,0.0,0.0
125.74825859069824,-0.050234580368051104,0.3594688588799498,2.748119659957026,0.0,0.0,0.0
125.78290796279907,-0.047965296087164155,0.3585367811489605,2.755987940483616,0.0,0.0,0.0
125.81646299362183,-0.045806704332114145,0.35766943442688254,2.762665856351492,0.0,0.0,0.0
125.85038042068481,-0.04375698897376614,0.3568591797823051,2.768157327445915,0.0,0.0,0.0
125.88471007347107,-0.04180108232717517,0.35609831017830695,2.7724663788328954,0.0,0.0,0.0
125.91832327842712,-0.0430462880609685,0.3575294908404456,2.7762066995667203,0.0,0.0,0.0
125.95235323905945,-0.044138884378735886,0.35850473246198067,2.780041469508737,0.0,0.0,0.0
125.98670220375061,-0.041127145498025854,0.357392683800133,2.783718435739883,0.0,0.0,0.0
126.02037763595581,-0.038328640725786865,0.35629091608868135,2.7868540085664195,0.0,0.0,0.0
126.05430841445923,-0.03552048391515672,0.35528143206924145,2.789329352479279,0.0,0.0,0.0
126.088552236557,-0.033253912859902174,0.354444351744448,2.7909825761239158,0.0,0.0,0.0
126.12259721755981,-0.031414347305968975,0.35377662738384336,2.7916130179418683,0.0,0.0,0.0
126.1566390991211,-0.030400336263514353,0.3534345719185159,2.7910191448695363,0.0,0.0,0.0
126.19042778015137,-0.029559907994051896,0.3531276116289624,2.7892465359547693,0.0,0.0,0.0
126.22505593299866,-0.028796712547306334,0.35284787976919213,2.786300876286821,0.0,0.0,0.0
126.25887989997864,-0.0280968248595259,0.35258939491600955,2.7821808143833255,0.0,0.0,0.0
126.29271459579468,-0.02748304449651716,0.3523590580025652,2.7768808234004587,0.0,0.0,0.0
126.326580286026,-0.02694360869340498,0.3521543097607338,2.7703971414993878,0.0,0.0,0.0
126.3604085445404,-0.026852597600469142,0.3524073946752619,2.762794211604338,0.0,0.0,0.0
126.39425778388977,-0.028486970100390866,0.3549029252786625,2.754999927185222,0.0,0.0,0.0
126.42823100090027,-0.029683114283979073,0.3568796567643983,2.7472562329588284,0.0,0.0,0.0
126.46250414848328,-0.028876912931798802,0.35654220939817227,2.739629992868586,0.0,0.0,0.0
126.4962990283966,-0.028590235547199524,0.3564182809300672,2.731913369846132,0.0,0.0,0.0
126.5303955078125,-0.028321356137331662,0.3563052737251903,2.7241123241356964,0.0,0.0,0.0
126.56450080871582,-0.028136835779985252,0.3562246184050705,2.7162183066988645,0.0,0.0,0.0
126.59850692749023,-0.028138099630192974,0.35622695197001036,2.7082289708116036,0.0,0.0,0.0
126.63225364685059,-0.028274589122098497,0.3563013846838394,2.7000228332654057,0.0,0.0,0.0
126.66702580451965,-0.028599622371101804,0.35645952263633385,2.6907936484295387,0.0,0.0,0.0
126.70113015174866,-0.02899444500572027,0.35665536064753844,2.6812263580647193,0.0,0.0,0.0
126.75134539604187,-0.029816713828199753,0.3570734045233793,2.6681556268150772,0.0,0.0,0.0
126.78547692298889,-0.030513676168856595,0.35743598990368586,2.6602705609226565,0.0,0.0,0.0
126.82010698318481,-0.031313561769807235,0.3578594843916556,2.652983793510317,0.0,0.0,0.0
126.85505867004395,-0.03223901128015101,0.35835741566325435,2.6462782038607413,0.0,0.0,0.0
126.88867783546448,-0.033237135451239186,0.35890225432420075,2.6403939307210416,0.0,0.0,0.0
126.92251014709473,-0.03477217555525996,0.36080774580022784,2.63486813248599,0.0,0.0,0.0
126.95640230178833,-0.03638003675268051,0.3629859306195035,2.6293586970175684,0.0,0.0,0.0
127.00732278823853,-0.03831876571644344,0.3644257288128781,2.6212779441212013,0.0,0.0,0.0
127.04156231880188,-0.03964730727488267,0.3651926179328029,2.615991579115311,0.0,0.0,0.0
127.09242057800293,-0.04173112424688893,0.3664169314134244,2.6083149002524504,0.0,0.0,0.0
127.1264922618866,-0.04298723366343942,0.36716041024412116,2.603991401747088,0.0,0.0,0.0
127.1602532863617,-0.044339348576336125,0.36797024317176297,2.600901619024406,0.0,0.0,0.0
127.19429087638855,-0.04578101586855219,0.3688382094935127,2.5990493221611595,0.0,0.0,0.0
127.22826337814331,-0.04733353166048683,0.3697752025433294,2.598433898093749,0.0,0.0,0.0
127.26230382919312,-0.04899553941552842,0.3707779781823071,2.599056011211449,0.0,0.0,0.0
127.29655027389526,-0.05074927472582895,0.37183285675760724,2.600917027952016,0.0,0.0,0.0
127.33063650131226,-0.052601762446710526,0.37294066386308944,2.6039274851805243,0.0,0.0,0.0
127.36464524269104,-0.054525589449514085,0.3740823843957114,2.6074770695664906,0.0,0.0,0.0
127.39871072769165,-0.056514305258221126,0.3752522880873662,2.6115024293628366,0.0,0.0,0.0
127.43276691436768,-0.05853489903469829,0.3764294085027462,2.615849971880591,0.0,0.0,0.0
127.46670818328857,-0.060589200885496054,0.37771857521432783,2.6205796483718453,0.0,0.0,0.0
127.51734519004822,-0.06361604126389808,0.37986922866144285,2.627738727457184,0.0,0.0,0.0
127.55130052566528,-0.06582111691563475,0.3811493371151192,2.632533796893151,0.0,0.0,0.0
127.58575916290283,-0.0680648911206096,0.3823925163945112,2.637935920098983,0.0,0.0,0.0
127.6374933719635,-0.07159900351997192,0.3843151863545392,2.6478566581457503,0.0,0.0,0.0
127.67139601707458,-0.07409358796243534,0.3856445426077252,2.6551237274515143,0.0,0.0,0.0
127.70564222335815,-0.07658348203849716,0.38694808544085696,2.6625239773005824,0.0,0.0,0.0
127.73937892913818,-0.07912960971087586,0.3882566834775699,2.6702138188638838,0.0,0.0,0.0
127.77355074882507,-0.08170359352322777,0.38955446747843653,2.678030011205292,0.0,0.0,0.0
127.8075954914093,-0.08434752311259262,0.3908611534681557,2.686168322098232,0.0,0.0,0.0
127.8412561416626,-0.08705469786651157,0.3921712485994362,2.6945963661683963,0.0,0.0,0.0
127.87529850006104,-0.08980049494823975,0.3934711960149504,2.7031760802321987,0.0,0.0,0.0
127.90946197509766,-0.0925936434434062,0.39476399123125894,2.7119284933611336,0.0,0.0,0.0
127.94346952438354,-0.09545160495202556,0.39605594933401367,2.7209449579198646,0.0,0.0,0.0
127.97741031646729,-0.09835030046068813,0.39733452670680225,2.7300873758592044,0.0,0.0,0.0
128.01124453544617,-0.10086850085130353,0.3985046154970334,2.73932806159014,0.0,0.0,0.0
128.0455605983734,-0.10303901204219824,0.3995953592915362,2.748573755429988,0.0,0.0,0.0
128.0793104171753,-0.10583209837116979,0.4008061379469434,2.7579467528088313,0.0,0.0,0.0
128.1133794784546,-0.1089952854714948,0.40206259508375797,2.7677790092354813,0.0,0.0,0.0
128.14844393730164,-0.11222442498444812,0.4033083476802142,2.777837261513984,0.0,0.0,0.0
128.1983244419098,-0.11718667331948353,0.4051504774853578,2.7933123138521396,0.0,0.0,0.0
128.23284912109375,-0.12052827610152497,0.4063423471770013,2.803588636098245,0.0,0.0,0.0
128.2832431793213,-0.12566653022736463,0.40809997177878377,2.8193840671967902,0.0,0.0,0.0
128.31795120239258,-0.1291308168100142,0.40923415091791593,2.8299313842847624,0.0,0.0,0.0
128.35207653045654,-0.13263924585747908,0.4103419211978483,2.8405208031637565,0.0,0.0,0.0
128.4026906490326,-0.13802566539816083,0.4119633938711426,2.8567566591401565,0.0,0.0,0.0
128.45338940620422,-0.14348597413407216,0.4135104497539392,2.8729946844464154,0.0,0.0,0.0
128.48749804496765,-0.14700139439987658,0.4144960392614546,2.883938162612482,0.0,0.0,0.0
128.52175641059875,-0.14921563409549465,0.415416102744802,2.894971772850545,0.0,0.0,0.0
128.57234477996826,-0.15422178315675697,0.4168097145316402,2.9114637710663933,0.0,0.0,0.0
128.606529712677,-0.1581945547782824,0.41771444218121506,2.922733726306195,0.0,0.0,0.0
128.64060473442078,-0.1622238319967671,0.4185842127910796,2.9341347347834716,0.0,0.0,0.0
128.6744191646576,-0.1662748824642517,0.4194105749542679,2.945473834718902,0.0,0.0,0.0
128.7085394859314,-0.17035911068483325,0.4201958903193147,2.956746526168438,0.0,0.0,0.0
128.75946474075317,-0.17658110006976704,0.4213009172789254,2.9738600079803796,0.0,0.0,0.0
128.79359698295593,-0.18073697268873182,0.4219784099168492,2.9850616115220516,0.0,0.0,0.0
128.82830333709717,-0.18495034954936476,0.42261666329780095,2.996365517536662,0.0,0.0,0.0
128.86164927482605,-0.18922259532625466,0.4232141335699331,3.007795827871906,0.0,0.0,0.0
128.8953766822815,-0.1927607395961703,0.423903365676893,3.0192018086916734,0.0,0.0,0.0
128.92979431152344,-0.1952859349147827,0.4246795110526123,3.030522186003357,0.0,0.0,0.0
128.96455645561218,-0.19986144017129742,0.42516025832376003,3.042215741620649,0.0,0.0,0.0
128.9994921684265,-0.20437722644087286,0.42558152527825766,3.0538485585716,0.0,0.0,0.0
129.04938340187073,-0.2111503029509532,0.4261155728656162,3.0709114126103394,0.0,0.0,0.0
129.08335137367249,-0.21572458002658326,0.42641068081293154,3.082393282834639,0.0,0.0,0.0
129.11749482154846,-0.22030036516722548,0.42665327352894666,3.0937669168657917,0.0,0.0,0.0
129.15221071243286,-0.2248932667051377,0.4268447870056447,3.1050195090883403,0.0,0.0,0.0
129.2024223804474,-0.23002796741134213,0.42756677775745877,3.1220699179198372,0.0,0.0,0.0
129.23654961585999,-0.23474115467801002,0.427629657243829,3.133351688934477,0.0,0.0,0.0
129.2703938484192,-0.23949373412527283,0.42763949373899157,-3.138519718850934,0.0,0.0,0.0
129.30458736419678,-0.24428410981931603,0.42759502046020215,-3.1271287900556946,0.0,0.0,0.0
129.33830332756042,-0.24837535708151562,0.42779082356610043,-3.11565335287124,0.0,0.0,0.0
129.37248134613037,-0.25306853642896215,0.4276654967304989,-3.1042727397039753,0.0,0.0,0.0
129.40727829933167,-0.2579360863940432,0.4274538315645854,-3.093011865413133,0.0,0.0,0.0
129.45772409439087,-0.2653042893357347,0.42702896506388255,-3.075987289918569,0.0,0.0,0.0
129.5083031654358,-0.2726599442734381,0.42648033125311774,-3.0593049268828953,0.0,0.0,0.0
129.54275822639465,-0.2776067740844489,0.4260421056637322,-3.0481462249919797,0.0,0.0,0.0
129.5773913860321,-0.28254196575800916,0.4255497938208562,-3.037120029350293,0.0,0.0,0.0
129.6275818347931,-0.289972459305706,0.42470539136271046,-3.0207093312859454,0.0,0.0,0.0
129.66143608093262,-0.29496416784294477,0.42406863730342886,-3.009672891440643,0.0,0.0,0.0
129.69534277915955,-0.29994892489861563,0.42337721546982005,-2.998725845817036,0.0,0.0,0.0
129.72956252098083,-0.3049390027337635,0.42262947693963776,-2.987910315226286,0.0,0.0,0.0
129.7635269165039,-0.30995313145819403,0.42182242606433445,-2.9770272955877304,0.0,0.0,0.0
129.797376871109,-0.3149940138949608,0.4209545055090812,-2.966072122960741,0.0,0.0,0.0
129.83177733421326,-0.3199991268720408,0.4200371472103734,-2.955361209535138,0.0,0.0,0.0
129.88273882865906,-0.32756232987477296,0.41854523210715067,-2.939206711553276,0.0,0.0,0.0
129.9333794116974,-0.33510778935654484,0.41693068584406123,-2.9232477051639356,0.0,0.0,0.0
129.967609167099,-0.34015420174778976,0.41578047247150557,-2.912620087021438,0.0,0.0,0.0
130.00207901000977,-0.34522515036283846,0.4145676123328545,-2.9019090210996317,0.0,0.0,0.0
130.0547194480896,-0.35294528421296323,0.41261140491587106,-2.885774144419767,0.0,0.0,0.0
130.10457062721252,-0.3605452459669613,0.4105557065154202,-2.8699337794339597,0.0,0.0,0.0
130.15530228614807,-0.3681537035101596,0.40836715747970637,-2.8540591199513403,0.0,0.0,0.0
130.18939661979675,-0.3732117161389226,0.4068403266307196,-2.8436342135677934,0.0,0.0,0.0
130.2235255241394,-0.3782898675602189,0.40524922300797017,-2.833119409074751,0.0,0.0,0.0
130.25742173194885,-0.38334151365679225,0.4036077878179626,-2.822735021490055,0.0,0.0,0.0
130.29169416427612,-0.38839152031604035,0.4019093835636036,-2.812405912600982,0.0,0.0,0.0
130.32544898986816,-0.39345692873049415,0.4001471277783894,-2.8019937546559204,0.0,0.0,0.0
130.3593716621399,-0.3985293823964676,0.3983231305961575,-2.7915247336086595,0.0,0.0,0.0
130.39355397224426,-0.4035632490478087,0.3964539158272033,-2.781288577322333,0.0,0.0,0.0
130.42767548561096,-0.4086141580659115,0.39451882415793577,-2.7709647073030186,0.0,0.0,0.0
130.46159434318542,-0.4136789859459585,0.3925179380757838,-2.7605520748577113,0.0,0.0,0.0
130.49529266357422,-0.4187225578187499,0.39046507883075326,-2.7502141189700042,0.0,0.0,0.0
130.52934312820435,-0.423751890834021,0.3883571350698378,-2.739983180289088,0.0,0.0,0.0
130.56354522705078,-0.42879466654748216,0.3861823638793133,-2.7296599330147684,0.0,0.0,0.0
130.5980453491211,-0.4338422428858682,0.3839432335583401,-2.719264826627052,0.0,0.0,0.0
130.6315450668335,-0.4388424391717986,0.3816636670814833,-2.7091098074294324,0.0,0.0,0.0
130.6824231147766,-0.44636247544288,0.3781182890398833,-2.6937362753985186,0.0,0.0,0.0
130.71632647514343,-0.4513461072240005,0.3756905192573587,-2.6835695976869665,0.0,0.0,0.0
130.75040459632874,-0.45631469290299775,0.3732074725490413,-2.673479284602907,0.0,0.0,0.0
130.78441905975342,-0.4612957028293994,0.37065474234013884,-2.663280215140118,0.0,0.0,0.0
130.81916403770447,-0.4662788351365297,0.3680361581399715,-2.65300184583018,0.0,0.0,0.0
130.8693413734436,-0.47368114650385323,0.3640257455130691,-2.6379013834954015,0.0,0.0,0.0
130.90333223342896,-0.47862090070577057,0.36126821268128234,-2.6277439810669705,0.0,0.0,0.0
130.9374339580536,-0.4835200442947363,0.35846807090848987,-2.6177129269757273,0.0,0.0,0.0
130.97171902656555,-0.48840680755658317,0.35560981607007874,-2.607721142696546,0.0,0.0,0.0
131.00614261627197,-0.4932954757038523,0.3526842046511264,-2.5976383333721618,0.0,0.0,0.0
131.05629801750183,-0.5006349123166578,0.3481643838914204,-2.5823235199878845,0.0,0.0,0.0
131.09032678604126,-0.5054706417312649,0.3451013787692749,-2.5723363584648,0.0,0.0,0.0
131.1245756149292,-0.5103072377732695,0.34196950094505124,-2.5622823878216896,0.0,0.0,0.0
131.15874028205872,-0.5151386459296349,0.33877131308118347,-2.552149566539881,0.0,0.0,0.0
131.19355416297913,-0.5200539959773144,0.33544512667669424,-2.5419446565264203,0.0,0.0,0.0
131.22752952575684,-0.5248274665985064,0.33214434305120066,-2.5319702435732063,0.0,0.0,0.0
131.2614016532898,-0.5295951342615246,0.32877652262912804,-2.521919591927132,0.0,0.0,0.0
131.29534316062927,-0.5343253188683725,0.32536353905828513,-2.5119549605846854,0.0,0.0,0.0
131.3298008441925,-0.5390286109009926,0.321898681166878,-2.5020686089969346,0.0,0.0,0.0
131.3803300857544,-0.5460649308899092,0.3165788878878441,-2.487097282341821,0.0,0.0,0.0
131.4145131111145,-0.5506962558909098,0.3129865470908057,-2.477325633412283,0.0,0.0,0.0
131.4484589099884,-0.5553255049523054,0.30932242586878467,-2.4674478181969373,0.0,0.0,0.0
131.48246049880981,-0.5599462984337694,0.30558981276612907,-2.4574780420921294,0.0,0.0,0.0
131.51637077331543,-0.5645266858080942,0.30181386211083994,-2.447582559966908,0.0,0.0,0.0
131.55042266845703,-0.5690761228945448,0.29798775586601944,-2.4377725626979414,0.0,0.0,0.0
131.58432841300964,-0.5736192726822067,0.29408978771705013,-2.427856918488487,0.0,0.0,0.0
131.6185178756714,-0.5781424102585035,0.29013018746594316,-2.4178861674180716,0.0,0.0,0.0
131.65260124206543,-0.5826070724137399,0.2861434250050635,-2.408140023911592,0.0,0.0,0.0
131.68643140792847,-0.5870611383758575,0.28208707238020164,-2.398302830735515,0.0,0.0,0.0
131.72047090530396,-0.5915034913163836,0.27796029980528814,-2.3883674089385734,0.0,0.0,0.0
131.75428414344788,-0.5959051714526642,0.2737891603325649,-2.3784841890702233,0.0,0.0,0.0
131.78862810134888,-0.6002688709613229,0.2695720049009694,-2.3687073529490874,0.0,0.0,0.0
131.82275891304016,-0.6046170193464978,0.2652865078031114,-2.3588431338065208,0.0,0.0,0.0
131.87334990501404,-0.611052807664647,0.258785810207868,-2.3442197058088765,0.0,0.0,0.0
131.90724325180054,-0.6153130969818347,0.25437660050168504,-2.334453693608738,0.0,0.0,0.0
131.94157886505127,-0.6195557420924321,0.24989852498963902,-2.324594127444609,0.0,0.0,0.0
131.97554397583008,-0.6237486390374524,0.2453848223307424,-2.3148243709758254,0.0,0.0,0.0
132.00960302352905,-0.627903310434027,0.24082434782582676,-2.3051331586234016,0.0,0.0,0.0
132.04379606246948,-0.6320385789557338,0.236195416151465,-2.2953465620047813,0.0,0.0,0.0
132.07780838012695,-0.6361493805382646,0.23150180656763494,-2.2854789814896836,0.0,0.0,0.0
132.12889623641968,-0.6422117173139134,0.22440756606327497,-2.270986468010473,0.0,0.0,0.0
132.1794502735138,-0.648106248449661,0.21730449672390953,-2.256585518758711,0.0,0.0,0.0
132.2136092185974,-0.6520412729761141,0.21244517618937547,-2.2469917128804044,0.0,0.0,0.0
132.24780535697937,-0.6559552466931193,0.20751552632603656,-2.237310513184404,0.0,0.0,0.0
132.29885530471802,-0.6617765984026859,0.19999719586130643,-2.2226189517205817,0.0,0.0,0.0
132.34957790374756,-0.6674765857085546,0.19241017148121345,-2.208213996714462,0.0,0.0,0.0
132.38399195671082,-0.6712467449713392,0.18726370707915446,-2.1984864990304662,0.0,0.0,0.0
132.41871333122253,-0.6749837808568039,0.18205654339707095,-2.188685767027628,0.0,0.0,0.0
132.46856713294983,-0.6804764980897036,0.1742044017881115,-2.174299871419559,0.0,0.0,0.0
132.50281953811646,-0.6841028233437553,0.16888510676522442,-2.164600311314512,0.0,0.0,0.0
132.55353689193726,-0.689438342601954,0.16085195913170192,-2.1502133263005407,0.0,0.0,0.0
132.58750176429749,-0.6929473830221659,0.15542919919330278,-2.140621090053718,0.0,0.0,0.0
132.62168669700623,-0.696426420805853,0.14993740973334369,-2.13092496115337,0.0,0.0,0.0
132.6558496952057,-0.6998453836046225,0.14442323193342324,-2.1213291235976235,0.0,0.0,0.0
132.7069058418274,-0.7048909840804182,0.13606451302992312,-2.106999536926242,0.0,0.0,0.0
132.75765442848206,-0.7098556870609115,0.12756493428823695,-2.0924702840881286,0.0,0.0,0.0
132.79147124290466,-0.7130866853230012,0.12187770016838093,-2.082982906088609,0.0,0.0,0.0
132.82571291923523,-0.7162812780003064,0.11612781725878449,-2.0734245689081896,0.0,0.0,0.0
132.85980701446533,-0.7194386437939672,0.11031398049089322,-2.0637601134052956,0.0,0.0,0.0
132.89436435699463,-0.7225228834022315,0.10450322385391524,-2.0543359431455386,0.0,0.0,0.0
132.9287188053131,-0.7256602394530767,0.09845286275526209,-2.044549004847435,0.0,0.0,0.0
132.9625482559204,-0.7286690303596467,0.09251010441196779,-2.0349413315178433,0.0,0.0,0.0
132.99660658836365,-0.7316124256944179,0.08655580592189457,-2.025456248945094,0.0,0.0,0.0
133.03084421157837,-0.7345057868386704,0.08056107203226091,-2.0160247442158723,0.0,0.0,0.0
133.06472539901733,-0.737359287843111,0.07450284871844862,-2.006492228657166,0.0,0.0,0.0
133.0986728668213,-0.7401710725416765,0.0683816368788394,-1.9968544150479832,0.0,0.0,0.0
133.1326606273651,-0.7429093798079951,0.06226750815804478,-1.9874480135616384,0.0,0.0,0.0
133.1665370464325,-0.7456068523084419,0.05608893047606309,-1.9779644033656285,0.0,0.0,0.0
133.20047283172607,-0.7482607862917644,0.049848505096863414,-1.968384056994309,0.0,0.0,0.0
133.2346785068512,-0.7508530349026225,0.04358721617422377,-1.958855527020176,0.0,0.0,0.0
133.26876997947693,-0.753387061633903,0.037299388728413714,-1.949442119533289,0.0,0.0,0.0
133.30260801315308,-0.7558767140679572,0.030948824349916554,-1.9399260805087828,0.0,0.0,0.0
133.33650946617126,-0.7583021888292725,0.024584726522338264,-1.9304956193654705,0.0,0.0,0.0
133.37061643600464,-0.7606711202322707,0.01818968496647517,-1.921138371551375,0.0,0.0,0.0
133.40453362464905,-0.7629951179157906,0.01172987979348498,-1.9116661717786547,0.0,0.0,0.0
133.43856000900269,-0.7652671811317354,0.005220679548497093,-1.902118056646743,0.0,0.0,0.0
133.47243928909302,-0.7674670600355453,-0.001278096305417582,-1.8927955681048527,0.0,0.0,0.0
133.50648832321167,-0.7696201677059331,-0.007840422553005951,-1.8833784607234783,0.0,0.0,0.0
133.5405945777893,-0.7717223771113162,-0.014458458831731646,-1.873868902797264,0.0,0.0,0.0
133.57560014724731,-0.773759081792716,-0.02108776333795414,-1.8644347911324317,0.0,0.0,0.0
133.6257824897766,-0.7767054707408577,-0.03109408485560211,-1.8503756753022225,0.0,0.0,0.0
133.65949940681458,-0.7786013150556865,-0.03782405148253163,-1.8409050455389862,0.0,0.0,0.0
133.69357585906982,-0.780425907967185,-0.04454120470829626,-1.8316537515059912,0.0,0.0,0.0
133.72755670547485,-0.7821994698603703,-0.05131902103944362,-1.8223030914621852,0.0,0.0,0.0
133.76160597801208,-0.7839196968490034,-0.05815490028361766,-1.8128434546190746,0.0,0.0,0.0
133.79553866386414,-0.7855722804471699,-0.06499422683291359,-1.8034684808730115,0.0,0.0,0.0
133.82954716682434,-0.7871629906015469,-0.07185660024131887,-1.794176879695012,0.0,0.0,0.0
133.86366438865662,-0.7886987971703627,-0.07877531355832555,-1.7847813734822822,0.0,0.0,0.0
133.89769864082336,-0.7901761697581265,-0.08574100671924716,-1.7752981341644773,0.0,0.0,0.0
133.9318449497223,-0.791580977602176,-0.09268467614223987,-1.7660378703632722,0.0,0.0,0.0
133.96585059165955,-0.7929294925090812,-0.09968395754018668,-1.7567007037936877,0.0,0.0,0.0
134.00065684318542,-0.7942174463370927,-0.10672393270974892,-1.7472831780936249,0.0,0.0,0.0
134.05052304267883,-0.796021297765581,-0.11727444095327327,-1.733459268117076,0.0,0.0,0.0
134.08453702926636,-0.7971509468165062,-0.12437583282356772,-1.7241173426339227,0.0,0.0,0.0
134.11846041679382,-0.7982188391752851,-0.13152070588433545,-1.714686290710418,0.0,0.0,0.0
134.15283918380737,-0.7992146569013425,-0.13863667032318341,-1.705479245627893,0.0,0.0,0.0
134.18739914894104,-0.8001504976913822,-0.1458056416026694,-1.6961980317392409,0.0,0.0,0.0
134.22105526924133,-0.8010246477055513,-0.15302666687699243,-1.6868059622868907,0.0,0.0,0.0
134.2716076374054,-0.8022074075955747,-0.16385811814499954,-1.6728676898262926,0.0,0.0,0.0
134.30580043792725,-0.8029153247530568,-0.17111849311939295,-1.6635839069782135,0.0,0.0,0.0
134.3568696975708,-0.8038521273484068,-0.18204177867873544,-1.6496377730363925,0.0,0.0,0.0
134.39068031311035,-0.8043925653931514,-0.18932866001136395,-1.6404747254132768,0.0,0.0,0.0
134.42533779144287,-0.8048689131072602,-0.19666860042338674,-1.631191518487485,0.0,0.0,0.0
134.4587996006012,-0.8052784745327927,-0.20404309556578937,-1.6218258384850663,0.0,0.0,0.0
134.49288773536682,-0.805618221098595,-0.21139011578005446,-1.6126623770397985,0.0,0.0,0.0
134.52678394317627,-0.8058919104484308,-0.21877832706557718,-1.6034389848492345,0.0,0.0,0.0
134.56074810028076,-0.8060982400756767,-0.22621060730828135,-1.5941135421856203,0.0,0.0,0.0
134.59498763084412,-0.8062350310410165,-0.23363245197979413,-1.584848293118587,0.0,0.0,0.0
134.6295566558838,-0.8063047525353622,-0.24128472961536823,-1.5754116541524819,0.0,0.0,0.0
134.6643931865692,-0.806302956843655,-0.24876030701015342,-1.5661490128405806,0.0,0.0,0.0
134.7148015499115,-0.8061698346639543,-0.25999698119251513,-1.5522345418437213,0.0,0.0,0.0
134.76549243927002,-0.8058812663273119,-0.2712444439592684,-1.538483220684768,0.0,0.0,0.0
134.7994682788849,-0.8056010978824324,-0.2787820070224815,-1.529200020409053,0.0,0.0,0.0
134.83362340927124,-0.8052535896289582,-0.28627733081813017,-1.5201464872092751,0.0,0.0,0.0
134.867604970932,-0.8048349618563415,-0.2938201578387903,-1.5109922492729395,0.0,0.0,0.0
134.90158820152283,-0.8043442887519208,-0.3013992260316442,-1.501736233470176,0.0,0.0,0.0
134.93611073493958,-0.8037845723907977,-0.3089669227463555,-1.4925186303818496,0.0,0.0,0.0
134.96962070465088,-0.8031547462952091,-0.3165338584193594,-1.483417756252488,0.0,0.0,0.0
135.00365662574768,-0.8024514474644535,-0.3241402150204455,-1.4742051779023764,0.0,0.0,0.0
135.03751850128174,-0.8016745284380654,-0.33177465117962346,-1.4648950528040074,0.0,0.0,0.0
135.07164430618286,-0.8008322417472266,-0.33936041075375545,-1.4558156636142705,0.0,0.0,0.0
135.10570883750916,-0.7999149540335692,-0.3469827675466516,-1.4466648961777007,0.0,0.0,0.0
135.13962578773499,-0.7989237088114843,-0.35462804695520456,-1.4374261828383843,0.0,0.0,0.0
135.1737470626831,-0.7978685649021188,-0.3622245638477536,-1.4284078300871648,0.0,0.0,0.0
135.2245352268219,-0.7961424379812031,-0.37368908990411276,-1.4147091934830784,0.0,0.0,0.0
135.25848412513733,-0.7948969656296277,-0.38136207606726136,-1.4054595423739171,0.0,0.0,0.0
135.2928388118744,-0.7935888264737233,-0.38898438383471406,-1.3964257520171648,0.0,0.0,0.0
135.32659649848938,-0.7922028596316094,-0.39663870950133495,-1.3873206453819125,0.0,0.0,0.0
135.36069583892822,-0.7907382464755834,-0.40432510405489486,-1.3781026101233333,0.0,0.0,0.0
135.39495086669922,-0.7892071987825217,-0.41198047002743937,-1.368970980057586,0.0,0.0,0.0
135.4455943107605,-0.7867725993965747,-0.4234687910469385,-1.3553543871528608,0.0,0.0,0.0
135.4795277118683,-0.7850535223381483,-0.4311489018567813,-1.3461664641199582,0.0,0.0,0.0
135.5135657787323,-0.783273648816398,-0.43877595380196716,-1.3372102944661155,0.0,0.0,0.0
135.54782223701477,-0.7814133492900643,-0.4464335076208236,-1.328146577655368,0.0,0.0,0.0
135.58157634735107,-0.779471688074306,-0.454119685327524,-1.3189664563788144,0.0,0.0,0.0
135.61581540107727,-0.7774647855089054,-0.46177117028980075,-1.3098784502396559,0.0,0.0,0.0
135.64965653419495,-0.7753855308751031,-0.46941402869101034,-1.300863726214745,0.0,0.0,0.0
135.6837649345398,-0.7732249869581378,-0.4770805578947793,-1.2917418061317232,0.0,0.0,0.0
135.71782398223877,-0.7709827333281644,-0.4847662234944604,-1.2825176064701198,0.0,0.0,0.0
135.7516827583313,-0.7686854461247161,-0.4923841510569722,-1.2735212855476779,0.0,0.0,0.0
135.78590393066406,-0.7663051116655731,-0.5000249449112583,-1.2644599170693533,0.0,0.0,0.0
135.8197627067566,-0.7638446056809776,-0.5076771071271738,-1.255304968137115,0.0,0.0,0.0
135.85367035865784,-0.7614043238910227,-0.5150423434434923,-1.246650202224773,0.0,0.0,0.0
135.8877305984497,-0.7588050151706838,-0.5226595116929589,-1.2376187626327568,0.0,0.0,0.0
135.92165207862854,-0.7561200762128035,-0.5302994529663291,-1.2284571740170778,0.0,0.0,0.0
135.95567846298218,-0.7533692976718588,-0.5379051339198353,-1.2193590951412894,0.0,0.0,0.0
135.9896023273468,-0.7505503479665198,-0.5454834448465887,-1.2103823774897915,0.0,0.0,0.0
136.0238070487976,-0.7476476357653485,-0.5530764556431373,-1.2013016967738765,0.0,0.0,0.0
136.05772757530212,-0.7446608980128435,-0.5606802716824865,-1.192114871990969,0.0,0.0,0.0
136.0915744304657,-0.741621167301608,-0.5682186858587518,-1.1831663056743948,0.0,0.0,0.0
136.1256604194641,-0.7384958918018689,-0.5757715069704278,-1.1741272415566184,0.0,0.0,0.0
136.1601972579956,-0.7352901803000939,-0.5833239064743753,-1.165003546649445,0.0,0.0,0.0
136.1938190460205,-0.7320330515859843,-0.5908102461983159,-1.1561186112985755,0.0,0.0,0.0
136.2280490398407,-0.7286888445794373,-0.5983117943761623,-1.147127765251599,0.0,0.0,0.0
136.2622218132019,-0.7252579615782442,-0.6058242437855462,-1.1380226760296228,0.0,0.0,0.0
136.3126139640808,-0.7199941343619467,-0.6170137253624026,-1.1245385323337236,0.0,0.0,0.0
136.3467390537262,-0.716387585153592,-0.6244619523203094,-1.1155421852120864,0.0,0.0,0.0
136.38052988052368,-0.7127028017246841,-0.631899893096185,-1.1064796513477928,0.0,0.0,0.0
136.41469049453735,-0.7089677947666772,-0.639272895814566,-1.0976408439042589,0.0,0.0,0.0
136.44881129264832,-0.7051452550730309,-0.6466546826318955,-1.088690317740814,0.0,0.0,0.0
136.48269987106323,-0.7012339377629744,-0.6540441379278915,-1.0796231764102164,0.0,0.0,0.0
136.51671290397644,-0.6972665222557636,-0.6613789346551728,-1.0706625555917317,0.0,0.0,0.0
136.55088877677917,-0.6932272607871429,-0.6686897561552975,-1.0617588227834673,0.0,0.0,0.0
136.5848412513733,-0.6890985051149346,-0.6760068291844731,-1.0527332279134107,0.0,0.0,0.0
136.63562321662903,-0.6827713521263626,-0.6869296250312581,-1.0391914258074395,0.0,0.0,0.0
136.66958260536194,-0.6784724404984345,-0.6941629182894847,-1.0302849822475535,0.0,0.0,0.0
136.70422554016113,-0.6740837090692309,-0.7013988494042164,-1.0212600420747648,0.0,0.0,0.0
136.73816061019897,-0.6696097395169215,-0.7086264954677058,-1.0121373730622225,0.0,0.0,0.0
136.77275133132935,-0.6649619095314959,-0.7159843501669729,-1.0030052090487167,0.0,0.0,0.0
136.80694007873535,-0.660357903469383,-0.7231287602782881,-0.9940513689197295,0.0,0.0,0.0
136.8577196598053,-0.653326779472935,-0.7337755376830266,-0.9806534417420203,0.0,0.0,0.0
136.89159846305847,-0.6485590703470121,-0.7408238201064118,-0.971812724305952,0.0,0.0,0.0
136.92605113983154,-0.6436995100133219,-0.7478718482764847,-0.9628441437145783,0.0,0.0,0.0
136.96129250526428,-0.6386059480975448,-0.7551164321305622,-0.9535056065104985,0.0,0.0,0.0
136.9945945739746,-0.633602778461456,-0.7620952768827557,-0.9445261715656099,0.0,0.0,0.0
137.04584288597107,-0.6259672372613578,-0.7724994728726172,-0.9311672995918875,0.0,0.0,0.0
137.0966215133667,-0.6181701484882959,-0.7828301616029257,-0.9177680837248148,0.0,0.0,0.0
137.13063979148865,-0.6128964737619929,-0.7896588614251436,-0.9089410337662243,0.0,0.0,0.0
137.1646649837494,-0.607530152868229,-0.7964812808232646,-0.8999855861797548,0.0,0.0,0.0
137.19882488250732,-0.6020823054105114,-0.8032804361829756,-0.8909438724993083,0.0,0.0,0.0
137.23308944702148,-0.5966040471731605,-0.8099940792436302,-0.8821545426904251,0.0,0.0,0.0
137.28396844863892,-0.5882131257532149,-0.8200475844267889,-0.8687562893188849,0.0,0.0,0.0
137.3175973892212,-0.5825139621159962,-0.8267221231718523,-0.8597039852808432,0.0,0.0,0.0
137.35177659988403,-0.576786890719988,-0.8333093181025951,-0.8509016655937369,0.0,0.0,0.0
137.38641810417175,-0.5709688595841667,-0.8398828214360103,-0.8420022407844117,0.0,0.0,0.0
137.42002654075623,-0.5650600068244817,-0.8464396331404499,-0.8329855085761269,0.0,0.0,0.0
137.4708321094513,-0.5560974576872124,-0.8561629920064429,-0.8196142246137516,0.0,0.0,0.0
137.5049023628235,-0.5500316817517502,-0.8625989753597969,-0.8107089841593664,0.0,0.0,0.0
137.53862595558167,-0.5438871918386138,-0.8690026176147827,-0.8017203185569882,0.0,0.0,0.0
137.57282137870789,-0.5377180483592352,-0.8753189637858871,-0.7929787811400525,0.0,0.0,0.0
137.6070363521576,-0.5314599116661921,-0.8816147725800892,-0.7841354901840635,0.0,0.0,0.0
137.64090847969055,-0.5251133155774473,-0.8878869262498115,-0.7751777057270476,0.0,0.0,0.0
137.69160103797913,-0.515507959450177,-0.8971702516388976,-0.7619182227908913,0.0,0.0,0.0
137.72641825675964,-0.5090118567357639,-0.9033116179205241,-0.7530647516048831,0.0,0.0,0.0
137.75968742370605,-0.502436927245939,-0.9094175126769369,-0.7441171024399365,0.0,0.0,0.0
137.79361510276794,-0.4958407103261084,-0.915435667005528,-0.7354141874632139,0.0,0.0,0.0
137.82791185379028,-0.48915359041272705,-0.9214303090870081,-0.7265924444271052,0.0,0.0,0.0
137.86155557632446,-0.48237886200201974,-0.927395871845638,-0.7176564908140896,0.0,0.0,0.0
137.89576530456543,-0.47556231392639725,-0.933290968254819,-0.7087899871943925,0.0,0.0,0.0
137.93037581443787,-0.46869142338237174,-0.9391283895278716,-0.7000255071679785,0.0,0.0,0.0
137.9638192653656,-0.4617341607524558,-0.9449343333350066,-0.6911484969053215,0.0,0.0,0.0
138.01464366912842,-0.45117661230727557,-0.9535468513530606,-0.6777956209952586,0.0,0.0,0.0
138.04857206344604,-0.44407597232641394,-0.959210061546728,-0.6690122749265445,0.0,0.0,0.0
138.08343124389648,-0.43688599004221057,-0.9648412020766458,-0.6601056422860461,0.0,0.0,0.0
138.1170735359192,-0.42966667854940094,-0.9703925855918963,-0.6513068271548454,0.0,0.0,0.0
138.1510980129242,-0.4223924992108803,-0.9758857244488102,-0.6425804257635148,0.0,0.0,0.0
138.18466353416443,-0.41502619769753407,-0.9813473974099057,-0.6337192470312282,0.0,0.0,0.0
138.218647480011,-0.40758277754954736,-0.9867641212942635,-0.6247636922264396,0.0,0.0,0.0
138.2526557445526,-0.4001346870406838,-0.9920842784386085,-0.6160581439731219,0.0,0.0,0.0
138.28703594207764,-0.39259728846165926,-0.9973692821919169,-0.6072537550321199,0.0,0.0,0.0
138.32142090797424,-0.38498956768657766,-1.002603658203157,-0.5983595962359273,0.0,0.0,0.0
138.37182569503784,-0.37353018908105934,-1.010304868172506,-0.5853412017709598,0.0,0.0,0.0
138.4059112071991,-0.36577944372706744,-1.0153915616068958,-0.5765067068483987,0.0,0.0,0.0
138.45660734176636,-0.35405268587211697,-1.0229029367099918,-0.5632421349634564,0.0,0.0,0.0
138.49064302444458,-0.3461841691852992,-1.0278222942247155,-0.5545267303883152,0.0,0.0,0.0
138.52471542358398,-0.3382298785833019,-1.0326987230466915,-0.545687828147623,0.0,0.0,0.0
138.55886101722717,-0.3301982580835618,-1.0375247299575676,-0.5367351694547471,0.0,0.0,0.0
138.60960698127747,-0.3181188434134117,-1.0446031956070976,-0.5236606842170282,0.0,0.0,0.0
138.64373397827148,-0.3099607843139787,-1.0492643351828306,-0.5148053083488799,0.0,0.0,0.0
138.67789459228516,-0.30172270367761034,-1.0538742627994702,-0.5058367181397435,0.0,0.0,0.0
138.71162915229797,-0.2937376535592886,-1.0582516438205345,-0.4973821516760118,0.0,0.0,0.0
138.74557995796204,-0.28518627065252855,-1.0628428110346577,-0.488343680915096,0.0,0.0,0.0
138.77950477600098,-0.2768056206417568,-1.067245875531421,-0.47945266011388793,0.0,0.0,0.0
138.81395196914673,-0.2684300471628641,-1.0715531645978096,-0.47082129294273295,0.0,0.0,0.0
138.86468720436096,-0.2557021270646883,-1.0779242181891477,-0.4576291795822895,0.0,0.0,0.0
138.8985984325409,-0.24712752480528835,-1.0820982750100605,-0.4487086708396612,0.0,0.0,0.0
138.93261861801147,-0.23856549456991497,-1.0861734748049232,-0.4400461874439065,0.0,0.0,0.0
138.96739101409912,-0.2299229292322186,-1.0901951869551894,-0.4312941928419488,0.0,0.0,0.0
139.0008099079132,-0.22119989813428448,-1.094161176598273,-0.42241965697593886,0.0,0.0,0.0
139.05184531211853,-0.20807114559099243,-1.0999559047535434,-0.40927063310043504,0.0,0.0,0.0
139.08571672439575,-0.19924592642506175,-1.1037367391093704,-0.4004992860491394,0.0,0.0,0.0
139.12065482139587,-0.1903601611772814,-1.107451006715665,-0.3916394355767687,0.0,0.0,0.0
139.17054438591003,-0.17701848387805463,-1.1128578620510594,-0.37867744011496984,0.0,0.0,0.0
139.2046253681183,-0.16802421904433784,-1.116389432130089,-0.3698901831036721,0.0,0.0,0.0
139.23866629600525,-0.15896857988797974,-1.1198530103476736,-0.3610080296622114,0.0,0.0,0.0
139.27278423309326,-0.14993045608105796,-1.1232194749022928,-0.35237979194970465,0.0,0.0,0.0
139.30716609954834,-0.14081633095402296,-1.1265245978742227,-0.343657212752157,0.0,0.0,0.0
139.35767889022827,-0.12701432853705305,-1.1313585046013062,-0.3303586380450858,0.0,0.0,0.0
139.3917019367218,-0.11781310653597807,-1.1344679553791956,-0.321704126195171,0.0,0.0,0.0
139.42609643936157,-0.1085378361165285,-1.1375129847951653,-0.3129616279147458,0.0,0.0,0.0
139.460755109787,-0.0989111704641441,-1.140578267521002,-0.3038308090553536,0.0,0.0,0.0
139.4948856830597,-0.0895536290509415,-1.143465413561536,-0.2950383465450844,0.0,0.0,0.0
139.52890634536743,-0.08017055645897932,-1.1462714520308723,-0.2863771423338465,0.0,0.0,0.0
139.56272959709167,-0.07071700102894597,-1.149008912414223,-0.2775998750515636,0.0,0.0,0.0
139.59661722183228,-0.06126826586971893,-1.151655491337381,-0.26892370382091707,0.0,0.0,0.0
139.63157176971436,-0.05178369610693391,-1.1542243600427087,-0.2603173217956634,0.0,0.0,0.0
139.66559386253357,-0.04194827633874803,-1.1567955541013781,-0.25133044712239705,0.0,0.0,0.0
139.69996094703674,-0.03233605456977908,-1.1592169975125362,-0.2424945998109045,0.0,0.0,0.0
139.73403906822205,-0.022752051410968404,-1.1615427960766385,-0.2339117381286994,0.0,0.0,0.0
139.7846221923828,-0.008240905678956386,-1.164898585616117,-0.2208322274950818,0.0,0.0,0.0
139.818767786026,0.001501965994771623,-1.1670392186059428,-0.2119808578189542,0.0,0.0,0.0
139.85371351242065,0.011499606544387062,-1.1691432010205687,-0.2031315893264599,0.0,0.0,0.0
139.88783264160156,0.0212847485359939,-1.171113144885811,-0.19442591304955528,0.0,0.0,0.0
139.92191243171692,0.031128768661177614,-1.1730053284214632,-0.18562290129591236,0.0,0.0,0.0
139.95564007759094,0.04096933686250207,-1.174807190352284,-0.17689082652410368,0.0,0.0,0.0
139.98999905586243,0.05083167714705919,-1.1765251321303996,-0.16826518957762915,0.0,0.0,0.0
140.02370238304138,0.060756542325763205,-1.1781652421674589,-0.1595216413699028,0.0,0.0,0.0
140.05763053894043,0.07074279265743734,-1.1797251775349928,-0.150640924309994,0.0,0.0,0.0
140.0922737121582,0.08068485095385315,-1.181189030942772,-0.1420175024565559,0.0,0.0,0.0
140.1426784992218,0.09571075611863038,-1.1832356402789097,-0.12894466342424643,0.0,0.0,0.0
140.1768250465393,0.10573431765664014,-1.1844894790421756,-0.12025091289511725,0.0,0.0,0.0
140.21072435379028,0.11577527318026387,-1.1856579395515927,-0.11167199733646092,0.0,0.0,0.0
140.24469876289368,0.12588009162940367,-1.1867453120523606,-0.10295842360003543,0.0,0.0,0.0
140.27888417243958,0.13604379962211088,-1.1877488645740968,-0.09412220011852855,0.0,0.0,0.0
140.33008694648743,0.15127745530075076,-1.1890837583025193,-0.0810264638805141,0.0,0.0,0.0
140.36384963989258,0.16146737425362337,-1.1898655069038764,-0.07233352131181668,0.0,0.0,0.0
140.3982288837433,0.17171033131288418,-1.1905610779191194,-0.06351454353889857,0.0,0.0,0.0
140.43185901641846,0.18190160939377406,-1.1911639267520155,-0.05493096865081542,0.0,0.0,0.0
140.46557521820068,0.19214738868207842,-1.1916817609686736,-0.046287871622933914,0.0,0.0,0.0
140.49993920326233,0.20243714603649474,-1.1921119858385705,-0.0375252593471549,0.0,0.0,0.0
140.55058097839355,0.21781481752944593,-1.1925886610715841,-0.024704517800495727,0.0,0.0,0.0
140.58503317832947,0.22813976834500757,-1.1927977477887406,-0.01602146277547427,0.0,0.0,0.0
140.61886930465698,0.23849617630797418,-1.1929169809799027,-0.0072428468876691255,0.0,0.0,0.0
140.6533179283142,0.2488070427446356,-1.1929462634292936,0.0013019361418140985,0.0,0.0,0.0
140.70364141464233,0.2643663134534871,-1.1928233592365396,0.014290779547468232,0.0,0.0,0.0
140.73764419555664,0.2747996774010405,-1.1926270146807603,0.02311133502512738,0.0,0.0,0.0
140.77171182632446,0.2851695034995626,-1.1923414765771077,0.03171540953039219,0.0,0.0,0.0
140.80574250221252,0.2955890428871016,-1.1919646758045226,0.04035755766057901,0.0,0.0,0.0
140.8400800228119,0.3060349921150707,-1.1914961051256057,0.049099580266710297,0.0,0.0,0.0
140.87373566627502,0.3164271266448841,-1.1909400867747681,0.05760095437826702,0.0,0.0,0.0
140.90788412094116,0.32686981130798687,-1.1902916827658518,0.06620131500015625,0.0,0.0,0.0
140.94162273406982,0.3373606908551918,-1.1895489185985617,0.07494417391549334,0.0,0.0,0.0
140.97568607330322,0.34781541495545987,-1.1887176005680333,0.08360263912608253,0.0,0.0,0.0
141.00954627990723,0.3582752774611857,-1.1877948365360464,0.09216129334325425,0.0,0.0,0.0
141.04366636276245,0.3687792182008366,-1.1867768459963137,0.10085066290235936,0.0,0.0,0.0
141.07769417762756,0.3793142351404177,-1.1856628122907817,0.10965569781783599,0.0,0.0,0.0
141.11172366142273,0.3897793718904891,-1.1844649015187303,0.11820569247580853,0.0,0.0,0.0
141.1459105014801,0.4002868001939583,-1.1831699321912925,0.12683017497385266,0.0,0.0,0.0
141.1799829006195,0.41083663301582085,-1.1817765132998095,0.1355913461544566,0.0,0.0,0.0
141.2138340473175,0.42135854757502733,-1.1802939705549307,0.14430356768264724,0.0,0.0,0.0
141.247652053833,0.43186920650749616,-1.1787194217244454,0.1528798930339072,0.0,0.0,0.0
141.28172302246094,0.44241705597198927,-1.1770459912349165,0.16158418463735946,0.0,0.0,0.0
141.31595611572266,0.45292397838808607,-1.1752864463718373,0.17021092137443103,0.0,0.0,0.0
141.3504979610443,0.4634184859134531,-1.1734355511930292,0.17871975619741134,0.0,0.0,0.0
141.38461589813232,0.47426087728738914,-1.171425862756647,0.18762272106524638,0.0,0.0,0.0
141.41884207725525,0.48481458867672994,-1.1693730566061276,0.19637963629213992,0.0,0.0,0.0
141.4527223110199,0.4952953344969245,-1.1672414642185391,0.20489661886557659,0.0,0.0,0.0
141.48665523529053,0.5058089535917406,-1.1650082891410085,0.21349015893325304,0.0,0.0,0.0
141.52067160606384,0.5163554098762041,-1.1626725027500409,0.2222170451578646,0.0,0.0,0.0
141.55494236946106,0.5268689693610938,-1.160248545687401,0.23091387269915814,0.0,0.0,0.0
141.58936738967896,0.5373567470688136,-1.1577343420853394,0.23945116185063162,0.0,0.0,0.0
141.63988661766052,0.5531228097403288,-1.153774816036875,0.25246786903062174,0.0,0.0,0.0
141.69053649902344,0.5687850232176414,-1.1496273403023503,0.26517774770787317,0.0,0.0,0.0
141.72482061386108,0.579264197994998,-1.1467317737625802,0.2738019590589207,0.0,0.0,0.0
141.75980496406555,0.5897492542688836,-1.1437366364784884,0.28252850707689964,0.0,0.0,0.0
141.79280948638916,0.6001609182035356,-1.1406658873423468,0.29100042280591404,0.0,0.0,0.0
141.82659077644348,0.6106033114409243,-1.1374882450774015,0.2995959233016596,0.0,0.0,0.0
141.86096215248108,0.6210511186591503,-1.134209910115859,0.3082977653322973,0.0,0.0,0.0
141.89495754241943,0.63141250129305,-1.1308616464425434,0.31674501339633276,0.0,0.0,0.0
141.92898082733154,0.6418038438732131,-1.1274051100002505,0.3253019010275775,0.0,0.0,0.0
141.9628200531006,0.6522135047243035,-1.1238425202415963,0.3339891657006458,0.0,0.0,0.0
141.99703526496887,0.6625617959826599,-1.1202012849260081,0.3425706382843402,0.0,0.0,0.0
142.04759097099304,0.6780635570330209,-1.114559173437848,0.35537636726577776,0.0,0.0,0.0
142.0815405845642,0.6884257637688173,-1.1106607193101932,0.3641015427363405,0.0,0.0,0.0
142.1155560016632,0.6987210316359229,-1.1066856994731333,0.37270992492237365,0.0,0.0,0.0
142.14988493919373,0.708992014907635,-1.1026182449162694,0.38122495413368057,0.0,0.0,0.0
142.18391394615173,0.7192811422073861,-1.098441042687187,0.38988637379140223,0.0,0.0,0.0
142.21884298324585,0.7295686399421828,-1.0941596216917608,0.3986551168205554,0.0,0.0,0.0
142.26899313926697,0.7448752868973486,-1.0875957978750561,0.41144375147724876,0.0,0.0,0.0
142.30272126197815,0.755091439543248,-1.0830840421484078,0.42010994071158536,0.0,0.0,0.0
142.33679866790771,0.7652492844330546,-1.0784931216483988,0.42871130559648285,0.0,0.0,0.0
142.37071752548218,0.775369551182934,-1.073814390281673,0.4371925403570681,0.0,0.0,0.0
142.40517020225525,0.785497779498521,-1.0690265031245592,0.4458078133568525,0.0,0.0,0.0
142.43869423866272,0.795321775895338,-1.0642792159393926,0.45428081528053676,0.0,0.0,0.0
142.4729163646698,0.8056495488947902,-1.0591793095169673,0.46300113525077924,0.0,0.0,0.0
142.50707578659058,0.8156908098049589,-1.054111656032682,0.4715860183528778,0.0,0.0,0.0
142.5576822757721,0.8307397049307351,-1.0463111096235942,0.4846762534548925,0.0,0.0,0.0
142.59175825119019,0.8406712615934955,-1.0410270904866425,0.4931579947411003,0.0,0.0,0.0
142.64290356636047,0.8555713947981198,-1.0328930915348817,0.506064685186209,0.0,0.0,0.0
142.67680859565735,0.8654408735448205,-1.027366841284379,0.5146423446272438,0.0,0.0,0.0
142.71077966690063,0.8752699875256372,-1.0217524364401507,0.5231199853891229,0.0,0.0,0.0
142.74476146697998,0.8850930344597503,-1.0160297799660256,0.5317170034871154,0.0,0.0,0.0
142.7787823677063,0.894896694983477,-1.0102041831548614,0.5404206345501511,0.0,0.0,0.0
142.81333088874817,0.9046035284988463,-1.00432357452326,0.5488485408330568,0.0,0.0,0.0
142.86389470100403,0.9191592243310717,-0.9952915948250313,0.5617272576141354,0.0,0.0,0.0
142.91456723213196,0.9336339022902764,-0.9860480049499339,0.5746906646150749,0.0,0.0,0.0
142.9486644268036,0.9432107627972084,-0.9797868807153571,0.5831828491609067,0.0,0.0,0.0
142.98273873329163,0.9527832552407645,-0.9734108649756075,0.591827947205221,0.0,0.0,0.0
143.01663994789124,0.9622711968520068,-0.9669727523831738,0.6003423604468525,0.0,0.0,0.0
143.05084872245789,0.9717143148853963,-0.9604476378057367,0.6087905346914801,0.0,0.0,0.0
143.08463215827942,0.9811475035003936,-0.953809982970539,0.6173823917541865,0.0,0.0,0.0
143.11865544319153,0.9905508123006267,-0.9470709148437519,0.6260792012408867,0.0,0.0,0.0
143.15304327011108,0.9998507769963557,-0.9402849582418408,0.6344989850967656,0.0,0.0,0.0
143.18778800964355,1.0094137285611289,-0.9331800076250294,0.6432967092575711,0.0,0.0,0.0
143.22187519073486,1.018682315434903,-0.9261672831047935,0.6519647173305435,0.0,0.0,0.0
143.2555787563324,1.027869676172544,-0.9190903554847487,0.6605391986214594,0.0,0.0,0.0
143.28980684280396,1.036999781380418,-0.9119331106960608,0.6690022676941421,0.0,0.0,0.0
143.32446789741516,1.0461126475298332,-0.9046629772186011,0.6776082942766873,0.0,0.0,0.0
143.37476062774658,1.0596830978723442,-0.8935944903766937,0.6905483413428886,0.0,0.0,0.0
143.40870904922485,1.068643020355175,-0.8861258504487789,0.6990227062572091,0.0,0.0,0.0
143.442946434021,1.0775826001398772,-0.8785438118257571,0.7076407527911378,0.0,0.0,0.0
143.49355673789978,1.0908286001521867,-0.8670631110158529,0.7203508509678205,0.0,0.0,0.0
143.52762746810913,1.0996122460730129,-0.8592860916883899,0.7288588071923024,0.0,0.0,0.0
143.56185674667358,1.1083702780511553,-0.8513967103837503,0.737511893351839,0.0,0.0,0.0
143.59590029716492,1.1170342747351185,-0.8434555645478028,0.7460482796251062,0.0,0.0,0.0
143.6465880870819,1.1299311433927373,-0.8313809819708041,0.758771886369001,0.0,0.0,0.0
143.6808943748474,1.138494560758812,-0.8231897422256105,0.7674393134231773,0.0,0.0,0.0
143.73165583610535,1.151173472539786,-0.8107975211349783,0.7802203187755355,0.0,0.0,0.0
143.76577377319336,1.1595630381131836,-0.8024220016792979,0.7887456564772856,0.0,0.0,0.0
143.80067539215088,1.1679022006061932,-0.7939524929496514,0.7973726541819744,0.0,0.0,0.0
143.85052037239075,1.1802366021679296,-0.7811572240706719,0.8099586887728837,0.0,0.0,0.0
143.88461923599243,1.1884216485623862,-0.7724843426098612,0.8185350952406775,0.0,0.0,0.0
143.91864037513733,1.1965547020072396,-0.763716157589428,0.8272134668430868,0.0,0.0,0.0
143.95284938812256,1.204569975956549,-0.754925545946733,0.8356091635731177,0.0,0.0,0.0
143.98707938194275,1.212553362670445,-0.7460202291003347,0.8441261607590007,0.0,0.0,0.0
144.0208625793457,1.2204949304699284,-0.7370068166977326,0.8527803041613012,0.0,0.0,0.0
144.07166814804077,1.2322387258564906,-0.7233845940746234,0.8655767617366529,0.0,0.0,0.0
144.10565853118896,1.2399905906409434,-0.7141980953518278,0.874092122408015,0.0,0.0,0.0
144.13970732688904,1.2476865947793023,-0.7049169615804232,0.8827289167434526,0.0,0.0,0.0
144.1735908985138,1.255262904156858,-0.6956207289735117,0.8910731801153325,0.0,0.0,0.0
144.20802974700928,1.262802697269497,-0.6862091903540917,0.8995541670411151,0.0,0.0,0.0
144.25857996940613,1.2740110514078076,-0.6719065355820988,0.9125072867965677,0.0,0.0,0.0
144.29267287254333,1.2813484540988658,-0.6623345558112436,0.9208934456838416,0.0,0.0,0.0
144.32782626152039,1.2888554373125236,-0.6523661406107263,0.9296436190672109,0.0,0.0,0.0
144.36174082756042,1.2960937602066862,-0.6425782803254095,0.9382747301514353,0.0,0.0,0.0
144.39568901062012,1.3032265103170435,-0.6327574231872488,0.9467829392158245,0.0,0.0,0.0
144.42959904670715,1.3102814268356389,-0.6228701086309979,0.9551904936062208,0.0,0.0,0.0
144.46371793746948,1.3172896180257125,-0.6128694129790252,0.9637670488300243,0.0,0.0,0.0
144.49762153625488,1.3242349132198161,-0.6027739988749762,0.9724605494876927,0.0,0.0,0.0
144.53163409233093,1.331055402010694,-0.5926758817652916,0.9808732896610606,0.0,0.0,0.0
144.56577920913696,1.3378230913803302,-0.5824716146945818,0.9893781941950505,0.0,0.0,0.0
144.59986281394958,1.3445337912587554,-0.5721619318862865,0.9980296603373268,0.0,0.0,0.0
144.63397932052612,1.351140241665742,-0.5618178614777425,1.006584488899113,0.0,0.0,0.0
144.66793966293335,1.35766451393669,-0.5514099697988233,1.0150326117816357,0.0,0.0,0.0
144.71864557266235,1.3673245259088054,-0.5356275208546278,1.0279249706987148,0.0,0.0,0.0
144.7528371810913,1.3736223958830194,-0.5250882825931423,1.036258722045399,0.0,0.0,0.0
144.7876353263855,1.3798623385367212,-0.5144447559566749,1.0447056620777768,0.0,0.0,0.0
144.82100224494934,1.3860400369443868,-0.5036980835214175,1.0533045700563939,0.0,0.0,0.0
144.8715305328369,1.3951184583956338,-0.48750555180674515,1.0660509298984802,0.0,0.0,0.0
144.9056556224823,1.4010728069744223,-0.4766177362002423,1.0745363314197582,0.0,0.0,0.0
144.93993878364563,1.4069477950632274,-0.4656531059887551,1.0831267972280276,0.0,0.0,0.0
144.97363376617432,1.4127006789168683,-0.45469503214753665,1.0914341360144582,0.0,0.0,0.0
145.00782465934753,1.4183926494430716,-0.4436294880325055,1.0998761154733903,0.0,0.0,0.0
145.04168844223022,1.4240149702160243,-0.43246614422001245,1.1084645700282927,0.0,0.0,0.0
145.07556819915771,1.4295285247192688,-0.42128068090943865,1.1169704953293365,0.0,0.0,0.0
145.1098735332489,1.4349496696688273,-0.4100459121208435,1.12535307866184,0.0,0.0,0.0
145.14386129379272,1.4403008217458402,-0.39871197739233527,1.1338882373688426,0.0,0.0,0.0
145.17774510383606,1.4455726638960382,-0.38729245257735484,1.1425537511382977,0.0,0.0,0.0
145.2116003036499,1.4507202208363825,-0.37588749255053827,1.1509337365883527,0.0,0.0,0.0
145.2454595565796,1.4557971230610083,-0.36438246124896284,1.1594249830356604,0.0,0.0,0.0
145.27953267097473,1.4607880554934007,-0.3528042873367106,1.1680249860035383,0.0,0.0,0.0
145.31386923789978,1.4656538729304538,-0.3412485013226669,1.1763352467054022,0.0,0.0,0.0
145.34756517410278,1.4704491212007014,-0.3295896636081351,1.1847695396770277,0.0,0.0,0.0
145.38209438323975,1.475166062382483,-0.3178368165604546,1.1933563380848997,0.0,0.0,0.0
145.4325487613678,1.4820391629968857,-0.3001675803927525,1.2060631238593744,0.0,0.0,0.0
145.46691226959229,1.4865096966942999,-0.28830648360717104,1.214535264237158,0.0,0.0,0.0
145.50060534477234,1.4908972724892342,-0.27635690433958277,1.2231415639802077,0.0,0.0,0.0
145.5350103378296,1.4951718207055584,-0.264398039508108,1.2316676385271725,0.0,0.0,0.0
145.5690393447876,1.4993477081182698,-0.252397773754995,1.2400600222266216,0.0,0.0,0.0
145.60385417938232,1.5035580190490947,-0.2399553531771553,1.2488412868643048,0.0,0.0,0.0
145.63785767555237,1.5075579764094116,-0.2277850583860926,1.2575215560200894,0.0,0.0,0.0
145.6717505455017,1.5114312666796228,-0.21565149041730075,1.265902588900545,0.0,0.0,0.0
145.7059142589569,1.5152203515519804,-0.2034294001907367,1.274359779818134,0.0,0.0,0.0
145.73980689048767,1.5189163059651682,-0.1911374595854296,1.2829407723529158,0.0,0.0,0.0
145.77372097969055,1.5224889866659423,-0.17888045663943888,1.2912597255232383,0.0,0.0,0.0
145.80771946907043,1.525976487164643,-0.16653345071616465,1.299670983259824,0.0,0.0,0.0
145.84165573120117,1.5293739965797668,-0.1541021509422405,1.3082342296094005,0.0,0.0,0.0
145.87590193748474,1.5326568385671158,-0.1416723792506214,1.3167212700354802,0.0,0.0,0.0
145.910325050354,1.5358365734689237,-0.1292115294329165,1.3250702240553365,0.0,0.0,0.0
145.94474077224731,1.5390147449662661,-0.116297532679117,1.3338231079634135,0.0,0.0,0.0
145.97885584831238,1.5420004154549365,-0.10369343894749619,1.3424354465398243,0.0,0.0,0.0
146.012629032135,1.5448643323708535,-0.09113000009526973,1.3507515752703168,0.0,0.0,0.0
146.04692220687866,1.5476370402008555,-0.07848106995273126,1.3591778707602389,0.0,0.0,0.0
146.09766674041748,1.5516117625103953,-0.05937556883003712,1.3720824451438913,0.0,0.0,0.0
146.13196635246277,1.5541139034916152,-0.04667140290220795,1.3804231860738259,0.0,0.0,0.0
146.1667251586914,1.5565215973519597,-0.03388396450031945,1.3888641168464868,0.0,0.0,0.0
146.20001125335693,1.5588259338078032,-0.02104501650331664,1.3974251288404405,0.0,0.0,0.0
146.2509162425995,1.5620696798349734,-0.001810386953660056,1.4099088932728798,0.0,0.0,0.0
146.30190515518188,1.5650920864427438,0.017602239196352603,1.4227094983326958,0.0,0.0,0.0
146.33611607551575,1.566964885771258,0.03054227670009378,1.4312111394985154,0.0,0.0,0.0
146.36974143981934,1.5687304515236193,0.04350602492261542,1.439557672949531,0.0,0.0,0.0
146.40363574028015,1.570394820455787,0.05654768256338201,1.448070930078931,0.0,0.0,0.0
146.43773865699768,1.5719525548450495,0.06964914424263109,1.456718439578743,0.0,0.0,0.0
146.47160291671753,1.573390198085555,0.08269016092258329,1.4651029395469468,0.0,0.0,0.0
146.50582647323608,1.574725075351059,0.09580679699215822,1.4735512701826698,0.0,0.0,0.0
146.5405559539795,1.5759853164318096,0.10935156814244287,1.4823640418187105,0.0,0.0,0.0
146.5758330821991,1.5770914184928584,0.1224554521740942,1.4906501986575236,0.0,0.0,0.0
146.60994791984558,1.578120969069234,0.13601542729773275,1.4992706386052346,0.0,0.0,0.0
146.6436264514923,1.5790119368672089,0.14925250895071152,1.5077956278324594,0.0,0.0,0.0
146.67771744728088,1.5797913444140363,0.1625318954353868,1.516423526389852,0.0,0.0,0.0
146.71168160438538,1.5804543391240917,0.17575375061795867,1.5247949797787979,0.0,0.0,0.0
146.7462661266327,1.581009068054859,0.18903961352709736,1.5332289466509035,0.0,0.0,0.0
146.78206753730774,1.581475222728897,0.20317371004932402,1.5423232398471032,0.0,0.0,0.0
146.8157594203949,1.5817963589641322,0.2164998388596374,1.5509000694784119,0.0,0.0,0.0
146.84989428520203,1.5820051832959143,0.22981683538821157,1.5592160861238147,0.0,0.0,0.0
146.88379669189453,1.5821027477515262,0.24319487356976904,1.567680864236079,0.0,0.0,0.0
146.91793990135193,1.582086092821404,0.25661557788705236,1.5762777682778442,0.0,0.0,0.0
146.96864104270935,1.5818489644149927,0.27666355508383456,1.588811134088665,0.0,0.0,0.0
147.00261569023132,1.5815491294913424,0.29010196107317765,1.5972899980260435,0.0,0.0,0.0
147.0367512702942,1.5811371253939084,0.30348995699855913,1.605697050476786,0.0,0.0,0.0
147.07066106796265,1.5806128363646512,0.31689342239047325,1.6139771544659736,0.0,0.0,0.0
147.10556840896606,1.5799735376229171,0.33035529127246016,1.6224220420816,0.0,0.0,0.0
147.15591096878052,1.5787985449886133,0.35056586102201304,1.6352019104490665,0.0,0.0,0.0
147.19002223014832,1.5778739459983335,0.3640185813977958,1.643525326539616,0.0,0.0,0.0
147.22489166259766,1.5767991500431726,0.37792204112662015,1.6522610191719946,0.0,0.0,0.0
147.27562975883484,1.5750156644936464,0.39816299232671876,1.6650048117893732,0.0,0.0,0.0
147.30975341796875,1.5736854344294893,0.4116355575766235,1.6733119504413452,0.0,0.0,0.0
147.34382343292236,1.572236280466115,0.4251532788129952,1.68176716245189,0.0,0.0,0.0
147.37758612632751,1.5706661660566181,0.43870736662460036,1.690388812449924,0.0,0.0,0.0
147.4116702079773,1.5689906942311476,0.4521789891997594,1.6987273084391943,0.0,0.0,0.0
147.44576501846313,1.5671927565477668,0.46570060642513994,1.7071474629414944,0.0,0.0,0.0
147.4796335697174,1.5652760243580148,0.4792357418536825,1.7156803156947265,0.0,0.0,0.0
147.51372456550598,1.5632574262148171,0.49268393853478326,1.7239411689264021,0.0,0.0,0.0
147.54774975776672,1.561114488631916,0.5061877991468208,1.7323098230032559,0.0,0.0,0.0
147.58173251152039,1.5588477911128176,0.5197309537504782,1.7408428216465908,0.0,0.0,0.0
147.6160695552826,1.5564746046494011,0.5332143366677037,1.749293002465595,0.0,0.0,0.0
147.64970517158508,1.5539839989514463,0.546693870193433,1.7576146430107749,0.0,0.0,0.0
147.68375062942505,1.551369995916181,0.5602055608575562,1.7660799588550489,0.0,0.0,0.0
147.71758389472961,1.5486316532442703,0.5737402585921687,1.774699877518263,0.0,0.0,0.0
147.75175309181213,1.545794492932753,0.5871842349457526,1.7830307498047582,0.0,0.0,0.0
147.78565311431885,1.5428290806025067,0.6006669529389689,1.7914486943125632,0.0,0.0,0.0
147.81970047950745,1.5397405167421465,0.6141625358526152,1.8000042039545803,0.0,0.0,0.0
147.85356855392456,1.5365590182648226,0.6275541408739644,1.808276000506231,0.0,0.0,0.0
147.88808727264404,1.533248090372717,0.6409845997307767,1.8166270797429864,0.0,0.0,0.0
147.9226267337799,1.5297047677536244,0.6548457424304716,1.8254117575169666,0.0,0.0,0.0
147.95669865608215,1.5261600455023898,0.6682384129026939,1.8338791036571627,0.0,0.0,0.0
147.99063777923584,1.5224995715260368,0.6816066183851135,1.8421560413626912,0.0,0.0,0.0
148.0246593952179,1.5187085936770002,0.6950100245582292,1.8506140349554858,0.0,0.0,0.0
148.0586380958557,1.514794657536876,0.708413556309721,1.8591979764766002,0.0,0.0,0.0
148.09301495552063,1.5107899106505371,0.7217148139280737,1.8674750895095702,0.0,0.0,0.0
148.12717938423157,1.5066521170452931,0.7350478059363325,1.875861309208405,0.0,0.0,0.0
148.16166186332703,1.5022585641422428,0.7487871314621376,1.8846430722274017,0.0,0.0,0.0
148.1959228515625,1.4978920338223716,0.7620551317350381,1.8930765221608967,0.0,0.0,0.0
148.22958064079285,1.493406095741729,0.7753037524503871,1.901380495651977,0.0,0.0,0.0
148.26374459266663,1.4887893066309623,0.788571574194979,1.9098465216405394,0.0,0.0,0.0
148.29757118225098,1.4840456562665454,0.8018379600405396,1.9184442245662263,0.0,0.0,0.0
148.3322103023529,1.479216563292707,0.8149998993207856,1.9267515998037719,0.0,0.0,0.0
148.36690592765808,1.4741056256899385,0.8285650347226101,1.935394550740699,0.0,0.0,0.0
148.40060782432556,1.469009244853796,0.8417471519260749,1.943926514934801,0.0,0.0,0.0
148.43485569953918,1.4638150970997506,0.8548571053489082,1.9523768025841473,0.0,0.0,0.0
148.46905088424683,1.4585044716138347,0.867933030015442,1.9606954029607988,0.0,0.0,0.0
148.51957750320435,1.450304117431842,0.8875317671477615,1.973413059038022,0.0,0.0,0.0
148.55386662483215,1.4447306606191634,0.9004746250286395,1.9816174440065735,0.0,0.0,0.0
148.58788871765137,1.4390123466913691,0.9134517309146983,1.9899826937260594,0.0,0.0,0.0
148.62202429771423,1.4331630829529145,0.9264281272225448,1.99849745871988,0.0,0.0,0.0
148.65556836128235,1.4272271767458757,0.9393112991038033,2.006895145411126,0.0,0.0,0.0
148.68972277641296,1.421172670244872,0.9521622654033998,2.015184623985118,0.0,0.0,0.0
148.7237572669983,1.41498331946052,0.9650190317904302,2.02364691107887,0.0,0.0,0.0
148.75797939300537,1.4086683782314953,0.9778565317066483,2.0322366235771794,0.0,0.0,0.0
148.7916989326477,1.4022779073284917,0.9905805330854895,2.040524451141527,0.0,0.0,0.0
148.82583594322205,1.3957468007195961,1.003312274933024,2.0489333316228704,0.0,0.0,0.0
148.85973262786865,1.3890966402323937,1.0160112618870012,2.0574512570528323,0.0,0.0,0.0
148.89373111724854,1.3823750472366465,1.0285934743042124,2.0656758490786284,0.0,0.0,0.0
148.92800903320312,1.375510749452831,1.0411854294873906,2.0740314113217924,0.0,0.0,0.0
148.96181988716125,1.36851301675103,1.053768448254613,2.0825452060811327,0.0,0.0,0.0
148.99580645561218,1.361432024270676,1.066257129533385,2.090960612566301,0.0,0.0,0.0
149.03001999855042,1.3542358608182812,1.0786995087028706,2.0992567514544858,0.0,0.0,0.0
149.06375765800476,1.3469054271289953,1.091132635290126,2.107713481883796,0.0,0.0,0.0
149.09791445732117,1.3394478093006867,1.1035393899947692,2.116313628940069,0.0,0.0,0.0
149.13184690475464,1.3319266236600513,1.1158210436513252,2.124594748920661,0.0,0.0,0.0
149.182608127594,1.3203804332222295,1.1342309497932666,2.1372571723152,0.0,0.0,0.0
149.21658635139465,1.3125812837009085,1.1463856167328559,2.1456114759511196,0.0,0.0,0.0
149.2506821155548,1.3046617338345623,1.1585001387647058,2.1538789248597494,0.0,0.0,0.0
149.28492522239685,1.2966060438901967,1.1706010010777468,2.1623166763698936,0.0,0.0,0.0
149.3188190460205,1.288424722833036,1.1826666620031696,2.1708910794693552,0.0,0.0,0.0
149.35268139839172,1.2801888587924264,1.1946017193299987,2.17915577178857,0.0,0.0,0.0
149.38664627075195,1.2718073593957584,1.2065279703078924,2.187544161370315,0.0,0.0,0.0
149.42077898979187,1.263317568765135,1.2183965593123645,2.196029499994293,0.0,0.0,0.0
149.4548361301422,1.2547684394269094,1.2301404564232112,2.2042129068547145,0.0,0.0,0.0
149.50614190101624,1.241671518950239,1.2477408310751716,2.2167992590798264,0.0,0.0,0.0
149.53980040550232,1.2327952283424017,1.2594120657247552,2.2253280909302893,0.0,0.0,0.0
149.57375741004944,1.223857946625866,1.2709613820310661,2.2335621550335385,0.0,0.0,0.0
149.60788464546204,1.2147795097115592,1.2824916794287722,2.2419363937574577,0.0,0.0,0.0
149.64178442955017,1.205569734306186,1.2939873684970307,2.2504622574524165,0.0,0.0,0.0
149.67565608024597,1.1962927545997426,1.3053728634526132,2.258868806303207,0.0,0.0,0.0
149.70976209640503,1.1869049700561927,1.3166952465568578,2.2671768698544823,0.0,0.0,0.0
149.74374794960022,1.1773838426287657,1.327984143998988,2.2756464920562562,0.0,0.0,0.0
149.77804350852966,1.1677404818180903,1.3392218212058515,2.284244530209693,0.0,0.0,0.0
149.81166458129883,1.158053056735065,1.3503259621991246,2.2925322407435265,0.0,0.0,0.0
149.84580850601196,1.1482246045513247,1.3613981342567298,2.3009296959095304,0.0,0.0,0.0
149.8800504207611,1.138292558719445,1.3724004942782508,2.309423690473336,0.0,0.0,0.0
149.91416692733765,1.1283116484715932,1.3832734239760864,2.3176128336843327,0.0,0.0,0.0
149.94888639450073,1.1178873012228414,1.394437760219193,2.3262042289692024,0.0,0.0,0.0
149.98264074325562,1.1076270615984365,1.4052393042053128,2.334718699404092,0.0,0.0,0.0
150.01687455177307,1.0973272637351899,1.4159051221532164,2.343067045392411,0.0,0.0,0.0
150.05113077163696,1.0869104048900953,1.4265107148766618,2.351337275336417,0.0,0.0,0.0
150.0848512649536,1.0763617134270294,1.43707210942575,2.3597748181189604,0.0,0.0,0.0
150.11872029304504,1.0656993533655645,1.4475682100628535,2.3683368552627475,0.0,0.0,0.0
150.152850151062,1.05500295487175,1.457925966831033,2.376584975930857,0.0,0.0,0.0
150.18672800064087,1.0441664451610353,1.4682420799435503,2.384954202047925,0.0,0.0,0.0
150.2206516265869,1.0332030578895894,1.4785036202869652,2.3934761456810643,0.0,0.0,0.0
150.25482296943665,1.0221809148159808,1.4886508024393903,2.4019083338344975,0.0,0.0,0.0
150.28859996795654,1.0110638181088056,1.4987106410704973,2.4101991672320247,0.0,0.0,0.0
150.3230938911438,1.0001525789512806,1.5084215765101001,2.418395334832345,0.0,0.0,0.0
150.35678267478943,0.9885189967197627,1.5186046208374793,2.4270344631861196,0.0,0.0,0.0
150.39189291000366,0.9767885393482785,1.5286932590463431,2.435528010720418,0.0,0.0,0.0
150.42575931549072,0.9652672129934278,1.5384335615075437,2.443932559277679,0.0,0.0,0.0
150.45990633964539,0.9536342520242563,1.5481004681249664,2.4524691534090786,0.0,0.0,0.0
150.49391388893127,0.9419893011782955,1.557618956853669,2.4606905913946933,0.0,0.0,0.0
150.52817249298096,0.9302012179470691,1.567087692363698,2.469025075883748,0.0,0.0,0.0
150.5617892742157,0.9182960434751105,1.5764867277414223,2.4774935230823356,0.0,0.0,0.0
150.6126503944397,0.9003335524927091,1.5903671275135087,2.4900035091849224,0.0,0.0,0.0
150.64660596847534,0.8882173932676665,1.5995282956677992,2.498375444224299,0.0,0.0,0.0
150.68054389953613,0.8759831321640976,1.608616860307937,2.506889645029007,0.0,0.0,0.0
150.7147033214569,0.8636982724979054,1.6175864562080824,2.5153445433916626,0.0,0.0,0.0
150.74882626533508,0.8513291194795112,1.6264559113290449,2.5236322130952766,0.0,0.0,0.0
150.78291988372803,0.8388421565232279,1.6352526576866115,2.532067233287762,0.0,0.0,0.0
150.816876411438,0.8263273018194163,1.6439160598481557,2.540398294025023,0.0,0.0,0.0
150.85209441184998,0.8137165446609255,1.652489344959237,2.548624802543441,0.0,0.0,0.0
150.88685941696167,0.8002338116481992,1.6614876761960227,2.557510547487084,0.0,0.0,0.0
150.92082858085632,0.7873810383331173,1.6699043009090375,2.5660491957341502,0.0,0.0,0.0
150.95484352111816,0.7744899112867866,1.6781944314751998,2.574503003355818,0.0,0.0,0.0
150.98857021331787,0.76152127974375,1.6863783454197807,2.582773078341304,0.0,0.0,0.0
151.02255630493164,0.7484356766225434,1.6944842635059487,2.591203501191587,0.0,0.0,0.0
151.05672907829285,0.7353316946624581,1.702453159934525,2.5995305661154244,0.0,0.0,0.0
151.09060311317444,0.7221373783556183,1.710325381692679,2.607745588050818,0.0,0.0,0.0
151.1247420310974,0.7088203464368841,1.7181216882335892,2.616146283421392,0.0,0.0,0.0
151.15862941741943,0.6954086477036856,1.7258211355160475,2.6246718780540945,0.0,0.0,0.0
151.1937599182129,0.6816033279468603,1.733595456786667,2.6331293686960344,0.0,0.0,0.0
151.22785568237305,0.6680654100855703,1.7410664649147223,2.641460813385914,0.0,0.0,0.0
151.26174068450928,0.6544186112099154,1.7484490170731934,2.6499354103650976,0.0,0.0,0.0
151.29571437835693,0.6407565430118572,1.7556943179086464,2.6583004587109085,0.0,0.0,0.0
151.32969117164612,0.6270085452827553,1.7628368092358044,2.6665546123853967,0.0,0.0,0.0
151.3805332183838,0.6061788246079072,1.7733838389285599,2.679241923776746,0.0,0.0,0.0
151.41461205482483,0.5922483235882856,1.7802565262592691,2.6876528481572772,0.0,0.0,0.0
151.44884300231934,0.5782390364392251,1.787020381641867,2.695918559216919,0.0,0.0,0.0
151.48315691947937,0.5641192102445345,1.7936927945427006,2.704355943160563,0.0,0.0,0.0
151.5168216228485,0.549998060324148,1.8002238186646644,2.71268708816064,0.0,0.0,0.0
151.55082154273987,0.5357934805600546,1.8066488263775486,2.7209068379898915,0.0,0.0,0.0
151.58472871780396,0.521478468869973,1.8129813056855522,2.729301845303415,0.0,0.0,0.0
151.61859917640686,0.5070753511494609,1.8192071700192567,2.73783427941735,0.0,0.0,0.0
151.6526997089386,0.49269597360670314,1.825283355114459,2.746057449745272,0.0,0.0,0.0
151.6866602897644,0.47819050669511987,1.831269097410569,2.7543978573002206,0.0,0.0,0.0
151.72070741653442,0.4635828867236098,1.837153501949939,2.7629019114486555,0.0,0.0,0.0
151.75489473342896,0.44896004427747194,1.8429030180823278,2.771373708721194,0.0,0.0,0.0
151.7888822555542,0.43427837989227064,1.8485313436545514,2.7796301116810276,0.0,0.0,0.0
151.82260537147522,0.41949601767681,1.8540575013577874,2.7880481554832635,0.0,0.0,0.0
151.85657405853271,0.40472779655963564,1.8594398120800506,2.796361838631246,0.0,0.0,0.0
151.89053010940552,0.3898828460712012,1.8647098616501285,2.8045604136376836,0.0,0.0,0.0
151.9247486591339,0.37493387985217025,1.8698778442865744,2.8129387949350595,0.0,0.0,0.0
151.95867323875427,0.35991174995735764,1.874929386520066,2.8214529015404635,0.0,0.0,0.0
151.99275875091553,0.34491789133711237,1.8798340440275525,2.829650340009625,0.0,0.0,0.0
152.02679753303528,0.32980968626239066,1.8846367318512274,2.837971409954578,0.0,0.0,0.0
152.06059217453003,0.31460410276779255,1.8893297178157684,2.846470760953613,0.0,0.0,0.0
152.09464836120605,0.29940196749594683,1.893882959127885,2.854885910336985,0.0,0.0,0.0
152.1291320323944,0.2841437833851413,1.8983130299311195,2.863139662655593,0.0,0.0,0.0
152.1639485359192,0.2683413342470843,1.9027565641566364,2.8718068076664554,0.0,0.0,0.0
152.19781637191772,0.25291042173696754,1.9069521733690664,2.880374586897046,0.0,0.0,0.0
152.23182153701782,0.23753353762176202,1.9109969730747558,2.888616721262008,0.0,0.0,0.0
152.2657835483551,0.2220582392030648,1.9149292004344958,2.8969049389501875,0.0,0.0,0.0
152.2999336719513,0.20651418377875955,1.9187404375470516,2.9053439941392347,0.0,0.0,0.0
152.33381581306458,0.1910104675845365,1.9224053766684857,2.9134869038461626,0.0,0.0,0.0
152.36759495735168,0.175401505079069,1.9259611009981559,2.921760945150815,0.0,0.0,0.0
152.4016718864441,0.1597041835973712,1.929398720347168,2.930218923604609,0.0,0.0,0.0
152.43617463111877,0.14401302416422532,1.9326955711464384,2.9386350309920086,0.0,0.0,0.0
152.47012305259705,0.12829225179171644,1.9358633153766969,2.9468392994400094,0.0,0.0,0.0
152.50513625144958,0.11202148635967757,1.9389999424650541,2.9554541325285464,0.0,0.0,0.0
152.53903102874756,0.09613742803636026,1.9419207466262423,2.963990686765315,0.0,0.0,0.0
152.5727665424347,0.08031035056848128,1.9446930897715415,2.9722480249045398,0.0,0.0,0.0
152.60721468925476,0.06440734366214117,1.9473445695603064,2.980514642290074,0.0,0.0,0.0
152.64084267616272,0.04841679305102496,1.9498733278243192,2.988976450132215,0.0,0.0,0.0
152.6748867034912,0.0324345663819148,1.9522615076938277,2.997410221867272,0.0,0.0,0.0
152.70867371559143,0.016429378151626307,1.9545178484833583,3.0056313412821942,0.0,0.0,0.0
152.74336862564087,0.0003506427325305127,1.9566488107962925,3.014006826828833,0.0,0.0,0.0
152.77674007415771,-0.015703293023577397,1.958639039300398,3.0223619693421138,0.0,0.0,0.0
152.81166791915894,-0.0317900864885268,1.9604992642137002,3.0305360126744136,0.0,0.0,0.0
152.8461594581604,-0.04843159900135967,1.9622825715266388,3.0391298567966745,0.0,0.0,0.0
152.8798246383667,-0.06465325272106572,1.963880529786486,3.0476225452684336,0.0,0.0,0.0
152.91386818885803,-0.08078925247887386,1.9653335366568236,3.055826349595183,0.0,0.0,0.0
152.94769167900085,-0.09701404409958866,1.966661042106546,3.064070079008408,0.0,0.0,0.0
152.98170137405396,-0.11331576828659576,1.9678579065927098,3.0725114275437524,0.0,0.0,0.0
153.01571536064148,-0.1295898284172061,1.9689140829315404,3.0809291872796423,0.0,0.0,0.0
153.0500626564026,-0.14588122963092848,1.9698361933572237,3.0891332622940757,0.0,0.0,0.0
153.1006419658661,-0.17044755761064723,1.9709705423810298,3.101763567367658,0.0,0.0,0.0
153.13485527038574,-0.18682402318536262,1.9715527430842676,3.110236738801541,0.0,0.0,0.0
153.1691551208496,-0.20319538668009934,1.9719984929165997,3.118456869269071,0.0,0.0,0.0
153.20272135734558,-0.2196371974934996,1.9723097544421275,3.12683966589621,0.0,0.0,0.0
153.23665022850037,-0.23602480550980992,1.972482112093186,3.135183737490846,0.0,0.0,0.0
153.27073860168457,-0.2524333221158957,1.972520048603567,-3.139850791538,0.0,0.0,0.0
153.30487704277039,-0.26892088119750585,1.9724220794294172,-3.1314842167692585,0.0,0.0,0.0
153.33885622024536,-0.2854507550672939,1.9721841744163946,-3.1229652606784724,0.0,0.0,0.0
153.3729796409607,-0.3018972380308306,1.9718092118479547,-3.1147153557385865,0.0,0.0,0.0
153.4065864086151,-0.3184100141186819,1.9712965021170392,-3.106427951431839,0.0,0.0,0.0
153.44070053100586,-0.33497769353865636,1.9706431014563448,-3.097957659886009,0.0,0.0,0.0
153.4746720790863,-0.3515022307799384,1.969851529408637,-3.0895161822097394,0.0,0.0,0.0
153.5088927745819,-0.3680312827533285,1.9689214596726297,-3.0812945169624673,0.0,0.0,0.0
153.54309964179993,-0.38460547980544657,1.967850902182092,-3.0729254376207056,0.0,0.0,0.0
153.576740026474,-0.40111067429382885,1.9666467111265897,-3.064602447544747,0.0,0.0,0.0
153.61084914207458,-0.41763298482356453,1.9653040419452852,-3.056452905922155,0.0,0.0,0.0
153.64500403404236,-0.4342093386315932,1.9638194803288294,-3.048126133101697,0.0,0.0,0.0
153.67881608009338,-0.45082171378197006,1.962190579097303,-3.0396181924079078,0.0,0.0,0.0
153.71251034736633,-0.4673374812871449,1.9604324353721145,-3.031390815599716,0.0,0.0,0.0
153.7468798160553,-0.4839119063949693,1.9585287042164536,-3.023107706081784,0.0,0.0,0.0
153.78104662895203,-0.5005303182761637,1.9564787208096615,-3.0146402755692816,0.0,0.0,0.0
153.81467533111572,-0.5170941186115674,1.9542945064225103,-3.0062049764638195,0.0,0.0,0.0
153.84885120391846,-0.5336490669145242,1.9519697965797365,-2.997988530533949,0.0,0.0,0.0
153.8830361366272,-0.5502389099717504,1.9494997113152506,-2.9896177752390445,0.0,0.0,0.0
153.9168622493744,-0.5667573891338463,1.9469002372014845,-2.9812924863498234,0.0,0.0,0.0
153.95073103904724,-0.5832745194051429,1.9441601324731879,-2.9731405046103907,0.0,0.0,0.0
153.9850947856903,-0.5998387093730554,1.941271741849803,-2.9647943347795813,0.0,0.0,0.0
154.01887035369873,-0.6164097964224168,1.9382383066230315,-2.9563010625875314,0.0,0.0,0.0
154.05312848091125,-0.6328756194250085,1.935083622057451,-2.948126324778021,0.0,0.0,0.0
154.0867269039154,-0.6493912078906908,1.9317767250725064,-2.939856532572182,0.0,0.0,0.0
154.12075567245483,-0.6659441219842195,1.9283179671006982,-2.931380718376552,0.0,0.0,0.0
154.15480279922485,-0.6824494877890133,1.9247247305343758,-2.922885940131029,0.0,0.0,0.0
154.1885907649994,-0.6989168523508258,1.920993270977614,-2.914663892700009,0.0,0.0,0.0
154.22302174568176,-0.7154098236243802,1.9171117956454338,-2.9062804680373318,0.0,0.0,0.0
154.25661730766296,-0.7318127862860866,1.913108589218543,-2.8979613690945625,0.0,0.0,0.0
154.29065370559692,-0.7481951642330061,1.90896541122615,-2.889838315159101,0.0,0.0,0.0
154.3246808052063,-0.7646231878928647,1.9046664985355362,-2.881488255173305,0.0,0.0,0.0
154.3587453365326,-0.7810393290858297,1.9002230319874394,-2.8730097643210506,0.0,0.0,0.0
154.39266228675842,-0.7973497944293337,1.8956641940253718,-2.864838429481447,0.0,0.0,0.0
154.42681550979614,-0.8136935551793257,1.8909484798360026,-2.8565653398879456,0.0,0.0,0.0
154.4608278274536,-0.8295747356085038,1.8862240960815855,-2.8483530525071115,0.0,0.0,0.0
154.49485421180725,-0.8458781236773251,1.8812289470789776,-2.839909542476542,0.0,0.0,0.0
154.52895998954773,-0.8621427216465942,1.8760937753434432,-2.8316654106101615,0.0,0.0,0.0
154.56288838386536,-0.8784203544978825,1.8708050735766735,-2.8232493859238024,0.0,0.0,0.0
154.59694623947144,-0.894611270720805,1.8653965556539922,-2.8149163495568144,0.0,0.0,0.0
154.63083672523499,-0.9107643599813922,1.8598498217894026,-2.8067599681963706,0.0,0.0,0.0
154.66496205329895,-0.9269434263242395,1.8541442470312934,-2.798380050139432,0.0,0.0,0.0
154.69905924797058,-0.943101406393752,1.848292556313245,-2.7898683397778843,0.0,0.0,0.0
154.73313546180725,-0.959139687730117,1.842335274214103,-2.7816941128821346,0.0,0.0,0.0
154.76688718795776,-0.9751972440038166,1.836216759587955,-2.773408515855242,0.0,0.0,0.0
154.8011119365692,-0.9912579950787828,1.8299424361403664,-2.764938937477436,0.0,0.0,0.0
154.8349940776825,-1.0072313318734463,1.8235504951821662,-2.7565504617813725,0.0,0.0,0.0
154.8689603805542,-1.0231618907264781,1.8170177420882905,-2.7483371938509182,0.0,0.0,0.0
154.90319299697876,-1.0390910432412737,1.810330696638655,-2.7399514855973144,0.0,0.0,0.0
154.93707537651062,-1.0549105140798025,1.8035367657942445,-2.7316547333725776,0.0,0.0,0.0
154.97094297409058,-1.0706975598540618,1.7965995032322806,-2.723504933421981,0.0,0.0,0.0
155.00501108169556,-1.0864875916536276,1.7895051194513794,-2.7151644674860265,0.0,0.0,0.0
155.03894209861755,-1.1022475162528262,1.782265184045311,-2.706666156647013,0.0,0.0,0.0
155.07292485237122,-1.1178827004889402,1.774926387934646,-2.6985093722171194,0.0,0.0,0.0
155.10741591453552,-1.133528150022129,1.7674219168857852,-2.690210128638632,0.0,0.0,0.0
155.157860994339,-1.156955635555228,1.7558800106879033,-2.677454866994365,0.0,0.0,0.0
155.19240641593933,-1.1724321866686302,1.748057272035022,-2.669252051902524,0.0,0.0,0.0
155.22640252113342,-1.1879023103981714,1.7400722328296028,-2.6609661749513966,0.0,0.0,0.0
155.2598729133606,-1.2033586458363916,1.7319295263684646,-2.652492686484288,0.0,0.0,0.0
155.29416155815125,-1.2187177984747135,1.7236766676283577,-2.6440860835093183,0.0,0.0,0.0
155.32808351516724,-1.2340134489676176,1.7152884995391415,-2.6358757316875994,0.0,0.0,0.0
155.37958645820618,-1.256897120882845,1.702427624168073,-2.623272836248257,0.0,0.0,0.0
155.41487789154053,-1.2728917497504342,1.6932183741423912,-2.6146716813984625,0.0,0.0,0.0
155.44883584976196,-1.2879862854025639,1.6843530162074167,-2.6064414650535594,0.0,0.0,0.0
155.48296070098877,-1.3030496173141535,1.6753369195588774,-2.5980600744225613,0.0,0.0,0.0
155.516850233078,-1.3179813359423922,1.666233552864842,-2.5897650573789908,0.0,0.0,0.0
155.55081057548523,-1.3328660198101223,1.656986367118465,-2.5816208014692625,0.0,0.0,0.0
155.58493065834045,-1.3477362844827203,1.647577073823463,-2.5732641106445326,0.0,0.0,0.0
155.62326908111572,-2.119701599407033,0.7923536196549266,-2.03734641171825,0.0,0.0,0.0
155.657160282135,-2.1258312568569098,0.7784086307485079,-2.0293010003972496,0.0,0.0,0.0
155.69116020202637,-2.121760670945813,0.7746613974188121,-2.021217186057637,0.0,0.0,0.0
155.72528743743896,-2.1087889367718664,0.7822639272993994,-2.0130054775999446,0.0,0.0,0.0
155.7591254711151,-2.0942893565245537,0.8012125049341002,-2.004442609047901,0.0,0.0,0.0
155.79321789741516,-2.079288400633316,0.828001838891311,-1.995539811670966,0.0,0.0,0.0
155.82719445228577,-2.063562037425932,0.8579723190264703,-1.9848099557552956,0.0,0.0,0.0
155.86114120483398,-2.048666765777587,0.8880482393670583,-1.9730899461845586,0.0,0.0,0.0
155.89546418190002,-2.0343052827455077,0.9190574941396372,-1.9600885771368068,0.0,0.0,0.0
155.9305136203766,-2.020403545508145,0.9520917692578884,-1.9453990244042931,0.0,0.0,0.0
155.9642424583435,-2.008028062422132,0.9842281449405589,-1.9299399427767172,0.0,0.0,0.0
155.99850273132324,-1.9967160375041857,1.0151960971118077,-1.9133964808973145,0.0,0.0,0.0
156.032320022583,-1.9867989708041616,1.0438257203613381,-1.8958822948918952,0.0,0.0,0.0
156.06723403930664,-1.9776102504414832,1.0719999437044159,-1.8767425254181187,0.0,0.0,0.0
156.10151863098145,-1.969678159287167,1.0980503475553631,-1.8570987016403657,0.0,0.0,0.0
156.1353189945221,-1.9628154942001275,1.1223411109707964,-1.8364883106116798,0.0,0.0,0.0
156.17068576812744,-1.9567222622890716,1.1457936440940069,-1.8142388398794738,0.0,0.0,0.0
156.2042875289917,-1.9516780278123693,1.1672052864183953,-1.7916063695123596,0.0,0.0,0.0
156.23818111419678,-1.9474360275311973,1.1872941982699072,-1.767992058468573,0.0,0.0,0.0
156.27229142189026,-1.9440239648736444,1.2055827918991937,-1.743470929521277,0.0,0.0,0.0
156.3065848350525,-1.9412725961044015,1.2227073857438475,-1.718020417690597,0.0,0.0,0.0
156.340238571167,-1.939116077550977,1.2387858609843951,-1.6916469323228132,0.0,0.0,0.0
156.37442088127136,-1.93757313293953,1.2532460875278923,-1.664412377229918,0.0,0.0,0.0
156.40825486183167,-1.936546560344335,1.2662816216532886,-1.6363262905881835,0.0,0.0,0.0
156.44207644462585,-1.9359548047334287,1.2782254986313137,-1.607395829386219,0.0,0.0,0.0
156.47627902030945,-1.9357365685007102,1.288815145085265,-1.577675888249642,0.0,0.0,0.0
156.5106439590454,-1.9358275498694164,1.2980438980289104,-1.5471957380953334,0.0,0.0,0.0
156.5612509250641,-1.9363936854429575,1.309833238888881,-1.499992276254724,0.0,0.0,0.0
156.5952751636505,-1.9369600937529328,1.3162295761693887,-1.4675080235055198,0.0,0.0,0.0
156.62992477416992,-1.9375891335686386,1.321343120001914,-1.4342015248715616,0.0,0.0,0.0
156.66524171829224,-1.93829995555987,1.3258590911160084,-1.398682429081265,0.0,0.0,0.0
156.69906091690063,-1.93895236028737,1.3292611546136928,-1.3661593958690335,0.0,0.0,0.0
156.73362231254578,-1.9394832601159504,1.3316680784529351,-1.3347066970616912,0.0,0.0,0.0
156.7682032585144,-1.939902151595656,1.333279530751034,-1.3034404037051581,0.0,0.0,0.0
156.80240988731384,-1.9401523307322257,1.3341456548177173,-1.2741573877125383,0.0,0.0,0.0
156.83645153045654,-1.940220451024725,1.334327334054562,-1.2459622698990958,0.0,0.0,0.0
156.8705403804779,-1.9400589656182332,1.3338668334199053,-1.2188669084559778,0.0,0.0,0.0
156.90422534942627,-1.9396930591244799,1.3328971274055084,-1.1928736333231218,0.0,0.0,0.0
156.9383089542389,-1.9390833316543161,1.3314196751265313,-1.168715637107116,0.0,0.0,0.0
156.97221040725708,-1.9381698676316832,1.3293460969562707,-1.1449407661263704,0.0,0.0,0.0
157.00632190704346,-1.937014681183668,1.3268803366897455,-1.1222946757549308,0.0,0.0,0.0
157.04030513763428,-1.9355590142292356,1.3239424525162198,-1.1007955172925448,0.0,0.0,0.0
157.0741090774536,-1.93383506009629,1.3206359329257684,-1.0804445189948075,0.0,0.0,0.0
157.10811591148376,-1.937414304110734,1.3122906753364436,-1.0601069736579056,0.0,0.0,0.0
157.14209365844727,-1.9440809820376848,1.301769986993938,-1.0394661567839,0.0,0.0,0.0
157.17633891105652,-1.9507651851833891,1.2912716549224181,-1.0188235607779028,0.0,0.0,0.0
157.21003890037537,-1.957466560068332,1.2807960361904887,-0.9981796972804907,0.0,0.0,0.0
157.24403405189514,-1.9641850248897228,1.2703433634908268,-0.9775352040972047,0.0,0.0,0.0
157.27802920341492,-1.9709207144925642,1.2599138125762679,-0.9568907015648466,0.0,0.0,0.0
157.3121418952942,-1.9776739493535507,1.2495075526508967,-0.9362467007554539,0.0,0.0,0.0
157.34615683555603,-1.983712789221303,1.2398545489508344,-0.9155802296615095,0.0,0.0,0.0
157.38005876541138,-1.9819692940467204,1.2353887440753497,-0.8948943406660129,0.0,0.0,0.0
157.4144344329834,-1.9784579705655088,1.2310732313640964,-0.8743005437846945,0.0,0.0,0.0
157.44842886924744,-1.9786305190103834,1.230632083715575,-0.854228218459525,0.0,0.0,0.0
157.48210263252258,-1.9831164913139427,1.2356647506157825,-0.8348341275148345,0.0,0.0,0.0
157.51644110679626,-1.9879032345200784,1.2408450475544965,-0.8154616141921778,0.0,0.0,0.0
157.55019450187683,-1.9929740374801692,1.2461384294627686,-0.7961128547705192,0.0,0.0,0.0
157.58424997329712,-1.998344359950446,1.2515450155751404,-0.7767947291802417,0.0,0.0,0.0
157.61839413642883,-2.003326435384892,1.2563721737644977,-0.757605547796873,0.0,0.0,0.0
157.6520824432373,-1.9996456449714297,1.2526888687550022,-0.7396359992155527,0.0,0.0,0.0
157.68626189231873,-1.9921964574724953,1.246013667693851,-0.7221415989881903,0.0,0.0,0.0
157.72008681297302,-1.9849200004623258,1.2397038662857254,-0.7046036137120729,0.0,0.0,0.0
157.75415992736816,-1.9780596216623376,1.2339464356049694,-0.6869899025898065,0.0,0.0,0.0
157.78807044029236,-1.9720637939799026,1.229171691720213,-0.6693968415491328,0.0,0.0,0.0
157.82212114334106,-1.974891253658283,1.2326813169968838,-0.6529652285065514,0.0,0.0,0.0
157.8563232421875,-1.9831520572393544,1.238884345406858,-0.6371551904413669,0.0,0.0,0.0
157.89029359817505,-1.9914067345362443,1.2448943572852906,-0.6213489215318124,0.0,0.0,0.0
157.92411470413208,-1.9996106936748763,1.2506840747064436,-0.6055437278662907,0.0,0.0,0.0
157.9581298828125,-2.007218640963761,1.2557180994550874,-0.5898090745168292,0.0,0.0,0.0
157.99198627471924,-2.006127826351172,1.2530199304439917,-0.5751574493773736,0.0,0.0,0.0
158.02600860595703,-1.9991840495056474,1.2485847474232228,-0.5610507178532975,0.0,0.0,0.0
158.0601351261139,-1.992516876329979,1.2444480068533028,-0.546882129884909,0.0,0.0,0.0
158.09409880638123,-1.986305620074018,1.2407000145686835,-0.5326326107198416,0.0,0.0,0.0
158.12815117835999,-1.9813000474572822,1.23807680064812,-0.518419180929165,0.0,0.0,0.0
158.16232299804688,-1.98557237541166,1.2426800633918456,-0.5053264700631931,0.0,0.0,0.0
158.1963005065918,-1.995663833231249,1.2481703935817046,-0.4928321757172768,0.0,0.0,0.0
158.23026609420776,-2.005698051785875,1.2534808652353853,-0.48034815598933067,0.0,0.0,0.0
158.26408791542053,-2.015639747469955,1.2585966944714944,-0.46787146914843813,0.0,0.0,0.0
158.29802417755127,-2.023798394657846,1.2618410029183142,-0.45560527966887926,0.0,0.0,0.0
158.33243608474731,-2.0218814857916474,1.2590666384846427,-0.44444327319952515,0.0,0.0,0.0
158.36608743667603,-2.0160280295232695,1.2563165367244948,-0.43359214302564025,0.0,0.0,0.0
158.40009379386902,-2.010493661665829,1.2537778254022716,-0.422681846920835,0.0,0.0,0.0
158.43420720100403,-2.005401741358758,1.2514957213861198,-0.4117023376199197,0.0,0.0,0.0
158.46827125549316,-2.0027693103708653,1.2514990379900786,-0.4009372647492971,0.0,0.0,0.0
158.5022451877594,-2.010407699403806,1.2562351394973066,-0.3913170636877713,0.0,0.0,0.0
158.5363290309906,-2.021805923383627,1.260872125170883,-0.3820775808142789,0.0,0.0,0.0
158.57018733024597,-2.033060824995977,1.265342199336818,-0.37283681216239556,0.0,0.0,0.0
158.60405850410461,-2.044165852348449,1.2696462059492686,-0.36359200164003747,0.0,0.0,0.0
158.63807082176208,-2.0508834996693404,1.2701857114267154,-0.35485731513404595,0.0,0.0,0.0
158.67201948165894,-2.047546082298173,1.2683469068417326,-0.3471008596298826,0.0,0.0,0.0
158.70607709884644,-2.042672196926617,1.2666032938584229,-0.3394648086291113,0.0,0.0,0.0
158.74030423164368,-2.038085513136397,1.264990296328059,-0.3317882813123368,0.0,0.0,0.0
158.7740626335144,-2.0339217719205696,1.2635497802936155,-0.32406280600697246,0.0,0.0,0.0
158.80805230140686,-2.035258418124233,1.266046249490145,-0.31691017743461514,0.0,0.0,0.0
158.84218430519104,-2.0461787505416957,1.2699525406782952,-0.310738703679211,0.0,0.0,0.0
158.87626934051514,-2.0580880644628445,1.2737399059159542,-0.30466415610262737,0.0,0.0,0.0
158.91017961502075,-2.069754281030496,1.2773838294786672,-0.298560680101308,0.0,0.0,0.0
158.94435572624207,-2.0806660422976413,1.2803532564216766,-0.29248785570623964,0.0,0.0,0.0
158.9782326221466,-2.0827920146098124,1.2790964467793198,-0.287283754619156,0.0,0.0,0.0
159.01236963272095,-2.078324046624228,1.277780917742569,-0.2826993950891435,0.0,0.0,0.0
159.04609441757202,-2.0739986724496555,1.2765317477959648,-0.2781102069623698,0.0,0.0,0.0
159.08042812347412,-2.0703115927872098,1.2748986857926725,-0.2734737766074322,0.0,0.0,0.0
159.11513543128967,-2.074826467628781,1.2658595399154504,-0.2679574241284179,0.0,0.0,0.0
159.1492521762848,-2.0819875425256282,1.2556014266596949,-0.26242656994064395,0.0,0.0,0.0
159.1834011077881,-2.089150124408253,1.245340181279933,-0.25689577339374997,0.0,0.0,0.0
159.21718406677246,-2.0963135155764125,1.2350767528647633,-0.2513638228419872,0.0,0.0,0.0
159.251158952713,-2.103978455126312,1.2253108499212622,-0.24588627443674912,0.0,0.0,0.0
159.2851438522339,-2.1160346180583,1.22394548723507,-0.24094975375692831,0.0,0.0,0.0
159.31906604766846,-2.128073441108554,1.2268760671291576,-0.23605391123942313,0.0,0.0,0.0
159.3531641960144,-2.139789225230218,1.2296788405033343,-0.23110986353751817,0.0,0.0,0.0
159.38752841949463,-2.1512878819419705,1.2323812759298287,-0.22613182400579887,0.0,0.0,0.0
159.42172360420227,-2.161756682654709,1.2341809008324083,-0.2212252693284301,0.0,0.0,0.0
159.47227001190186,-2.1605381758059896,1.232609171309999,-0.21558887372176053,0.0,0.0,0.0
159.50617909431458,-2.1557947328882117,1.2315899555937377,-0.21222057712830247,0.0,0.0,0.0
159.54045367240906,-2.15124736890559,1.2306176128217328,-0.2088425133037281,0.0,0.0,0.0
159.57430481910706,-2.147024303265372,1.2297179489654548,-0.20544155849804288,0.0,0.0,0.0
159.60851407051086,-2.143006718417224,1.2288645145726642,-0.20203052971171295,0.0,0.0,0.0
159.6433618068695,-2.139759808093361,1.2286958709342386,-0.19858840824689447,0.0,0.0,0.0
159.67718529701233,-2.1456476721588373,1.2310807547888067,-0.1961593753003799,0.0,0.0,0.0
159.71133303642273,-2.157617689739774,1.2334343625136979,-0.1943278304524903,0.0,0.0,0.0
159.74533796310425,-2.1693657338877945,1.2357307576648466,-0.1924619170368746,0.0,0.0,0.0
159.77930402755737,-2.1807717886528803,1.2379495451267215,-0.1905500483710311,0.0,0.0,0.0
159.81315064430237,-2.191748162243808,1.2400745407225382,-0.18858334257805212,0.0,0.0,0.0
159.8473494052887,-2.2024475577062907,1.2421355587302505,-0.18657666832208217,0.0,0.0,0.0
159.8812210559845,-2.2079745903173977,1.2417720643104677,-0.18511768777655513,0.0,0.0,0.0
159.9152295589447,-2.2039143725455097,1.2408260495787475,-0.18461199997964967,0.0,0.0,0.0
159.94939517974854,-2.198801495259244,1.2398809885949806,-0.18422005140000655,0.0,0.0,0.0
159.98479580879211,-2.1936966943342666,1.2389276114821355,-0.18381654874936787,0.0,0.0,0.0
160.03503274917603,-2.1877600374013335,1.2364336875284059,-0.18311986564703517,0.0,0.0,0.0
160.06904196739197,-2.192658083606335,1.2271968639899065,-0.1819236615360358,0.0,0.0,0.0
160.1032292842865,-2.199096751469206,1.2172755294351727,-0.18065055103055308,0.0,0.0,0.0
160.13732028007507,-2.205532912519329,1.2073536983129842,-0.17937573762131195,0.0,0.0,0.0
160.17160773277283,-2.2140590383832772,1.2000818538997207,-0.1783242982952299,0.0,0.0,0.0
160.20543789863586,-2.2242697915238607,1.2011665136695413,-0.17754282506374744,0.0,0.0,0.0
160.2393684387207,-2.2345092547585095,1.203002327585022,-0.17670080122637308,0.0,0.0,0.0
160.27362942695618,-2.2443624870504544,1.2047717178511754,-0.1758090639229598,0.0,0.0,0.0
160.30758213996887,-2.253956991445717,1.2064971856609235,-0.1748841454803399,0.0,0.0,0.0
160.34149479866028,-2.2574664610839457,1.2057335734990238,-0.1745535375807328,0.0,0.0,0.0
160.37544178962708,-2.252039996385992,1.2046691362569344,-0.17509951393376308,0.0,0.0,0.0
160.4092833995819,-2.2460104840935813,1.203603672497744,-0.17571099006909077,0.0,0.0,0.0
160.44327688217163,-2.240154106409536,1.2025537678213376,-0.1763106148031365,0.0,0.0,0.0
160.4772675037384,-2.2345111079208,1.2015271489710166,-0.17689275027733078,0.0,0.0,0.0
160.51166820526123,-2.2304205259621543,1.2015225793942388,-0.17760557243415648,0.0,0.0,0.0
160.54533672332764,-2.2360812071530307,1.2032440194398717,-0.17930136668726562,0.0,0.0,0.0
160.57927060127258,-2.245611648457488,1.2049727601595164,-0.18138285683636698,0.0,0.0,0.0
160.61326479911804,-2.25471664442893,1.2066550319363536,-0.1834191083660487,0.0,0.0,0.0
160.64756870269775,-2.2634747872195753,1.208303077805121,-0.18541885517508813,0.0,0.0,0.0
160.68130207061768,-2.271821102358163,1.2098191072187476,-0.1873984442964787,0.0,0.0,0.0
160.71530723571777,-2.272806935177151,1.2086203124094048,-0.19011197000913826,0.0,0.0,0.0
160.7499134540558,-2.26618357293215,1.2073057977383137,-0.19356124160189514,0.0,0.0,0.0
160.7833960056305,-2.2594143128030577,1.2059674898179906,-0.19702639801344243,0.0,0.0,0.0
160.81747269630432,-2.2527692305498146,1.2046182866128525,-0.20048321025733584,0.0,0.0,0.0
160.85156178474426,-2.2462744560933547,1.2032650521873214,-0.2039317954348527,0.0,0.0,0.0
160.8852996826172,-2.243325225937653,1.2038749249190275,-0.20775195277408054,0.0,0.0,0.0
160.91926074028015,-2.2499758009630546,1.205578853742812,-0.2125420447473861,0.0,0.0,0.0
160.95354199409485,-2.257705237278024,1.2072614065232978,-0.21743505955551473,0.0,0.0,0.0
161.00431203842163,-2.268595511995639,1.2097220764374965,-0.22468955115307584,0.0,0.0,0.0
161.0383665561676,-2.2753876553813006,1.2112700675170827,-0.22947800838937785,0.0,0.0,0.0
161.07283544540405,-2.274881857687978,1.209628031673167,-0.2349421951412579,0.0,0.0,0.0
161.1074914932251,-2.2668581258756086,1.2076585037755272,-0.24129641333783763,0.0,0.0,0.0
161.14136266708374,-2.2589627603320617,1.205687309639804,-0.24749358726275386,0.0,0.0,0.0
161.17527794837952,-2.253602272314607,1.2012704836839538,-0.25345796895747436,0.0,0.0,0.0
161.2095890045166,-2.2576322371313133,1.1914345995227096,-0.25881046146013176,0.0,0.0,0.0
161.24395394325256,-2.2632086171097794,1.1815917207647837,-0.2641306784301502,0.0,0.0,0.0
161.29424214363098,-2.2715724747151267,1.1668263763238131,-0.272110077878256,0.0,0.0,0.0
161.32982468605042,-2.2773121064400303,1.1566928106306806,-0.27758549308360503,0.0,0.0,0.0
161.36365485191345,-2.282570643746762,1.149723119659375,-0.2829195478256605,0.0,0.0,0.0
161.39740014076233,-2.287466739508683,1.1506897320816434,-0.2883475106656987,0.0,0.0,0.0
161.4312400817871,-2.290618554293593,1.1507325423315777,-0.29390636247523555,0.0,0.0,0.0
161.46539735794067,-2.2842035422896365,1.1478111844239298,-0.3003676902366173,0.0,0.0,0.0
161.51658606529236,-2.26997334296812,1.1434344349192171,-0.3105311266815824,0.0,0.0,0.0
161.5505986213684,-2.2680668642600277,1.1445139480959365,-0.31813225593513483,0.0,0.0,0.0
161.5843861103058,-2.272056461357137,1.145852545194233,-0.3263205971342103,0.0,0.0,0.0
161.6186363697052,-2.2731850613699267,1.1449380836673297,-0.33476012938557637,0.0,0.0,0.0
161.65251445770264,-2.2648281305399522,1.1414607736455833,-0.3440453816905341,0.0,0.0,0.0
161.686261177063,-2.254883327928784,1.1378392087875269,-0.3534748912125569,0.0,0.0,0.0
161.72042202949524,-2.248765239762201,1.1370955469448243,-0.36336016270997706,0.0,0.0,0.0
161.75433015823364,-2.251111791219836,1.1382356673000504,-0.3741278965838848,0.0,0.0,0.0
161.78821325302124,-2.2532255051619634,1.1387915367805184,-0.38498887279533534,0.0,0.0,0.0
161.8223569393158,-2.246838125250531,1.1347209748927864,-0.3966831414223589,0.0,0.0,0.0
161.85645604133606,-2.2364589817777243,1.1303006434645013,-0.4087186894187887,0.0,0.0,0.0
161.89067578315735,-2.227186451439618,1.1269293817295531,-0.42092379838591154,0.0,0.0,0.0
161.92541337013245,-2.2268128087183943,1.1277299132391463,-0.43450908402940835,0.0,0.0,0.0
161.9595010280609,-2.228273645731743,1.1284307718478697,-0.44789443144863067,0.0,0.0,0.0
161.99402928352356,-2.223985937473501,1.1247566323438196,-0.4618548949339875,0.0,0.0,0.0
162.0444393157959,-2.2074664343466335,1.1162898974299433,-0.48371782783869594,0.0,0.0,0.0
162.07825803756714,-2.1993827116395193,1.113211332248003,-0.4987024796687833,0.0,0.0,0.0
162.112380027771,-2.1991401726266107,1.1133130004454017,-0.514550498218715,0.0,0.0,0.0
162.1463074684143,-2.198496754404839,1.112750357959933,-0.5304687930563742,0.0,0.0,0.0
162.18031454086304,-2.1897000223366634,1.106363987711742,-0.5471856577686691,0.0,0.0,0.0
162.21420550346375,-2.178060428085128,1.099140158084965,-0.5641409735038643,0.0,0.0,0.0
162.24828600883484,-2.1684756341671654,1.0937656713491406,-0.5814114840717564,0.0,0.0,0.0
162.28252148628235,-2.166684041395316,1.0929451013531573,-0.5996024575711864,0.0,0.0,0.0
162.31635355949402,-2.1646070235671617,1.0913645993524042,-0.6178684943777956,0.0,0.0,0.0
162.350270986557,-2.154753608123867,1.0834084713931866,-0.6369617006080349,0.0,0.0,0.0
162.38443851470947,-2.1426571519865893,1.074279095354923,-0.6562521841931873,0.0,0.0,0.0
162.41838192939758,-2.1338907953358097,1.0681143439124157,-0.6760111355755549,0.0,0.0,0.0
162.45320200920105,-2.131256123378636,1.0659884897121024,-0.6965173334515339,0.0,0.0,0.0
162.50326204299927,-2.120670856972378,1.0563908887556726,-0.7280018271020331,0.0,0.0,0.0
162.53759622573853,-2.1084054637330634,1.0452181204820765,-0.7496114098887102,0.0,0.0,0.0
162.57131695747375,-2.099018928848743,1.0365199942342433,-0.7716325761541342,0.0,0.0,0.0
162.60548090934753,-2.0953662014269954,1.032900396607399,-0.7944162110076646,0.0,0.0,0.0
162.63954305648804,-2.0891829081279822,1.0266070163372767,-0.8174385099332326,0.0,0.0,0.0
162.6732668876648,-2.077157963481168,1.0135550840784837,-0.8412092861485231,0.0,0.0,0.0
162.7074854373932,-2.0718776234269454,1.0026129901536256,-0.8647355966794859,0.0,0.0,0.0
162.74178624153137,-2.0762585056435134,0.9918172440852937,-0.8876759569702725,0.0,0.0,0.0
162.77541828155518,-2.0818588173030883,0.9810518505895888,-0.9105393782632897,0.0,0.0,0.0
162.80917096138,-2.0874827581270643,0.9703139082901383,-0.933406721306221,0.0,0.0,0.0
162.84332418441772,-2.093129787100753,0.95960425980483,-0.9562814106871975,0.0,0.0,0.0
162.87747979164124,-2.098798824229622,0.9489242650699233,-0.9791557309390775,0.0,0.0,0.0
162.91134428977966,-2.100873480483732,0.9381671442678879,-1.0022442599282402,0.0,0.0,0.0
162.94559264183044,-2.0947636260601183,0.9251427036883492,-1.0262968894496114,0.0,0.0,0.0
162.97957754135132,-2.086420792976628,0.9100711351130707,-1.0517102709923958,0.0,0.0,0.0
163.01332306861877,-2.076039912685695,0.8928765595729604,-1.0784818245681713,0.0,0.0,0.0
163.04746532440186,-2.0653821930466107,0.8736318633280692,-1.1065433184473468,0.0,0.0,0.0
163.0813250541687,-2.0552727479886226,0.852789906112145,-1.1358478973084294,0.0,0.0,0.0
163.11535239219666,-2.045738011285511,0.8314513162059713,-1.1663224716819378,0.0,0.0,0.0
163.149343252182,-2.0367991183696694,0.8096611027432347,-1.197935677233862,0.0,0.0,0.0
163.18374729156494,-2.028510792582759,0.7874430437014396,-1.2306533334344354,0.0,0.0,0.0
163.21795845031738,-2.020900426822398,0.7647887857068705,-1.2644817491587852,0.0,0.0,0.0
163.25189232826233,-2.014005777223146,0.7416374017339656,-1.2994222574640661,0.0,0.0,0.0
163.2858624458313,-2.0078748094229564,0.7180382585861832,-1.3354322087397286,0.0,0.0,0.0
163.31979846954346,-2.0025671547230783,0.6940384058195035,-1.372478929554345,0.0,0.0,0.0
163.37070441246033,-1.9962200971987498,0.6571601639085518,-1.4300344710091912,0.0,0.0,0.0
163.4045774936676,-1.993147590816107,0.6320577885767654,-1.469705631257827,0.0,0.0,0.0
163.43838047981262,-1.9910661031657688,0.6066177873962016,-1.5103576287043494,0.0,0.0,0.0
163.4723994731903,-1.9900202322185097,0.5807987220459279,-1.5519853738488871,0.0,0.0,0.0
163.5071747303009,-1.9900585281657148,0.5547881606186816,-1.5945650630090307,0.0,0.0,0.0
163.5419671535492,-1.9912592267361524,0.5282636890193965,-1.6393236428959865,0.0,0.0,0.0
163.57545042037964,-1.9935317787345002,0.5030122662622755,-1.6837163272829467,0.0,0.0,0.0
163.60951447486877,-1.9968252707999352,0.4783889816456843,-1.7290929061340043,0.0,0.0,0.0
163.6434223651886,-2.001200188761881,0.4543176272173167,-1.7755252467948222,0.0,0.0,0.0
163.6777377128601,-2.006547372638335,0.43119331632926194,-1.8229763575424,0.0,0.0,0.0
163.71141958236694,-2.012846593022153,0.4088301967656464,-1.8702154197400676,0.0,0.0,0.0
163.74548268318176,-2.0200491663298883,0.38715472307379445,-1.916283203508051,0.0,0.0,0.0
163.77930068969727,-2.0280377436075874,0.3662904045383214,-1.9611523618115003,0.0,0.0,0.0
163.81337237358093,-2.0365589233362753,0.3463439906744818,-2.0047609031675115,0.0,0.0,0.0
163.84757566452026,-2.0456011825897114,0.3273254011525425,-2.0470774668592577,0.0,0.0,0.0
163.88142228126526,-2.055127394786554,0.3092100626596094,-2.088097839782815,0.0,0.0,0.0
163.915429353714,-2.0648873363783466,0.29214467497317453,-2.1278014573806123,0.0,0.0,0.0
163.94938611984253,-2.0746879558527436,0.27602491723512995,-2.166149945776648,0.0,0.0,0.0
163.98379945755005,-2.083763042465191,0.26162660505421526,-2.2032547040122257,0.0,0.0,0.0
164.03429698944092,-2.093872916549976,0.24894106261749663,-2.2583623999976288,0.0,0.0,0.0
164.0683934688568,-2.100533940761413,0.2407201085395687,-2.2950867851437824,0.0,0.0,0.0
164.10262846946716,-2.1077706991766774,0.23215959592555732,-2.3318747690639126,0.0,0.0,0.0
164.1364986896515,-2.1175510205294237,0.2222166481260288,-2.3686098500446953,0.0,0.0,0.0
164.17044520378113,-2.132533436005894,0.2071806564940061,-2.4039925443599635,0.0,0.0,0.0
164.20430517196655,-2.1415806555793075,0.19869287156686485,-2.4381757364659093,0.0,0.0,0.0
164.23866510391235,-2.1545055814094347,0.1867155570574507,-2.470984872837734,0.0,0.0,0.0
164.27263951301575,-2.1632353792510877,0.17928373277012039,-2.502580859726337,0.0,0.0,0.0
164.30647206306458,-2.17180626983946,0.17218274180271087,-2.5328567274693556,0.0,0.0,0.0
164.3405933380127,-2.1811913584602745,0.1644617312143655,-2.5618521117866746,0.0,0.0,0.0
164.37436366081238,-2.1887137048126752,0.15864580128746514,-2.5896226012108814,0.0,0.0,0.0
164.40829038619995,-2.195422155319523,0.15366911155096072,-2.6161125349477503,0.0,0.0,0.0
164.44231939315796,-2.201343414259378,0.1494430306121364,-2.6413563521313774,0.0,0.0,0.0
164.476380109787,-2.2062456170469007,0.1462065061381154,-2.665357289283392,0.0,0.0,0.0
164.5121705532074,-2.209714213329714,0.14436779469339228,-2.6880266274524742,0.0,0.0,0.0
164.56254172325134,-2.213132150611036,0.14276730110459054,-2.720241205499494,0.0,0.0,0.0
164.59644627571106,-2.214778929825957,0.14206592206143423,-2.7397720085252693,0.0,0.0,0.0
164.63047695159912,-2.2159243293280313,0.14159760360797014,-2.758100124346115,0.0,0.0,0.0
164.66448760032654,-2.2167744003189225,0.14126928178091236,-2.7752425689122804,0.0,0.0,0.0
164.69828629493713,-2.217339080608366,0.14106932897177552,-2.7911977839148343,0.0,0.0,0.0
164.73247814178467,-2.2174593777964255,0.14101376185101486,-2.8059570520482024,0.0,0.0,0.0
164.7669322490692,-2.217282592672993,0.14107813054215554,-2.8195394475595137,0.0,0.0,0.0
164.80064058303833,-2.2168996384540773,0.14120636169513548,-2.8319641424301123,0.0,0.0,0.0
164.83421730995178,-2.216272543535296,0.14140886194402183,-2.8432344077135014,0.0,0.0,0.0
164.8682553768158,-2.215371770326166,0.141683155835348,-2.853350449161633,0.0,0.0,0.0
164.90287041664124,-2.2143349945965394,0.14198715166576012,-2.8623249397213892,0.0,0.0,0.0
164.9368131160736,-2.2131450990602333,0.14232645463365687,-2.8701589057278207,0.0,0.0,0.0
164.97049117088318,-2.2118119605726063,0.1426929266533781,-2.8768577932631327,0.0,0.0,0.0
165.00433993339539,-2.210452606213562,0.1430376382755861,-2.8824342359036494,0.0,0.0,0.0
165.03830862045288,-2.209036940731392,0.14341026347916322,-2.8868917967461085,0.0,0.0,0.0
165.07253408432007,-2.207572133758943,0.14378906745636158,-2.8902349024447034,0.0,0.0,0.0
165.10663676261902,-2.206126433927848,0.14415862104222332,-2.8924709302218172,0.0,0.0,0.0
165.14088463783264,-2.204727205133203,0.14451373279626245,-2.893603674383356,0.0,0.0,0.0
165.17578983306885,-2.203361289481993,0.1448594343110359,-2.8936214092858337,0.0,0.0,0.0
165.2096745967865,-2.2021367852007256,0.14516987287029795,-2.8925274958921685,0.0,0.0,0.0
165.24332690238953,-2.2010301217148314,0.14545209820938906,-2.8903409874816943,0.0,0.0,0.0
165.27741694450378,-2.20009928740466,0.14569177081533968,-2.8870665258632955,0.0,0.0,0.0
165.31172633171082,-2.1993641387189,0.14586287192245032,-2.8827059691313126,0.0,0.0,0.0
165.34546995162964,-2.1994568296557806,0.14532845063262995,-2.877354297688874,0.0,0.0,0.0
165.3794949054718,-2.2033889145401933,0.1371237307344201,-2.8722798122019695,0.0,0.0,0.0
165.41342616081238,-2.207337617433757,0.12733563899130132,-2.86732940262808,0.0,0.0,0.0
165.44841694831848,-2.2114038134786003,0.11725829721569303,-2.8622343188392816,0.0,0.0,0.0
165.48237371444702,-2.2155858766460694,0.1076990536043316,-2.857271443912284,0.0,0.0,0.0
165.51656341552734,-2.226723133495285,0.10317147292179445,-2.8518428865652483,0.0,0.0,0.0
165.55029010772705,-2.2361469344783096,0.10186832839747416,-2.8458680076720637,0.0,0.0,0.0
165.58484768867493,-2.236394554827416,0.10207766733965443,-2.839036318757808,0.0,0.0,0.0
165.61945581436157,-2.235698081734116,0.10230608985292115,-2.831921700748085,0.0,0.0,0.0
165.65339732170105,-2.2393169875483654,0.09954937037088428,-2.824521287263015,0.0,0.0,0.0
165.68894004821777,-2.2521140521538485,0.09505411931801627,-2.8159932913036094,0.0,0.0,0.0
165.72440385818481,-2.2658351205072154,0.09037169993351893,-2.8071484437836958,0.0,0.0,0.0
165.7588756084442,-2.271977042987091,0.08995718126212403,-2.798165487186478,0.0,0.0,0.0
165.7936487197876,-2.271590102739231,0.09011245244997142,-2.7882825105500606,0.0,0.0,0.0
165.8276081085205,-2.2713534979136334,0.09016259154078725,-2.7786835577873155,0.0,0.0,0.0
165.86278557777405,-2.278500398950607,0.08566059083699919,-2.7679417945698397,0.0,0.0,0.0
165.89670372009277,-2.291343527014103,0.08054195877434255,-2.7569420182844446,0.0,0.0,0.0
165.93069982528687,-2.3033565568069454,0.07602224926291339,-2.745870223958187,0.0,0.0,0.0
165.96454000473022,-2.3067184531878824,0.07588271127832076,-2.733979303104313,0.0,0.0,0.0
165.99841046333313,-2.3069979480933545,0.07576283851582784,-2.721801885861172,0.0,0.0,0.0
166.0335569381714,-2.308344227178814,0.07470596010962753,-2.7091773794668934,0.0,0.0,0.0
166.06772589683533,-2.3184330684788095,0.06874287540590775,-2.695908141852269,0.0,0.0,0.0
166.10135579109192,-2.3313202434277156,0.06247374520259123,-2.682377170966679,0.0,0.0,0.0
166.13563132286072,-2.3419287939208107,0.05819224044167378,-2.6686007738056006,0.0,0.0,0.0
166.1705858707428,-2.34406130953681,0.05756208416495447,-2.6535561435667607,0.0,0.0,0.0
166.20471835136414,-2.345349009939701,0.05687163093356354,-2.638879493843567,0.0,0.0,0.0
166.23858618736267,-2.3491739148199278,0.05371963877418939,-2.6238834217383658,0.0,0.0,0.0
166.27266550064087,-2.3614410167504603,0.04614513313633392,-2.60793449983128,0.0,0.0,0.0
166.3069097995758,-2.3744379709653174,0.0382855137168411,-2.5918969784822687,0.0,0.0,0.0
166.34040880203247,-2.381423507629036,0.028101277478093035,-2.5762564194107354,0.0,0.0,0.0
166.3747537136078,-2.3848863760296783,0.018734839856828014,-2.5606573545252402,0.0,0.0,0.0
166.40895819664001,-2.3872850592790833,0.016348382440343423,-2.5446527189138144,0.0,0.0,0.0
166.4426929950714,-2.3899250163494274,0.014514821519401602,-2.5286530987453535,0.0,0.0,0.0
166.4766082763672,-2.3938270995820683,0.006888164172759506,-2.512999993633182,0.0,0.0,0.0
166.51050066947937,-2.397801519521673,-0.002798597534438796,-2.497471616611252,0.0,0.0,0.0
166.54562067985535,-2.4086427027749457,-0.013264529497526361,-2.4809479951002706,0.0,0.0,0.0
166.57944536209106,-2.421899409606557,-0.02374961215639127,-2.464662934664186,0.0,0.0,0.0
166.6135265827179,-2.4342318367798703,-0.03369470043366528,-2.4482703073350063,0.0,0.0,0.0
166.64789986610413,-2.4389531406572162,-0.0371935499538023,-2.4309550255821124,0.0,0.0,0.0
166.69834518432617,-2.444192133291567,-0.04181972900145826,-2.404816062625022,0.0,0.0,0.0
166.73273730278015,-2.449666836495872,-0.0469734482550611,-2.3871787212830045,0.0,0.0,0.0
166.7667498588562,-2.4621925843125796,-0.059038827161398424,-2.368562017784772,0.0,0.0,0.0
166.8004026412964,-2.474904953640936,-0.07167968666627456,-2.349878786402684,0.0,0.0,0.0
166.83473443984985,-2.486676244359057,-0.08384462536708637,-2.3310868886755856,0.0,0.0,0.0
166.86835265159607,-2.491541316162783,-0.0891213795010123,-2.31144133210402,0.0,0.0,0.0
166.90262079238892,-2.495667371370637,-0.09372446867701245,-2.2917159171415133,0.0,0.0,0.0
166.93639135360718,-2.499955476825914,-0.0986630022238096,-2.27200622257844,0.0,0.0,0.0
166.97049856185913,-2.510332075816667,-0.11048124778627202,-2.251388723569624,0.0,0.0,0.0
167.00434374809265,-2.5222084592424063,-0.1254699631713006,-2.230405000137567,0.0,0.0,0.0
167.03834342956543,-2.533638720965705,-0.1406039458082345,-2.2093687490164697,0.0,0.0,0.0
167.07227849960327,-2.53918245421585,-0.14908522245272834,-2.1875836631788776,0.0,0.0,0.0
167.10670948028564,-2.5436873706892893,-0.15559374559067887,-2.1656300353664237,0.0,0.0,0.0
167.14052963256836,-2.547428146106627,-0.16365778263774666,-2.143800132315151,0.0,0.0,0.0
167.1745207309723,-2.5506986077369342,-0.173065825240651,-2.1220455675471586,0.0,0.0,0.0
167.2083842754364,-2.559437843751026,-0.18839400123055036,-2.0994991306062616,0.0,0.0,0.0
167.24253225326538,-2.5685868263526386,-0.20530508463798722,-2.076653016958972,0.0,0.0,0.0
167.27641987800598,-2.572283117056329,-0.21563089590030238,-2.053925463688789,0.0,0.0,0.0
167.31076312065125,-2.5777453644705863,-0.2274110551684462,-2.0307670426233804,0.0,0.0,0.0
167.34452867507935,-2.5820849782846924,-0.23659258208647238,-2.0068470186249976,0.0,0.0,0.0
167.37846088409424,-2.586544813577264,-0.24616396093048343,-1.9829180129929551,0.0,0.0,0.0
167.41232800483704,-2.5950013516761086,-0.263305956395592,-1.9581579617571534,0.0,0.0,0.0
167.4463210105896,-2.6027202381385095,-0.2837674814081474,-1.932950423953689,0.0,0.0,0.0
167.48032641410828,-2.6066268888178996,-0.2965359738620774,-1.9069912575182493,0.0,0.0,0.0
167.51439762115479,-2.6113202446818518,-0.3086365708733985,-1.8807740044413583,0.0,0.0,0.0
167.54839038848877,-2.618110817260083,-0.32924301895284824,-1.8536974450678423,0.0,0.0,0.0
167.58256793022156,-2.622027014340135,-0.3467245481165423,-1.8259889473598194,0.0,0.0,0.0
167.61639380455017,-2.6257361443007903,-0.3598476885014578,-1.797772069024297,0.0,0.0,0.0
167.65062403678894,-2.6306975980684943,-0.38121870468881097,-1.7686972576290425,0.0,0.0,0.0
167.6844780445099,-2.633175098651985,-0.3979297923012707,-1.7388360223680848,0.0,0.0,0.0
167.7188115119934,-2.636588937102564,-0.41595391276278754,-1.7082505896888927,0.0,0.0,0.0
167.75348615646362,-2.6385823223416,-0.4348353769594556,-1.6756755227327087,0.0,0.0,0.0
167.7875280380249,-2.6403814282547695,-0.45299277293092355,-1.6430403880501023,0.0,0.0,0.0
167.83849906921387,-2.6417801980436932,-0.4777340599858923,-1.592212782972227,0.0,0.0,0.0
167.87263703346252,-2.64184100241728,-0.4936664686511964,-1.5571105285195335,0.0,0.0,0.0
167.90652084350586,-2.6415526088697803,-0.5098347716216547,-1.521103934122235,0.0,0.0,0.0
167.94047737121582,-2.6436117303354076,-0.5202925791411311,-1.4846338025982202,0.0,0.0,0.0
167.9744553565979,-2.6456908663413534,-0.5295890706842812,-1.4481646979801275,0.0,0.0,0.0
168.00832176208496,-2.6432161444424174,-0.5447608756562018,-1.4118140174278595,0.0,0.0,0.0
168.0425000190735,-2.639035090169217,-0.5685284110940384,-1.374539118707625,0.0,0.0,0.0
168.0765688419342,-2.634442217944396,-0.5886897393211894,-1.3366279556697986,0.0,0.0,0.0
168.11067819595337,-2.628005405050477,-0.6137949094577015,-1.2980990117695244,0.0,0.0,0.0
168.14454674720764,-2.621748160842254,-0.6347921532655573,-1.2591572021821371,0.0,0.0,0.0
168.1783308982849,-2.6139940482544635,-0.658443758381015,-1.2198035202301396,0.0,0.0,0.0
168.21225881576538,-2.6107621467306195,-0.6775018986779149,-1.1802965971640471,0.0,0.0,0.0
168.24642848968506,-2.6011015500482464,-0.7000426609866042,-1.1410843942387299,0.0,0.0,0.0
168.28046917915344,-2.5913574701675746,-0.7215784628966936,-1.1018173699022038,0.0,0.0,0.0
168.31448698043823,-2.5797480051398507,-0.7437337815053598,-1.0628082746021719,0.0,0.0,0.0
168.34834003448486,-2.568012496616913,-0.7640382395862726,-1.0236462369904384,0.0,0.0,0.0
168.38237810134888,-2.5541528398488818,-0.7857503746185603,-0.9846936814031764,0.0,0.0,0.0
168.41641068458557,-2.542208039509638,-0.8047497312798515,-0.9459714905217043,0.0,0.0,0.0
168.45069575309753,-2.5282360570487743,-0.8231493535117095,-0.907704850743437,0.0,0.0,0.0
168.48555612564087,-2.5121337302564335,-0.8434634732953294,-0.8690270054976417,0.0,0.0,0.0
168.51932787895203,-2.4954192653555567,-0.8625344385876099,-0.8324047676305413,0.0,0.0,0.0
168.55363297462463,-2.4805961752711956,-0.8786531227682024,-0.7966684581792371,0.0,0.0,0.0
168.5876019001007,-2.4653483447322553,-0.8947220371935247,-0.7620942743412733,0.0,0.0,0.0
168.62164974212646,-2.4506090245698693,-0.9103003392449264,-0.7287789886793791,0.0,0.0,0.0
168.65577602386475,-2.436404605550747,-0.9253627648973555,-0.6967490602082985,0.0,0.0,0.0
168.68963289260864,-2.4226598592372377,-0.9399848299496075,-0.6660008708328184,0.0,0.0,0.0
168.72480273246765,-2.409092288452379,-0.954475883932067,-0.63568266802469,0.0,0.0,0.0
168.77561473846436,-2.3902489782533167,-0.9747025287758164,-0.5939572657329736,0.0,0.0,0.0
168.80971360206604,-2.378030917069599,-0.9878675424224117,-0.5677440585485254,0.0,0.0,0.0
168.8434407711029,-2.366187262994923,-1.0006775751440322,-0.5427906548964606,0.0,0.0,0.0
168.87874102592468,-2.354500404057412,-1.0133796094617453,-0.5184323480126584,0.0,0.0,0.0
168.91253638267517,-2.343589078314167,-1.0252968428731182,-0.49606698347047834,0.0,0.0,0.0
168.94644570350647,-2.332956977027556,-1.0369539870506226,-0.47497022480820267,0.0,0.0,0.0
168.98048734664917,-2.3226548961765427,-1.0482998894004945,-0.45513096246189866,0.0,0.0,0.0
169.01437973976135,-2.3127082508066086,-1.05946595881116,-0.4365405161354617,0.0,0.0,0.0
169.04844450950623,-2.303029009693035,-1.0707569005397553,-0.4191727379952606,0.0,0.0,0.0
169.08239579200745,-2.2935527970780956,-1.0817437662811387,-0.4028365018177493,0.0,0.0,0.0
169.11653423309326,-2.28430144694085,-1.092149088290009,-0.387440811514009,0.0,0.0,0.0
169.15034770965576,-2.275384963965522,-1.1020413058147633,-0.37297910489703334,0.0,0.0,0.0
169.18451189994812,-2.266742033705806,-1.1114838853422744,-0.35944955093273917,0.0,0.0,0.0
169.21838450431824,-2.258332184411157,-1.1205021613022619,-0.3468438556670227,0.0,0.0,0.0
169.25261044502258,-2.250192094936983,-1.1290839529016001,-0.3351605021446968,0.0,0.0,0.0
169.28661251068115,-2.242320577513622,-1.1373172793357138,-0.32439405494017826,0.0,0.0,0.0
169.3206663131714,-2.2345031568190645,-1.1452283556827014,-0.31452823909030225,0.0,0.0,0.0
169.35433793067932,-2.226768091418347,-1.1528021268857138,-0.3055688738152148,0.0,0.0,0.0
169.38845372200012,-2.2191979608427848,-1.1601192814120538,-0.29750529924256985,0.0,0.0,0.0
169.42274689674377,-2.211638867634493,-1.1672104545168236,-0.29031732727618875,0.0,0.0,0.0
169.45638871192932,-2.2040888259730216,-1.1740695818920555,-0.2840138001184171,0.0,0.0,0.0
169.49052333831787,-2.196662725140645,-1.1807396045030203,-0.2785978870421306,0.0,0.0,0.0
169.52465152740479,-2.189213286878741,-1.1872630176745727,-0.27404519519115483,0.0,0.0,0.0
169.55833292007446,-2.1817240605397648,-1.1936556459107188,-0.2703545746106836,0.0,0.0,0.0
169.5924084186554,-2.1742993043240326,-1.199919174585564,-0.26754249477081254,0.0,0.0,0.0
169.6263403892517,-2.1668338037623704,-1.2061080399052038,-0.26558820499029623,0.0,0.0,0.0
169.660471200943,-2.159294666949343,-1.212239232434472,-0.2644891218304151,0.0,0.0,0.0
169.69430923461914,-2.1517658700602835,-1.2183207547159198,-0.2642594486353685,0.0,0.0,0.0
169.72828245162964,-2.1441422167949282,-1.2243984007686692,-0.2648765863338573,0.0,0.0,0.0
169.76238441467285,-2.136406772022526,-1.2304949023070642,-0.2663371430099312,0.0,0.0,0.0
169.79659152030945,-2.1286012565375487,-1.2366161970392553,-0.26865338657104726,0.0,0.0,0.0
169.83030796051025,-2.120688977080403,-1.2427953016411086,-0.2718167304965497,0.0,0.0,0.0
169.86468887329102,-2.1126373142900747,-1.2490592464118688,-0.27582234108534326,0.0,0.0,0.0
169.8996512889862,-2.1041966666964216,-1.2556185251086698,-0.2808242800779022,0.0,0.0,0.0
169.93343710899353,-2.0958818073626273,-1.262108689281352,-0.28654610231318955,0.0,0.0,0.0
169.96755361557007,-2.0873776418911443,-1.2687581258702214,-0.2931038619151355,0.0,0.0,0.0
170.00148177146912,-2.0786999518844502,-1.2755820684450518,-0.30050764509309713,0.0,0.0,0.0
170.05257534980774,-2.065352648070659,-1.2861917739942643,-0.3131992396179639,0.0,0.0,0.0
170.0866503715515,-2.0562084498161277,-1.293553261590092,-0.3227107237591177,0.0,0.0,0.0
170.12042117118835,-2.0468597313066472,-1.301173015530458,-0.3330677437064461,0.0,0.0,0.0
170.154470205307,-2.037295115926417,-1.3090769967394829,-0.3442728219374094,0.0,0.0,0.0
170.1883647441864,-2.027504185681863,-1.3172923128361398,-0.3563209103878473,0.0,0.0,0.0
170.22238397598267,-2.017490170100691,-1.3258415338987202,-0.3692117228732806,0.0,0.0,0.0
170.25634002685547,-2.0072610854716775,-1.3347450511279948,-0.38295652857618995,0.0,0.0,0.0
170.29087901115417,-1.996787945205223,-1.3440394932608417,-0.39755792615852825,0.0,0.0,0.0
170.32439064979553,-1.9860949251980091,-1.353740964738566,-0.41302170558104934,0.0,0.0,0.0
170.35857725143433,-1.9751480419961622,-1.36372978533219,-0.4294882983920635,0.0,0.0,0.0
170.39288425445557,-1.9639578645803202,-1.373873754949402,-0.44710654065973937,0.0,0.0,0.0
170.42647242546082,-1.9525148140868664,-1.3841801886814378,-0.46589704276214255,0.0,0.0,0.0
170.4604253768921,-1.9408422999897235,-1.3946491656537034,-0.4858617308346204,0.0,0.0,0.0
170.49436402320862,-1.928945903504913,-1.405267945836088,-0.5069805066370026,0.0,0.0,0.0
170.52835488319397,-1.9168371119150878,-1.4160314930155808,-0.5292634832366749,0.0,0.0,0.0
170.562420129776,-1.9045073055974444,-1.4269457298062445,-0.5527314547103205,0.0,0.0,0.0
170.59654569625854,-1.8918577166295072,-1.4380058519903243,-0.5773716345004958,0.0,0.0,0.0
170.630793094635,-1.8788062864335962,-1.4491985303800536,-0.6031674100641206,0.0,0.0,0.0
170.66536712646484,-1.8649497201631648,-1.4608650093439124,-0.6309621404132496,0.0,0.0,0.0
170.69957542419434,-1.8510565449020058,-1.4723628743424704,-0.659187343238386,0.0,0.0,0.0
170.73345732688904,-1.8368280285927634,-1.4839803931647815,-0.688608172099905,0.0,0.0,0.0
170.76845359802246,-1.8223817654747871,-1.4962085405809737,-0.7191831448381446,0.0,0.0,0.0
170.80246257781982,-1.807313165558097,-1.5097500101368269,-0.7518744076743128,0.0,0.0,0.0
170.8364133834839,-1.7924091473541754,-1.5240168223499855,-0.7847989026730416,0.0,0.0,0.0
170.87085938453674,-1.77740092689169,-1.5393916595312582,-0.8188670662027643,0.0,0.0,0.0
170.90445637702942,-1.7623760269066735,-1.5558338116500319,-0.8540958214885892,0.0,0.0,0.0
170.9388952255249,-1.747305575790254,-1.5733202757729536,-0.8904843884092977,0.0,0.0,0.0
170.98924803733826,-1.7264635083485287,-1.6005441759402785,-0.9446048838527705,0.0,0.0,0.0
171.0232973098755,-1.7136683083256081,-1.6188975601636464,-0.9794573097319225,0.0,0.0,0.0
171.05733180046082,-1.7018266225502636,-1.6371771305948477,-1.0133143138322338,0.0,0.0,0.0
171.09172177314758,-1.6909553398385335,-1.655271103079639,-1.0461851936450293,0.0,0.0,0.0
171.1254324913025,-1.6808949365740087,-1.673317229605514,-1.0780674579250271,0.0,0.0,0.0
171.1600480079651,-1.6716434134625595,-1.691206769357506,-1.1089242528319527,0.0,0.0,0.0
171.19362449645996,-1.6633617693321405,-1.708491956676558,-1.1386948226875846,0.0,0.0,0.0
171.2274615764618,-1.65586705143145,-1.7253969328341707,-1.1674621346812106,0.0,0.0,0.0
171.26134490966797,-1.6490568311812,-1.7420167210434117,-1.1952255756282197,0.0,0.0,0.0
171.29534149169922,-1.6429705962688463,-1.7581578496141583,-1.2219285772077693,0.0,0.0,0.0
171.3294460773468,-1.6376280040718945,-1.7734890300394057,-1.2475478604908703,0.0,0.0,0.0
171.3637261390686,-1.632882555141481,-1.7883101717792769,-1.2721518201763415,0.0,0.0,0.0
171.3974838256836,-1.6286883863545842,-1.8025826504779563,-1.2957352761019898,0.0,0.0,0.0
171.43127346038818,-1.6251245455586536,-1.815910832812972,-1.318235611300962,0.0,0.0,0.0
171.4659571647644,-1.6219743305312344,-1.8285608772182087,-1.339828578501386,0.0,0.0,0.0
171.49933576583862,-1.6191414201788523,-1.8406917773363198,-1.360545771527956,0.0,0.0,0.0
171.53389978408813,-1.6167930139095745,-1.852054386220171,-1.3801877631427468,0.0,0.0,0.0
171.567312002182,-1.6146235305431296,-1.8630515842901227,-1.3988012918557453,0.0,0.0,0.0
171.60132813453674,-1.6127516627698335,-1.873737038552553,-1.4164280072726732,0.0,0.0,0.0
171.63574290275574,-1.6112670345438558,-1.883807005097621,-1.4330465767717093,0.0,0.0,0.0
171.6868486404419,-1.6092486737347413,-1.8979273566910937,-1.4561102374247639,0.0,0.0,0.0
171.73752403259277,-1.607729249105216,-1.9113635301173268,-1.4770602196797291,0.0,0.0,0.0
171.77147698402405,-1.6062859031665453,-1.9207025551797379,-1.4899233895354467,0.0,0.0,0.0
171.80554723739624,-1.6049341671249466,-1.9305238063152694,-1.5019119231983624,0.0,0.0,0.0
171.83950781822205,-1.604060873281796,-1.9405020534617106,-1.5130239338776794,0.0,0.0,0.0
171.87336921691895,-1.6033028735670132,-1.9502117108275028,-1.5232026578742903,0.0,0.0,0.0
171.90736889839172,-1.6028435855237466,-1.9599925971772028,-1.5325059660513025,0.0,0.0,0.0
171.94165658950806,-1.602507838432448,-1.9698751331197615,-1.5409895714333062,0.0,0.0,0.0
171.9755256175995,-1.6022165757518008,-1.9793384101151088,-1.5485416103073415,0.0,0.0,0.0
172.00937414169312,-1.6020297511951453,-1.989088429664825,-1.55526277681568,0.0,0.0,0.0
172.04339337348938,-1.6018950545067967,-1.9984828105793826,-1.5610918640114748,0.0,0.0,0.0
172.07748794555664,-1.6017990419813126,-2.0080053833276836,-1.5661068375236245,0.0,0.0,0.0
172.11164546012878,-1.6017578925438334,-2.017354447744991,-1.5702900024753983,0.0,0.0,0.0
172.14572668075562,-1.601763462448033,-2.0266378734785313,-1.5736591620284588,0.0,0.0,0.0
172.17989253997803,-1.6017818232871557,-2.035834475886563,-1.5762100449092842,0.0,0.0,0.0
172.2138547897339,-1.6018066582749468,-2.044803606472948,-1.57791871072803,0.0,0.0,0.0
172.24783754348755,-1.6018355395553732,-2.053780058826532,-1.5788214746123614,0.0,0.0,0.0
172.28145551681519,-1.6018648697449653,-2.0627846173427167,-1.578919633984935,0.0,0.0,0.0
172.31545162200928,-1.601891241970863,-2.0717470700606913,-1.578200978232552,0.0,0.0,0.0
172.3493959903717,-1.6019121898766724,-2.0806929007326587,-1.5766697602055797,0.0,0.0,0.0
172.38344979286194,-1.6019262635747153,-2.089729915986173,-1.5743430135054335,0.0,0.0,0.0
172.41729593276978,-1.6019314862294638,-2.098803810291958,-1.5712110274011672,0.0,0.0,0.0
172.45147442817688,-1.6019066352545406,-2.108011990005241,-1.5672898127103208,0.0,0.0,0.0
172.48538947105408,-1.601811193474565,-2.117426464647204,-1.5625896710609866,0.0,0.0,0.0
172.5193316936493,-1.6016437335479705,-2.1269229145745214,-1.5571053917673865,0.0,0.0,0.0
172.55348753929138,-1.601398781947103,-2.136346302690669,-1.550819231946058,0.0,0.0,0.0
172.58749151229858,-1.60100381517108,-2.1456977200215603,-1.5437397563379072,0.0,0.0,0.0
172.62249898910522,-1.6004686404015462,-2.155240173365646,-1.535619344917685,0.0,0.0,0.0
172.65637183189392,-1.5998134874795553,-2.164427084651605,-1.526915885131834,0.0,0.0,0.0
172.69035267829895,-1.599010218967555,-2.1735304072125756,-1.5174056280928534,0.0,0.0,0.0
172.72456455230713,-1.5980462844252088,-2.1825464599162783,-1.5070821955772689,0.0,0.0,0.0
172.7585790157318,-1.596907788649659,-2.191473173215033,-1.495935437701398,0.0,0.0,0.0
172.79262828826904,-1.5955796146484673,-2.2003105149217115,-1.4839556961832023,0.0,0.0,0.0
172.82651448249817,-1.5940460188503394,-2.2090588764727306,-1.4711353025178335,0.0,0.0,0.0
172.86034178733826,-1.5922899089590505,-2.217716553865046,-1.457468631129641,0.0,0.0,0.0
172.89442992210388,-1.5902894456746999,-2.2262790567810957,-1.4429510535197616,0.0,0.0,0.0
172.92842292785645,-1.5880308034656285,-2.234740759307629,-1.427566056582886,0.0,0.0,0.0
172.96231245994568,-1.5854955455017736,-2.2430987825261814,-1.411299451238897,0.0,0.0,0.0
172.9970097541809,-1.5828605538817289,-2.2513531101637794,-1.3941128080403022,0.0,0.0,0.0
173.0475296974182,-1.5789102693285821,-2.2635388690420255,-1.3665535098493566,0.0,0.0,0.0
173.0813729763031,-1.5762812449325831,-2.271524126959919,-1.346980318912719,0.0,0.0,0.0
173.1157021522522,-1.5736611267293215,-2.279389407042633,-1.3264384576260502,0.0,0.0,0.0
173.1498520374298,-1.571049664567635,-2.287130432324888,-1.3049068437464861,0.0,0.0,0.0
173.20041680335999,-1.5671363608986835,-2.298510472864407,-1.2706975533820712,0.0,0.0,0.0
173.23427891731262,-1.5645270637028557,-2.3059420140708085,-1.2466061684546952,0.0,0.0,0.0
173.2682900428772,-1.5618654683279327,-2.313459858834607,-1.2216131658135239,0.0,0.0,0.0
173.3027045726776,-1.5588685603473538,-2.321356912463615,-1.1957319725984965,0.0,0.0,0.0
173.3367178440094,-1.5554409819200554,-2.329720964844362,-1.168942757836307,0.0,0.0,0.0
173.37043571472168,-1.551510493464055,-2.33861447838103,-1.141237428408524,0.0,0.0,0.0
173.4045867919922,-1.5471023983282557,-2.347874693015146,-1.1126054901540017,0.0,0.0,0.0
173.4384458065033,-1.542178553784587,-2.357489974451732,-1.0830641760574022,0.0,0.0,0.0
173.472332239151,-1.5365946133295265,-2.3676325887753324,-1.0526309282475743,0.0,0.0,0.0
173.50635290145874,-1.5304212484592532,-2.3780700121743217,-1.0212518283630994,0.0,0.0,0.0
173.54039883613586,-1.5236327853389995,-2.3887570779192235,-0.988937944906898,0.0,0.0,0.0
173.5747585296631,-1.5160571088015997,-2.3998629079242857,-0.955748946112765,0.0,0.0,0.0
173.60831093788147,-1.507770785590645,-2.411173239756259,-0.9216353285316263,0.0,0.0,0.0
173.64269256591797,-1.498771082717769,-2.422606147593041,-0.8865557186152322,0.0,0.0,0.0
173.67641019821167,-1.4889557202528876,-2.434204284282258,-0.8505431463404761,0.0,0.0,0.0
173.7103579044342,-1.4782575888441747,-2.445948305765737,-0.8136237771737075,0.0,0.0,0.0
173.74430775642395,-1.4667631985570422,-2.4576564073634954,-0.775752326392072,0.0,0.0,0.0
173.77849793434143,-1.4544235470661893,-2.4693003616717943,-0.7369330810773375,0.0,0.0,0.0
173.8135325908661,-1.4406875981515306,-2.4812626919809233,-0.6960648090643058,0.0,0.0,0.0
173.84770250320435,-1.4264545236329094,-2.4926726917823814,-0.6554655996613198,0.0,0.0,0.0
173.8814709186554,-1.4113820964256576,-2.5037714941325144,-0.6139278778674329,0.0,0.0,0.0
173.9154875278473,-1.3951058772385216,-2.5147420657234156,-0.5715182678251286,0.0,0.0,0.0
173.94933223724365,-1.3773494094781225,-2.525633672511372,-0.5282898750133674,0.0,0.0,0.0
173.98346614837646,-1.3583002519174046,-2.5362035786016213,-0.4841952551316452,0.0,0.0,0.0
174.01756143569946,-1.3378351988856392,-2.5464024574499846,-0.4392814275857246,0.0,0.0,0.0
174.05144929885864,-1.3158313697540087,-2.5561412189246786,-0.39362572946100627,0.0,0.0,0.0
174.08555579185486,-1.2925407479202407,-2.5651966451852326,-0.34717341716160294,0.0,0.0,0.0
174.1195363998413,-1.268478780109354,-2.5732811978261694,-0.30037515982922186,0.0,0.0,0.0
174.1533064842224,-1.2447134169735958,-2.5806087229848464,-0.2545401117518147,0.0,0.0,0.0
174.1877338886261,-1.2210856508326733,-2.5869597255951096,-0.20952548762912507,0.0,0.0,0.0
174.22154092788696,-1.1977337988641723,-2.5922229791774667,-0.16528008414902126,0.0,0.0,0.0
174.2553870677948,-1.1748455786910026,-2.5963740495406813,-0.121806440133232,0.0,0.0,0.0
174.2893717288971,-1.1527503375465742,-2.5993513464025644,-0.07916483634220717,0.0,0.0,0.0
174.32337594032288,-1.131154699150106,-2.6011081701573806,-0.03732664149388149,0.0,0.0,0.0
174.3574345111847,-1.1101146030897548,-2.6016272808670773,0.0037469758064477654,0.0,0.0,0.0
174.3914725780487,-1.0899785605163523,-2.6011651745083553,0.04404987447899574,0.0,0.0,0.0
174.42525792121887,-1.0706316210394344,-2.599980540267966,0.08351564934264494,0.0,0.0,0.0
174.45944547653198,-1.0516552296144273,-2.5981350978633992,0.12211905430502273,0.0,0.0,0.0
174.49335837364197,-1.03306020920976,-2.5958194935413563,0.15985081494241482,0.0,0.0,0.0
174.5275115966797,-1.0152428520970387,-2.5930596948565467,0.1966824905284388,0.0,0.0,0.0
174.56161761283875,-0.9980775098278737,-2.5899355323063005,0.23254897469452446,0.0,0.0,0.0
174.59544110298157,-0.9812452081474732,-2.5865299449034014,0.2674143688116198,0.0,0.0,0.0
174.6295657157898,-0.964853643468548,-2.583111095853414,0.3012631579278545,0.0,0.0,0.0
174.66334009170532,-0.9489513907069977,-2.579547427475912,0.3340700794763267,0.0,0.0,0.0
174.69740390777588,-0.9332722457747589,-2.5757777222439375,0.3658037598549312,0.0,0.0,0.0
174.73211216926575,-0.9178868735308173,-2.5720537224662374,0.3964576684199413,0.0,0.0,0.0
174.76682662963867,-0.9025870987611635,-2.5681433139028735,0.42687265551026793,0.0,0.0,0.0
174.80027842521667,-0.8881974689019102,-2.5642709972300946,0.4552763093591351,0.0,0.0,0.0
174.8343002796173,-0.8740182409533326,-2.5603757494401687,0.4825201316321698,0.0,0.0,0.0
174.86852049827576,-0.8601444973742459,-2.5567232004737037,0.5086012472668048,0.0,0.0,0.0
174.90259194374084,-0.8466631808225304,-2.5531764433396007,0.5335132930913135,0.0,0.0,0.0
174.93635392189026,-0.8334293109008146,-2.5496391376620955,0.5572269222794052,0.0,0.0,0.0
174.97031235694885,-0.8203079231028446,-2.546183125662716,0.5797267305338054,0.0,0.0,0.0
175.00442242622375,-0.8073726551330364,-2.542928584407947,0.6010193770717585,0.0,0.0,0.0
175.03846096992493,-0.7947329853785576,-2.5399854253716003,0.6210976632597909,0.0,0.0,0.0
175.0726273059845,-0.7823095417165438,-2.537274983683091,0.6399342887148814,0.0,0.0,0.0
175.10661005973816,-0.7701012118769004,-2.5347963516544874,0.657530129964333,0.0,0.0,0.0
175.1407299041748,-0.7580625848612642,-2.5325043220463304,0.6738859119918384,0.0,0.0,0.0
175.17438292503357,-0.7461934385713185,-2.530398885527081,0.6889985335164155,0.0,0.0,0.0
175.20867323875427,-0.7345535623998034,-2.528540019328742,0.7028637171626255,0.0,0.0,0.0
175.24243474006653,-0.7231754670997952,-2.5269604124310314,0.7154762709809347,0.0,0.0,0.0
175.27657628059387,-0.7119850296774329,-2.525586154123728,0.7268269169039429,0.0,0.0,0.0
175.31054306030273,-0.7009668356584728,-2.5244018508945816,0.7369183758104275,0.0,0.0,0.0
175.34431076049805,-0.6901274573677622,-2.5234140802250487,0.745753408145339,0.0,0.0,0.0
175.3787670135498,-0.6794802504572681,-2.52260206627028,0.7533333898876043,0.0,0.0,0.0
175.41236400604248,-0.669037902767289,-2.5219615651150957,0.7596566726400735,0.0,0.0,0.0
175.4463312625885,-0.6587986595695242,-2.521406052730996,0.7647274512842097,0.0,0.0,0.0
175.48034167289734,-0.6487593375497636,-2.520854999800032,0.768552293223525,0.0,0.0,0.0
175.51440501213074,-0.6388864516912817,-2.520363797580877,0.771122533247214,0.0,0.0,0.0
175.5484538078308,-0.6292279843701852,-2.5198706757346763,0.7724531798274029,0.0,0.0,0.0
175.582368850708,-0.6197992516616306,-2.519321067207869,0.7725512375312854,0.0,0.0,0.0
175.61677384376526,-0.6105847795607258,-2.5187195679216456,0.7714134806294236,0.0,0.0,0.0
175.65052676200867,-0.6016071027427037,-2.5180419277362716,0.7690474127530692,0.0,0.0,0.0
175.68440556526184,-0.592889483786275,-2.517243827174969,0.7654626492950963,0.0,0.0,0.0
175.71849632263184,-0.5843553483660944,-2.516327032250931,0.7606651424201412,0.0,0.0,0.0
175.75262355804443,-0.5757128149643252,-2.515256993188541,0.754681647063566,0.0,0.0,0.0
175.78660440444946,-0.5669325951532757,-2.51401840792578,0.7475170283517344,0.0,0.0,0.0
175.8203661441803,-0.5580145798928416,-2.5126006465504482,0.7391724759782679,0.0,0.0,0.0
175.8543736934662,-0.5489591681733651,-2.510983949206005,0.7296540510416586,0.0,0.0,0.0
175.8884460926056,-0.5397682987149911,-2.5091732669723332,0.7189657300513252,0.0,0.0,0.0
175.92269730567932,-0.5304463076454878,-2.5071604476381393,0.7071172236348238,0.0,0.0,0.0
175.95688152313232,-0.520997814086871,-2.504927394491778,0.6941188382682716,0.0,0.0,0.0
175.9912827014923,-0.5114246408033765,-2.502472459801278,0.679970425986095,0.0,0.0,0.0
176.02558660507202,-0.50143878171951,-2.4997425958265365,0.6641968191476705,0.0,0.0,0.0
176.05932307243347,-0.4916120851667408,-2.4968783630668536,0.6477106335278391,0.0,0.0,0.0
176.09346318244934,-0.4816669312020035,-2.49376886761753,0.6301001664024222,0.0,0.0,0.0
176.12779259681702,-0.4716108841423326,-2.4904738262603634,0.6113657133824397,0.0,0.0,0.0
176.16149425506592,-0.4614502282780982,-2.486990063114118,0.5915152406039283,0.0,0.0,0.0
176.19535875320435,-0.4511860757854547,-2.4833066146749467,0.5705552547639252,0.0,0.0,0.0
176.22977662086487,-0.4408175405703638,-2.4794444486114378,0.5484850138882844,0.0,0.0,0.0
176.26326823234558,-0.43034972654216247,-2.4754790772044912,0.5253080034959628,0.0,0.0,0.0
176.29737877845764,-0.4197962630397994,-2.4713503023226386,0.5010690766846769,0.0,0.0,0.0
176.33153653144836,-0.4091641786364232,-2.467126165814748,0.47575562839609475,0.0,0.0,0.0
176.36555695533752,-0.39845214983563604,-2.4628229821195196,0.44936597541290685,0.0,0.0,0.0
176.39956331253052,-0.3876579794221285,-2.458482386104458,0.42190440242173183,0.0,0.0,0.0
176.43332481384277,-0.37679237368659674,-2.4541051303802948,0.3934215557084868,0.0,0.0,0.0
176.46844506263733,-0.3655278410798745,-2.4496827280279008,0.3630401387194364,0.0,0.0,0.0
176.50240206718445,-0.35410688164561266,-2.445460179861974,0.3325497504304137,0.0,0.0,0.0
176.53646111488342,-0.3419317994000861,-2.441293939001163,0.3011463405932514,0.0,0.0,0.0
176.57040786743164,-0.3289012509451628,-2.43733893336055,0.26888343416995186,0.0,0.0,0.0
176.60449957847595,-0.31517722838262835,-2.4337254809951765,0.23577070344503934,0.0,0.0,0.0
176.63824105262756,-0.300799694492594,-2.430407014152763,0.2018119956839607,0.0,0.0,0.0
176.67258620262146,-0.28558359901753017,-2.4272737939812874,0.1670565020951995,0.0,0.0,0.0
176.70826268196106,-0.26925899227650035,-2.4242509837018917,0.1304527151455939,0.0,0.0,0.0
176.7428367137909,-0.2522954360022069,-2.4215510477155666,0.0930380443232456,0.0,0.0,0.0
176.77635407447815,-0.2349303798092563,-2.4195823181581333,0.055964268899593266,0.0,0.0,0.0
176.8111355304718,-0.21653305824415864,-2.4185922073446218,0.018210043518234523,0.0,0.0,0.0
176.86167931556702,-0.18735062063146193,-2.419008463025695,-0.03961780786931246,0.0,0.0,0.0
176.89535760879517,-0.16646924164083585,-2.4205528103856917,-0.07894530864344437,0.0,0.0,0.0
176.9294068813324,-0.14443061255202305,-2.4230973400655516,-0.11893534484122836,0.0,0.0,0.0
176.96331119537354,-0.12160897542680418,-2.426629686252797,-0.15964648291983852,0.0,0.0,0.0
176.99749326705933,-0.09779104457079037,-2.431076725447182,-0.20107621991762456,0.0,0.0,0.0
177.03142070770264,-0.0740969893751524,-2.4364149175955836,-0.24222562432387623,0.0,0.0,0.0
177.06641697883606,-0.050444206506271884,-2.4427742082147392,-0.283782992841988,0.0,0.0,0.0
177.10037922859192,-0.028174556471232966,-2.449732133201679,-0.3233783192997681,0.0,0.0,0.0
177.1349377632141,-0.007164179527721963,-2.4571893911814886,-0.3621414118354929,0.0,0.0,0.0
177.16854619979858,0.012832719200790467,-2.4651825226847093,-0.40010797664491893,0.0,0.0,0.0
177.20235323905945,0.03193848924485809,-2.4736552336103244,-0.4372083574507473,0.0,0.0,0.0
177.23639583587646,0.04993007138841113,-2.482349632166606,-0.47332413823482977,0.0,0.0,0.0
177.27066159248352,0.06648726758473866,-2.4911742006740365,-0.5084438150477939,0.0,0.0,0.0
177.30438876152039,0.08208085634408642,-2.500168218025009,-0.5426013675080757,0.0,0.0,0.0
177.33840322494507,0.09666367326477912,-2.5092572033703116,-0.5757407776209021,0.0,0.0,0.0
177.37236881256104,0.1099252151288852,-2.5179816046014705,-0.6076991887191638,0.0,0.0,0.0
177.4064426422119,0.1219374678470313,-2.5265606358431025,-0.638564922228353,0.0,0.0,0.0
177.44032859802246,0.1331061484815862,-2.53494182170451,-0.6683154887257269,0.0,0.0,0.0
177.47466778755188,0.14348180026698484,-2.5426558652465077,-0.6968257855864487,0.0,0.0,0.0
177.50863790512085,0.15395989092589965,-2.550141914171853,-0.7243226543997445,0.0,0.0,0.0
177.54261708259583,0.16360719845035188,-2.5575029714605764,-0.7507217251052115,0.0,0.0,0.0
177.5768904685974,0.17230776248540278,-2.5646423118442234,-0.7759487953676663,0.0,0.0,0.0
177.61197590827942,0.1809961179833975,-2.5716285929030613,-0.8007206497635809,0.0,0.0,0.0
177.64560747146606,0.1893147830381616,-2.578314793569392,-0.8237324560954641,0.0,0.0,0.0
177.67928981781006,0.1968576829539225,-2.584769885612865,-0.8456044710763244,0.0,0.0,0.0
177.71374082565308,0.20353986611129343,-2.5907002150736913,-0.8662384647241748,0.0,0.0,0.0
177.76452207565308,0.21393364693552477,-2.5992269998536823,-0.8952705346325601,0.0,0.0,0.0
177.7983467578888,0.22019043749195197,-2.6045355984000507,-0.9132472137747493,0.0,0.0,0.0
177.83262968063354,0.2256096454318956,-2.6093102217014486,-0.9300094541277353,0.0,0.0,0.0
177.86703372001648,0.23117739163042395,-2.6138260912913016,-0.9456576380263052,0.0,0.0,0.0
177.9176013469696,0.2388149171991278,-2.6202729588367677,-0.966791795404293,0.0,0.0,0.0
177.9514865875244,0.24301624569130556,-2.6240402614352876,-0.9792695610382128,0.0,0.0,0.0
177.98693132400513,0.24795001757696997,-2.627757581149797,-0.9909464953656343,0.0,0.0,0.0
178.02038621902466,0.25284873097625804,-2.6314303406072783,-1.0011042576588376,0.0,0.0,0.0
178.05470156669617,0.25744460279976633,-2.6343636990511596,-1.0100019778947993,0.0,0.0,0.0
178.08858823776245,0.2630400153578265,-2.6377058196316234,-1.0178095846104818,0.0,0.0,0.0
178.12248539924622,0.2680304943059436,-2.6403065095423215,-1.024324636954802,0.0,0.0,0.0
178.15650916099548,0.2726919664015489,-2.642593566601692,-1.0295896027763098,0.0,0.0,0.0
178.1911416053772,0.2770411134046739,-2.644654342548392,-1.0336112724472954,0.0,0.0,0.0
178.2421796321869,0.28349631849592355,-2.6476456445845367,-1.0373660342583502,0.0,0.0,0.0
178.27581763267517,0.2877540345046155,-2.649573254539724,-1.0383517943929317,0.0,0.0,0.0
178.30953693389893,0.29207018397230056,-2.651542824483196,-1.0381367695168426,0.0,0.0,0.0
178.3433051109314,0.29659793137732215,-2.6537077809059224,-1.0367401547389021,0.0,0.0,0.0
178.3773398399353,0.30135786029011796,-2.6560887046241373,-1.0341630436391858,0.0,0.0,0.0
178.41160011291504,0.30634564632964045,-2.658668906857457,-1.0304047965402854,0.0,0.0,0.0
178.44552159309387,0.31158609557524286,-2.661223859291512,-1.025478586835277,0.0,0.0,0.0
178.47953271865845,0.3170873242897559,-2.663653251430601,-1.0193871319394763,0.0,0.0,0.0
178.5134334564209,0.3228838450317422,-2.665956825292892,-1.0121302548318392,0.0,0.0,0.0
178.5476942062378,0.32901368380257856,-2.6681348144544184,-1.0037075025496192,0.0,0.0,0.0
178.5826015472412,0.3357000655131619,-2.6702641403412146,-0.9938347105986316,0.0,0.0,0.0
178.61654806137085,0.34258957580371113,-2.6724531426145828,-0.9832986756183484,0.0,0.0,0.0
178.65048694610596,0.349834520670989,-2.674798561711434,-0.9718990341564655,0.0,0.0,0.0
178.68518996238708,0.3574236721119022,-2.6772931014985737,-0.9596293480496756,0.0,0.0,0.0
178.7186312675476,0.3653920738519607,-2.679942285882667,-0.9464832579337706,0.0,0.0,0.0
178.75363850593567,0.3740927269657333,-2.682917043462004,-0.9320481905467729,0.0,0.0,0.0
178.78735518455505,0.38300654487658015,-2.6859749670899635,-0.9171310720482186,0.0,0.0,0.0
178.82156825065613,0.3923536645426067,-2.689204242157756,-0.901336611121703,0.0,0.0,0.0
178.8554482460022,0.40213431321521137,-2.6926570535984045,-0.8846780937799001,0.0,0.0,0.0
178.88946843147278,0.4120369524914801,-2.6962101695112946,-0.867671784343257,0.0,0.0,0.0
178.92358422279358,0.4224784568793219,-2.7000217636276442,-0.8492506152789062,0.0,0.0,0.0
178.95755052566528,0.43289437581048357,-2.704061013421798,-0.8299087934225468,0.0,0.0,0.0
178.99131178855896,0.4432755103641502,-2.7082991162028938,-0.8096431734888037,0.0,0.0,0.0
179.02542400360107,0.453613986310155,-2.712702532723213,-0.7884563200490219,0.0,0.0,0.0
179.05959105491638,0.4639046192577236,-2.7172600670696014,-0.7663444966550361,0.0,0.0,0.0
179.09346723556519,0.4741488564231961,-2.722062979773467,-0.7433099847136999,0.0,0.0,0.0
179.1283392906189,0.48465006354795187,-2.7271585375938066,-0.7186043479188021,0.0,0.0,0.0
179.16250443458557,0.4948033443506028,-2.7322514245961504,-0.6936495935509384,0.0,0.0,0.0
179.19689679145813,0.5048973014830677,-2.7375087674221334,-0.6677783646260651,0.0,0.0,0.0
179.23201084136963,0.5152186409340427,-2.743094219960293,-0.6401854211967242,0.0,0.0,0.0
179.2656328678131,0.5251804110224964,-2.7485890407991707,-0.6124164481440657,0.0,0.0,0.0
179.2995343208313,0.5350786703234917,-2.7541223282744514,-0.5836983368303719,0.0,0.0,0.0
179.3336353302002,0.5448999964942411,-2.759801359181542,-0.5540799642333609,0.0,0.0,0.0
179.36750316619873,0.5546482495501124,-2.765475667882611,-0.5235513795898079,0.0,0.0,0.0
179.40180921554565,0.5647772029885625,-2.7711086693669174,-0.4921676763325813,0.0,0.0,0.0
179.43555903434753,0.5756391091377406,-2.7767051654419843,-0.4599757457219292,0.0,0.0,0.0
179.4696192741394,0.5872600732563491,-2.782222167204384,-0.427000850281624,0.0,0.0,0.0
179.50357794761658,0.5995738938318805,-2.7875731558575847,-0.3932574989142548,0.0,0.0,0.0
179.53750658035278,0.6125219593674284,-2.7926820163409105,-0.35872740073597786,0.0,0.0,0.0
179.57149052619934,0.6264161352593347,-2.7976115542265863,-0.32346807403482225,0.0,0.0,0.0
179.60552048683167,0.6409716784856603,-2.8021996267225773,-0.28747669542409127,0.0,0.0,0.0
179.63944387435913,0.6561878128875912,-2.8063939981626542,-0.25079905869228386,0.0,0.0,0.0
179.67350268363953,0.6722617853872327,-2.8101922541384465,-0.21346496547905028,0.0,0.0,0.0
179.70759439468384,0.6889925653276556,-2.813522897368134,-0.17543409469377522,0.0,0.0,0.0
179.7417755126953,0.7063226119185863,-2.8166447688597405,-0.13657366332711554,0.0,0.0,0.0
179.7756667137146,0.7243621951124836,-2.81959542393065,-0.09688385051675971,0.0,0.0,0.0
179.8094038963318,0.7430538399383475,-2.8217220724094183,-0.05631524507640766,0.0,0.0,0.0
179.84431099891663,0.7622866416054669,-2.822727126688252,-0.014902754969850048,0.0,0.0,0.0
179.87773251533508,0.7820284773837397,-2.8226325718745913,0.02731051992951769,0.0,0.0,0.0
179.9127070903778,0.8027683902424063,-2.8216179828871635,0.070311148146535,0.0,0.0,0.0
179.96260046958923,0.835309821642014,-2.8182326541279394,0.1363479497911575,0.0,0.0,0.0
180.0135657787323,0.8701063362250632,-2.812235281729446,0.2042855277733062,0.0,0.0,0.0
180.06579422950745,0.9073319926818585,-2.8031216395437335,0.2756140854042582,0.0,0.0,0.0
180.09955024719238,0.9322704478826506,-2.795424306204862,0.32335506942545467,0.0,0.0,0.0
180.13390970230103,0.9568128444257916,-2.7865560353300176,0.37092562849440824,0.0,0.0,0.0
180.16758918762207,0.9805378011302841,-2.77672035487934,0.4175537868992347,0.0,0.0,0.0
180.20154738426208,1.0035184127227366,-2.765985506120735,0.46314647034824585,0.0,0.0,0.0
180.23581981658936,1.0258560974574593,-2.7545514471966244,0.5076783700341224,0.0,0.0,0.0
180.26965594291687,1.0473018902887923,-2.7425981749532933,0.551138709279712,0.0,0.0,0.0
180.3035809993744,1.0677824316798767,-2.730049560170457,0.5934925755780986,0.0,0.0,0.0
180.3384017944336,1.0876166153618199,-2.717026220386757,0.6346911899688245,0.0,0.0,0.0
180.3726363182068,1.1074822326750624,-2.703559114133765,0.6758704100979449,0.0,0.0,0.0
180.42380046844482,1.1348676191926983,-2.683626373367646,0.7336589617828467,0.0,0.0,0.0
180.458158493042,1.1522616398753387,-2.670188979382203,0.7706586240998072,0.0,0.0,0.0
180.50970196723938,1.1782313368246593,-2.649716883202568,0.8248405590386443,0.0,0.0,0.0
180.56105279922485,1.2021501655550741,-2.6305024594046533,0.8751578763395239,0.0,0.0,0.0
180.5948042869568,1.2174575167984472,-2.617849405150689,0.9071139750655784,0.0,0.0,0.0
180.6287863254547,1.232449895179627,-2.605486946751451,0.9377898078987221,0.0,0.0,0.0
180.66271996498108,1.2469592598415298,-2.593627335369665,0.9671874039454085,0.0,0.0,0.0
180.69658517837524,1.2610955882723354,-2.582160852980985,0.9952947956111017,0.0,0.0,0.0
180.73072838783264,1.2749041377505823,-2.571041977917164,1.022131713977473,0.0,0.0,0.0
180.76450514793396,1.2882163951136127,-2.5604390844175664,1.047704668408554,0.0,0.0,0.0
180.79891967773438,1.3009979046433544,-2.550158444752204,1.0720195630107248,0.0,0.0,0.0
180.83384466171265,1.313899288004062,-2.539580772968769,1.0957362720842034,0.0,0.0,0.0
180.86794805526733,1.326182444352545,-2.529574354145656,1.1174997953817334,0.0,0.0,0.0
180.90208292007446,1.3370921825683937,-2.5207324226336474,1.1362574701421002,0.0,0.0,0.0
180.93614840507507,1.3488740997738375,-2.5111397882811084,1.1557036688337956,0.0,0.0,0.0
180.9698085784912,1.360037185546488,-2.501718924317483,1.1741897020146568,0.0,0.0,0.0
181.0040464401245,1.3705993479081338,-2.492581284068355,1.1917517926907868,0.0,0.0,0.0
181.03828597068787,1.3805758391851701,-2.4837090317426975,1.2083916100822456,0.0,0.0,0.0
181.07243037223816,1.389926375868401,-2.47492015910829,1.224089045367418,0.0,0.0,0.0
181.10629034042358,1.3987853603500542,-2.466393794149471,1.2388677439500224,0.0,0.0,0.0
181.15687775611877,1.4111920770583444,-2.453989109028697,1.259323343263676,0.0,0.0,0.0
181.1910593509674,1.4188830317368983,-2.4459658388170644,1.2718128480112214,0.0,0.0,0.0
181.22548413276672,1.4262005432158613,-2.43816851855035,1.2833919794756399,0.0,0.0,0.0
181.2765519618988,1.4363098526387736,-2.426964470167543,1.2987904594000632,0.0,0.0,0.0
181.31076049804688,1.4427805064644157,-2.419605342600507,1.308156768720878,0.0,0.0,0.0
181.34469079971313,1.4489875330420428,-2.4123327814395004,1.3166455329043434,0.0,0.0,0.0
181.3786494731903,1.4549520217281358,-2.4050993871338164,1.3242602058748536,0.0,0.0,0.0
181.41271924972534,1.4606653953436861,-2.397964943808026,1.33098962095758,0.0,0.0,0.0
181.4467203617096,1.4661937837058112,-2.3909726077296414,1.3368475650321512,0.0,0.0,0.0
181.4809958934784,1.4712541655064164,-2.384392391471971,1.3415815047359507,0.0,0.0,0.0
181.5158407688141,1.4766199980019203,-2.377242091736724,1.3458799578553007,0.0,0.0,0.0
181.5493631362915,1.4817196223112419,-2.370350597102933,1.3491869670505574,0.0,0.0,0.0
181.58326935768127,1.4867333727466003,-2.363421202126399,1.351651226740566,0.0,0.0,0.0
181.61741995811462,1.4916680915803715,-2.3564740332019296,1.3532653074136354,0.0,0.0,0.0
181.65189051628113,1.4965540681023883,-2.3495267828966875,1.354032526804266,0.0,0.0,0.0
181.70219254493713,1.503284451122655,-2.339775893978319,1.3537252820698535,0.0,0.0,0.0
181.7366442680359,1.5081575996513616,-2.3326202662376807,1.352509773063786,0.0,0.0,0.0
181.7706515789032,1.5123353312508019,-2.326453898934491,1.3508135880760754,0.0,0.0,0.0
181.80465078353882,1.5172879156578287,-2.31908234701714,1.348066479777419,0.0,0.0,0.0
181.83928394317627,1.5223112294266286,-2.3115819261564026,1.3444940936858731,0.0,0.0,0.0
181.88958263397217,1.5300180181965415,-2.300095311428119,1.3375812025768588,0.0,0.0,0.0
181.92365431785583,1.5353109191187289,-2.2922251833222305,1.3319435864078515,0.0,0.0,0.0
181.95765805244446,1.5405911614725614,-2.284410641454401,1.3256856908008012,0.0,0.0,0.0
181.9915759563446,1.5463643927211579,-2.2759372579702797,1.3182023794730267,0.0,0.0,0.0
182.02558851242065,1.5521722110470642,-2.26748911224747,1.3101050705043242,0.0,0.0,0.0
182.05997705459595,1.5581944813629551,-2.2588360498515416,1.3011825009974494,0.0,0.0,0.0
182.0938436985016,1.5640874961293394,-2.250467106102102,1.2920366876677336,0.0,0.0,0.0
182.12807703018188,1.5706081003580836,-2.2413381540731168,1.2815252424709296,0.0,0.0,0.0
182.16220808029175,1.5774127696547844,-2.2319797463073723,1.270190844946633,0.0,0.0,0.0
182.19699048995972,1.5847604104863775,-2.222037994374581,1.2576712527195784,0.0,0.0,0.0
182.23088431358337,1.592248107373968,-2.2121002111702195,1.2446663656519679,0.0,0.0,0.0
182.2649188041687,1.600098819821927,-2.201908642885112,1.230825167498836,0.0,0.0,0.0
182.29901099205017,1.6083396564719683,-2.1914607938290662,1.2161497608732648,0.0,0.0,0.0
182.33295941352844,1.6170219604586633,-2.180682757136186,1.2006489601300765,0.0,0.0,0.0
182.36735677719116,1.6261516249284484,-2.169636626780475,1.1842980866306787,0.0,0.0,0.0
182.40078902244568,1.6357555719469763,-2.1583248949350087,1.1671005705620405,0.0,0.0,0.0
182.43511939048767,1.6458719143630791,-2.14669327544279,1.1490587629205067,0.0,0.0,0.0
182.46966576576233,1.6562262119141278,-2.134769779550109,1.1299461777049036,0.0,0.0,0.0
182.50322699546814,1.6667374299327427,-2.1226048128088486,1.1096719614855368,0.0,0.0,0.0
182.5370168685913,1.6774030721972693,-2.1101123076643953,1.0882563735448305,0.0,0.0,0.0
182.57103300094604,1.68821289560956,-2.0973012927865566,1.065708003530641,0.0,0.0,0.0
182.60480260849,1.6991703505672717,-2.084239790048266,1.0419864397918566,0.0,0.0,0.0
182.63895225524902,1.710287763156857,-2.070905127490076,1.017067000572878,0.0,0.0,0.0
182.6731972694397,1.7215539513499727,-2.057342011302977,0.9909725833092106,0.0,0.0,0.0
182.7238893508911,1.7387044531006843,-2.0367101485950982,0.9496263806368929,0.0,0.0,0.0
182.75782370567322,1.7503099359066294,-2.0227358304954564,0.920560105718316,0.0,0.0,0.0
182.7919487953186,1.7620409533057293,-2.008387367021092,0.8903317952407473,0.0,0.0,0.0
182.82593750953674,1.7742485638532597,-1.9937503064346922,0.8589438309693604,0.0,0.0,0.0
182.8598072528839,1.7874560607044023,-1.9787670329331568,0.8263861409787088,0.0,0.0,0.0
182.8939619064331,1.801944932916957,-1.9633360038727086,0.792697518604772,0.0,0.0,0.0
182.92832589149475,1.8175990204675254,-1.9478761766726287,0.7578839979534501,0.0,0.0,0.0
182.96313858032227,1.8349117938049022,-1.931918857682735,0.7208673439173725,0.0,0.0,0.0
182.99701142311096,1.8531789378743637,-1.9162133037448028,0.683775674578794,0.0,0.0,0.0
183.030846118927,1.872858811505616,-1.9005027437535948,0.6455807650803386,0.0,0.0,0.0
183.0649881362915,1.8933010242025596,-1.8856891381069778,0.6070873100978174,0.0,0.0,0.0
183.0988483428955,1.913968301938044,-1.871895099619939,0.5695165932129284,0.0,0.0,0.0
183.13291811943054,1.9343673521313853,-1.8593476868414758,0.5329747757382091,0.0,0.0,0.0
183.16681218147278,1.9547543376442889,-1.847804010082268,0.49741409634217293,0.0,0.0,0.0
183.20075154304504,1.9750624448695013,-1.837229554763084,0.4628222221140377,0.0,0.0,0.0
183.23467683792114,1.9950043996848952,-1.8276969834135686,0.4292510804004383,0.0,0.0,0.0
183.26968669891357,2.0148435920668715,-1.8190189492138547,0.3958114218746358,0.0,0.0,0.0
183.3036813735962,2.0337516420028847,-1.8114722382922188,0.36435363574980495,0.0,0.0,0.0
183.33779859542847,2.0522062950003512,-1.8047602021482465,0.33391029222775587,0.0,0.0,0.0
183.37202262878418,2.0697876680580896,-1.7989859696820776,0.3045625458648217,0.0,0.0,0.0
183.40603137016296,2.0865949580558527,-1.7939822324715016,0.2762540894303495,0.0,0.0,0.0
183.43978929519653,2.1027154752072157,-1.789679819063412,0.24895812802407036,0.0,0.0,0.0
183.4737310409546,2.1176448736054403,-1.7861364638493968,0.22277295409474232,0.0,0.0,0.0
183.50783848762512,2.1317957964200347,-1.783129286286577,0.19761878020036872,0.0,0.0,0.0
183.541987657547,2.145223015712057,-1.7804624958055268,0.17336516922099435,0.0,0.0,0.0
183.57658457756042,2.1577462343925515,-1.7783923747083197,0.15003976762984775,0.0,0.0,0.0
183.61002230644226,2.1697845498214785,-1.7763970245745522,0.12761613970758398,0.0,0.0,0.0
183.64373660087585,2.1815703932210133,-1.7748109271570056,0.10611531297982969,0.0,0.0,0.0
183.67768478393555,2.1929944718123062,-1.773606782132096,0.08554528386225378,0.0,0.0,0.0
183.71185970306396,2.2038484218371774,-1.7725528568774904,0.0659304810890158,0.0,0.0,0.0
183.74579095840454,2.2140843226065225,-1.7718407960047917,0.047116803789554317,0.0,0.0,0.0
183.78015875816345,2.223741699909114,-1.7714784402910617,0.029291886375094226,0.0,0.0,0.0
183.81363797187805,2.2338102635155903,-1.7706723736226544,0.01217157439549479,0.0,0.0,0.0
183.84772515296936,2.2426567154111723,-1.7706187125614732,-0.004175349738214196,0.0,0.0,0.0
183.88203120231628,2.250718534649365,-1.7707162496011633,-0.0195536972811042,0.0,0.0,0.0
183.9157657623291,2.258241563051026,-1.7709164806856919,-0.033972163311457755,0.0,0.0,0.0
183.9497570991516,2.2665941939237015,-1.7701459454452046,-0.047630195952346015,0.0,0.0,0.0
183.98387360572815,2.2753421353067216,-1.7697888265905062,-0.06103174325113581,0.0,0.0,0.0
184.0177984237671,2.2821541469758224,-1.7702499939760463,-0.07343761193902176,0.0,0.0,0.0
184.05207109451294,2.287684323856698,-1.770672620751887,-0.08477243423674491,0.0,0.0,0.0
184.08590269088745,2.292674487704654,-1.7711221279661855,-0.09508923727750537,0.0,0.0,0.0
184.1199836730957,2.2973878430757844,-1.7715903273985238,-0.10440255054774542,0.0,0.0,0.0
184.15381741523743,2.301624795368298,-1.7720512302138804,-0.11268549437108433,0.0,0.0,0.0
184.18804955482483,2.3055884631355172,-1.7725146012962067,-0.11994215599698059,0.0,0.0,0.0
184.22281742095947,2.3137997762074027,-1.77058622451722,-0.12681158518711466,0.0,0.0,0.0
184.2570252418518,2.3232012578734937,-1.7692669690841907,-0.13373511041205263,0.0,0.0,0.0
184.29118061065674,2.3283290922159012,-1.7706579712764177,-0.13969918788783212,0.0,0.0,0.0
184.3292646408081,2.332852318532697,-1.7718873260335388,-0.14458580186524053,0.0,0.0,0.0
184.36320757865906,2.3361909848532405,-1.7722884500064469,-0.14832230576972005,0.0,0.0,0.0
184.39709615707397,2.338496878449428,-1.7726274403804951,-0.15094554077855507,0.0,0.0,0.0
184.4311237335205,2.3406181590285224,-1.7729521972603872,-0.15252000688671544,0.0,0.0,0.0
184.46540427207947,2.342619851319756,-1.7732579586598545,-0.1530492750142892,0.0,0.0,0.0
184.4990611076355,2.344289130168016,-1.7735076542264836,-0.15251482413937245,0.0,0.0,0.0
184.53303813934326,2.3456599480629317,-1.7737163079846503,-0.15091941853812096,0.0,0.0,0.0
184.56700682640076,2.3469174496046143,-1.7739044796931809,-0.14827972305551773,0.0,0.0,0.0
184.601149559021,2.34806772299615,-1.7740723268374865,-0.14459976623800283,0.0,0.0,0.0
184.63503551483154,2.350796356744364,-1.7728233540835032,-0.14016514750664497,0.0,0.0,0.0
184.66888213157654,2.361004983959651,-1.7695832465842853,-0.13585734073006353,0.0,0.0,0.0
184.70280504226685,2.372348166497558,-1.7697349872215666,-0.13117772820680004,0.0,0.0,0.0
184.7368941307068,2.374037866363068,-1.7698761401542937,-0.12578291482041334,0.0,0.0,0.0
184.77084255218506,2.3789747907247207,-1.770570553816984,-0.11931254804959583,0.0,0.0,0.0
184.80483555793762,2.3802462731925305,-1.7710137442553413,-0.11184590580486732,0.0,0.0,0.0
184.8389093875885,2.3807857344476844,-1.7711091203983995,-0.103318454878949,0.0,0.0,0.0
184.87292456626892,2.3802357816658675,-1.7707917648859774,-0.09368694759840926,0.0,0.0,0.0
184.90757870674133,2.3784709955757384,-1.7705291275574755,-0.08296603749408235,0.0,0.0,0.0
184.94111275672913,2.376127077626649,-1.7703411695413744,-0.07121318400869386,0.0,0.0,0.0
184.9761347770691,2.3746307344517237,-1.7702406200900715,-0.05816605359630745,0.0,0.0,0.0
185.00997495651245,2.373796794270687,-1.770194314602698,-0.04455943371147341,0.0,0.0,0.0
185.04410910606384,2.3734880239782816,-1.7701791786663859,-0.030041863997642457,0.0,0.0,0.0
185.0777931213379,2.3738342252690985,-1.7701830564740968,-0.014642346681407629,0.0,0.0,0.0
185.11225700378418,2.3746033644504996,-1.770184345041641,0.0016372825710896878,0.0,0.0,0.0
185.14725136756897,2.3758031177492085,-1.770165219673501,0.019304817926492725,0.0,0.0,0.0
185.18093609809875,2.3773125935808777,-1.770117615896867,0.037368759570032224,0.0,0.0,0.0
185.21490836143494,2.3791952043204536,-1.7700244925563169,0.056335782481491466,0.0,0.0,0.0
185.2489411830902,2.3856363916370813,-1.7669725990262124,0.07564018879612186,0.0,0.0,0.0
185.2999300956726,2.4004823178687102,-1.7607380661336445,0.10449516458605176,0.0,0.0,0.0
185.33379650115967,2.4116950315637067,-1.7580584273490716,0.12382960370830998,0.0,0.0,0.0
185.367849111557,2.418718290426622,-1.7579191141682728,0.14356319081543573,0.0,0.0,0.0
185.4020640850067,2.417599745134846,-1.758013057162478,0.1639790527153129,0.0,0.0,0.0
185.43596625328064,2.4236190004311307,-1.7561286517068992,0.18519022527773005,0.0,0.0,0.0
185.4699194431305,2.431794985857404,-1.7553833474158493,0.20710135822164807,0.0,0.0,0.0
185.50384831428528,2.4309358737463156,-1.7558159847044204,0.22977013652606934,0.0,0.0,0.0
185.53799843788147,2.4334472776490252,-1.7539733740089354,0.25306251497145493,0.0,0.0,0.0
185.5720133781433,2.4427456732815256,-1.7518682549587539,0.27716180987193895,0.0,0.0,0.0
185.60657119750977,2.443732482293267,-1.7523283143463688,0.3019862592083251,0.0,0.0,0.0
185.64018774032593,2.4431084913840535,-1.751781621930124,0.3271950832009649,0.0,0.0,0.0
185.69103288650513,2.495421386876168,-1.6718390150372688,-2.1389499647524435,0.0,0.0,0.0
185.7255597114563,2.5054630404841425,-1.6626162934504034,-2.0639025958939707,0.0,0.0,0.0
185.75951862335205,2.5233670563800468,-1.642071178247379,-1.9917654416038508,0.0,0.0,0.0
185.79362440109253,2.5367486971754034,-1.6144288391742336,-1.9206295805740639,0.0,0.0,0.0
185.8276767730713,2.5460579183197023,-1.5858985972059918,-1.849626220692137,0.0,0.0,0.0
185.86132550239563,2.5528474490437705,-1.5590072553845897,-1.778879436022149,0.0,0.0,0.0
185.89527702331543,2.556220955461547,-1.5366411006744691,-1.7079896488517705,0.0,0.0,0.0
185.92964339256287,2.5567019924448515,-1.525045713333272,-1.6364929947278295,0.0,0.0,0.0
185.96356225013733,2.556692808276622,-1.5232647481081574,-1.565696965916468,0.0,0.0,0.0
185.99739813804626,2.5553077515536406,-1.5153420374538626,-1.4947599881036366,0.0,0.0,0.0
186.03127002716064,2.5513053864610837,-1.496176286930095,-1.4247446705721172,0.0,0.0,0.0
186.06549954414368,2.5450780519158536,-1.4656284929359924,-1.3545294941139912,0.0,0.0,0.0
186.09967970848083,2.536346164564118,-1.4308938406800684,-1.2838302678453914,0.0,0.0,0.0
186.1503894329071,2.5193219941158143,-1.3831707639529014,-1.1771567477089384,0.0,0.0,0.0
186.18470335006714,2.5040958761373835,-1.3498542642621494,-1.1058018612001856,0.0,0.0,0.0
186.21831274032593,2.4880356145332128,-1.320048575971608,-1.0342234824392267,0.0,0.0,0.0
186.25257968902588,2.468857576458295,-1.2903733458650415,-0.9623525388758548,0.0,0.0,0.0
186.2865195274353,2.447500930412749,-1.261679284019689,-0.8902750574181453,0.0,0.0,0.0
186.32078289985657,2.4252454327066144,-1.236020334040852,-0.8178170952023557,0.0,0.0,0.0
186.35441613197327,2.4049021056924453,-1.2153251979440665,-0.7456663798017955,0.0,0.0,0.0
186.38844108581543,2.389387210363802,-1.2017945586263374,-0.6730614499016104,0.0,0.0,0.0
186.4223597049713,2.3759568773679502,-1.1918669675526394,-0.6003974420608628,0.0,0.0,0.0
186.45631861686707,2.3655353499349467,-1.1852686284970777,-0.5272993880539806,0.0,0.0,0.0
186.49035096168518,2.3594748412661417,-1.1821716951025782,-0.4538654881827743,0.0,0.0,0.0
186.52440357208252,2.3547797010942486,-1.1803083086590187,-0.37986414683882297,0.0,0.0,0.0
186.55843257904053,2.352262122269392,-1.1794661601111533,-0.3051593020114084,0.0,0.0,0.0
186.5924654006958,2.3526872578298725,-1.1795857142157344,-0.22986442694149894,0.0,0.0,0.0
186.62650656700134,2.3549614890969135,-1.1800316832246613,-0.15392951892493864,0.0,0.0,0.0
186.6609926223755,2.358849299864053,-1.1804823841579122,-0.07737313806704464,0.0,0.0,0.0
186.69548392295837,2.3649140387178864,-1.1806163174539348,0.001991618330357418,0.0,0.0,0.0
186.7297077178955,2.372036699971472,-1.1744682904933383,0.07884169750762615,0.0,0.0,0.0
186.763507604599,2.3787179947587562,-1.1664044777028315,0.1555187653820066,0.0,0.0,0.0
186.79762387275696,2.384962183168912,-1.158409698042831,0.2321920128186073,0.0,0.0,0.0
186.8314971923828,2.390775590513471,-1.1505155628922956,0.30888171416185045,0.0,0.0,0.0
186.8654704093933,2.396166934874453,-1.1427544835046541,0.38559011824825634,0.0,0.0,0.0
186.89961576461792,2.4011480693875864,-1.1351599959538337,0.4622925233251769,0.0,0.0,0.0
186.93341755867004,2.4057336284429613,-1.127764535023365,0.5389633504669785,0.0,0.0,0.0
186.9673249721527,2.4099395757340543,-1.120597220566665,0.6156083537262327,0.0,0.0,0.0
187.00154566764832,2.41378287674711,-1.1136849644609927,0.6922532650957257,0.0,0.0,0.0
187.03568243980408,2.4221240275193625,-1.1037455903514382,0.7683939653993076,0.0,0.0,0.0
187.08639860153198,2.432011949037215,-1.093260318514375,0.8811996313560703,0.0,0.0,0.0
187.12045884132385,2.436312590475051,-1.08763559953551,0.9561668585970309,0.0,0.0,0.0
187.17132306098938,2.441025311079117,-1.0807660726487451,1.0680935815237294,0.0,0.0,0.0
187.20535612106323,2.449059715540845,-1.0677671045810193,1.1415567282646275,0.0,0.0,0.0
187.2396478652954,2.455682911106796,-1.0515219684705046,1.2147656339612858,0.0,0.0,0.0
187.27356505393982,2.455067543739718,-1.0431730559959878,1.2870151122392588,0.0,0.0,0.0
187.30773782730103,2.452756540169873,-1.0461583126273726,1.3580850321125364,0.0,0.0,0.0
187.34227228164673,2.4510256861796242,-1.0558818652022037,1.43056385370477,0.0,0.0,0.0
187.3762722015381,2.4523742847028176,-1.0601099164372503,1.5005247996790856,0.0,0.0,0.0
187.41074299812317,2.453324424869064,-1.0531285729352338,1.5695207289664597,0.0,0.0,0.0
187.44464588165283,2.4529409647370746,-1.0376587647439053,1.6376182223600313,0.0,0.0,0.0
187.49528765678406,2.4516799888120038,-1.0251492282425032,1.7382854999302997,0.0,0.0,0.0
187.52935409545898,2.450890045687509,-1.0207443930807418,1.8049840177041854,0.0,0.0,0.0
187.5638029575348,2.4461680989894976,-1.0131196289251974,1.871174872892433,0.0,0.0,0.0
187.59850597381592,2.4372840715417894,-0.9937002115444272,1.9383503063623928,0.0,0.0,0.0
187.63250350952148,2.430119673799362,-0.9734832268478029,2.0031103872314926,0.0,0.0,0.0
187.66713285446167,2.4314715469336066,-0.9635590015878038,2.0665014326940887,0.0,0.0,0.0
187.70051789283752,2.4338012913374354,-0.9628057997351026,2.1287954650396506,0.0,0.0,0.0
187.73466992378235,2.427604308917912,-0.9545643426077396,2.1899638377778725,0.0,0.0,0.0
187.7683460712433,2.423333934939821,-0.9471185172391423,2.250332284367446,0.0,0.0,0.0
187.80233144760132,2.4289123023196715,-0.9495225737290225,2.3091203833952303,0.0,0.0,0.0
187.83638548851013,2.4281717589278795,-0.9462434419707901,2.366628504462804,0.0,0.0,0.0
187.87030243873596,2.4284323739776124,-0.9464964156259705,2.4230726420695863,0.0,0.0,0.0
187.90473461151123,2.4372944464314186,-0.9552941668071386,2.477912693287905,0.0,0.0,0.0
187.93847155570984,2.4381455388117472,-0.9562638800248854,2.5314729187683174,0.0,0.0,0.0
187.97257447242737,2.4421954221759004,-0.9609375305204991,2.58386814005481,0.0,0.0,0.0
188.0063910484314,2.4537750228181294,-0.9710105228871861,2.6348383233059716,0.0,0.0,0.0
188.04028749465942,2.4571973149449406,-0.972778694784333,2.684726131742049,0.0,0.0,0.0
188.07468152046204,2.4640663681916832,-0.9782424822567429,2.733967796119105,0.0,0.0,0.0
188.10844445228577,2.481415425058489,-0.9881770203722952,2.7818973218247227,0.0,0.0,0.0
188.14264822006226,2.4937326799817514,-0.9911579772509259,2.8286975835533967,0.0,0.0,0.0
188.17798018455505,2.500367151759492,-0.9933134359699068,2.876385803703893,0.0,0.0,0.0
188.21145510673523,2.515323111900011,-1.0001169369813143,2.9218028571293524,0.0,0.0,0.0
188.2453634738922,2.539980441850714,-1.0053575520849998,2.9660122570864447,0.0,0.0,0.0
188.2793047428131,2.557766052768164,-1.0066239225259797,3.009207100271827,0.0,0.0,0.0
188.3133842945099,2.567527319462136,-1.007595026105865,3.051849271621421,0.0,0.0,0.0
188.3477532863617,2.5830284137988735,-1.0096414812841497,3.0938571838313105,0.0,0.0,0.0
188.38133811950684,2.6097662091835194,-1.010480673292557,3.134630724558902,0.0,0.0,0.0
188.41537427902222,2.63521998422298,-1.010320929476569,-3.108819611064527,0.0,0.0,0.0
188.44930982589722,2.6493976981348255,-1.0099710487433697,-3.069952979661455,0.0,0.0,0.0
188.48368382453918,2.6577850818378868,-1.0082640897544992,-3.032066519421948,0.0,0.0,0.0
188.51739978790283,2.676310409945524,-1.0051373231325715,-2.995393372438086,0.0,0.0,0.0
188.55133628845215,2.6934432510948523,-1.0044790859096662,-2.959592042686035,0.0,0.0,0.0
188.58564805984497,2.699599503028685,-1.0044886081173063,-2.924637728143081,0.0,0.0,0.0
188.6363124847412,2.7140535688433465,-1.0000931387780718,-2.8744118346687983,0.0,0.0,0.0
188.67034888267517,2.718940839231324,-0.9992542191598017,-2.8422321556022787,0.0,0.0,0.0
188.70432877540588,2.7235686773206496,-0.9978449845936033,-2.8113074896513823,0.0,0.0,0.0
188.73838090896606,2.7266169684059416,-0.9976819133250857,-2.781651876400808,0.0,0.0,0.0
188.77238845825195,2.7283017778761756,-0.998863771160214,-2.7532894366789593,0.0,0.0,0.0
188.80657482147217,2.7282192848813476,-1.0008820463096484,-2.726203405198345,0.0,0.0,0.0
188.84033846855164,2.726330310475564,-1.0030075400890208,-2.700388236078502,0.0,0.0,0.0
188.8744466304779,2.722631724954517,-1.0050880669408104,-2.6758432766715115,0.0,0.0,0.0
188.9086229801178,2.718757693687162,-1.007047020370759,-2.652452213799355,0.0,0.0,0.0
188.94363403320312,2.7153816420908834,-1.0088366872883945,-2.629526944815892,0.0,0.0,0.0
188.97784566879272,2.712871520649681,-1.0102437304237362,-2.6083783367399747,0.0,0.0,0.0
189.01180338859558,2.7105652005854988,-1.0115919372290192,-2.5883941614943353,0.0,0.0,0.0
189.04561567306519,2.7084979091687584,-1.0128556039241876,-2.5695767970827723,0.0,0.0,0.0
189.07947540283203,2.7066719276402447,-1.0140237900034972,-2.5519280019281028,0.0,0.0,0.0
189.1137912273407,2.705200314411801,-1.0149938615079446,-2.5354348366385913,0.0,0.0,0.0
189.1476607322693,2.7040019492234153,-1.015813726422211,-2.5201117975011456,0.0,0.0,0.0
189.18129539489746,2.7030668137323817,-1.0164666209720443,-2.5059656722081547,0.0,0.0,0.0
189.21547722816467,2.70234122164728,-1.0169903531394453,-2.4930136395795386,0.0,0.0,0.0
189.2503957748413,2.701735236460562,-1.0174334930005842,-2.4809413403911957,0.0,0.0,0.0
189.28479981422424,2.7012299058253166,-1.0178167112763752,-2.470451195929908,0.0,0.0,0.0
189.3186695575714,2.700840504372619,-1.0181128139638655,-2.461177667309903,0.0,0.0,0.0
189.36965584754944,2.7003311063842452,-1.0185169987040923,-2.449574777376141,0.0,0.0,0.0
189.40366911888123,2.7000878875681344,-1.0187093507560083,-2.4433783687525272,0.0,0.0,0.0
189.43749380111694,2.699884970153481,-1.0188760354684296,-2.438427344188161,0.0,0.0,0.0
189.47134971618652,2.6997193126397243,-1.0190140478795524,-2.434728364198895,0.0,0.0,0.0
189.5052888393402,2.6996120535789467,-1.019104205057963,-2.4322866889993335,0.0,0.0,0.0
189.5393304824829,2.6995674080051457,-1.0191418890752433,-2.431108957138671,0.0,0.0,0.0
189.57334733009338,2.699581584940641,-1.0191297179705279,-2.4312027213310543,0.0,0.0,0.0
189.60802817344666,2.699664089091724,-1.0190592673308732,-2.4325748302884755,0.0,0.0,0.0
189.65828394889832,2.6999197905344348,-1.0188415622441833,-2.437049170744915,0.0,0.0,0.0
189.69255566596985,2.7001982537628955,-1.0186043426848723,-2.441656298181865,0.0,0.0,0.0
189.72650051116943,2.7005440850603453,-1.018313962102931,-2.447573753461543,0.0,0.0,0.0
189.7604296207428,2.7009668337649977,-1.0179627099462505,-2.4548106388308497,0.0,0.0,0.0
189.79454636573792,2.7049724454920456,-1.0160863202311339,-2.4630263426843673,0.0,0.0,0.0
189.82836866378784,2.711722386846626,-1.013703723694465,-2.4713735009990008,0.0,0.0,0.0
189.86264491081238,2.718475170490963,-1.0113191531657968,-2.4797212004048417,0.0,0.0,0.0
189.8963303565979,2.725230325939052,-1.0089328221359863,-2.4880704996991825,0.0,0.0,0.0
189.93195486068726,2.732186247133723,-1.006474659071812,-2.496667629105904,0.0,0.0,0.0
189.9823453426361,2.7423253955386993,-1.0028900137496437,-2.509198628453116,0.0,0.0,0.0
190.01634407043457,2.7490871301774367,-1.000498416571531,-2.5175541111462767,0.0,0.0,0.0
190.05036854743958,2.7558509359568992,-0.9981052698123647,-2.525909540926453,0.0,0.0,0.0
190.08527731895447,2.762816179710082,-0.9956399833963838,-2.534509348299257,0.0,0.0,0.0
190.11927938461304,2.7694484581191086,-0.9933444342555914,-2.5428437982287027,0.0,0.0,0.0
190.15349459648132,2.7717403222508077,-0.9920323670515261,-2.5507688681254104,0.0,0.0,0.0
190.1874656677246,2.772075879187559,-0.9922652344653359,-2.55877678245135,0.0,0.0,0.0
190.2213315963745,2.7638333613034596,-0.9985835839248784,-2.567764061270624,0.0,0.0,0.0
190.25551319122314,2.7549163536621624,-1.004277778480537,-2.5767901182719144,0.0,0.0,0.0
190.28935551643372,2.74727319615439,-1.0090577380013912,-2.585666463002498,0.0,0.0,0.0
190.34038138389587,2.7470536436905655,-1.007387666944897,-2.600298003864187,0.0,0.0,0.0
190.37451148033142,2.7533368493186874,-1.0036599832831505,-2.6107336256380957,0.0,0.0,0.0
190.40862107276917,2.7584031098227015,-1.0009549887549247,-2.6211504382884248,0.0,0.0,0.0
190.4423680305481,2.754902950513813,-1.0043110211485773,-2.6323899511647544,0.0,0.0,0.0
190.47641921043396,2.7481338753238287,-1.0080420558931804,-2.6439168858435314,0.0,0.0,0.0
190.51028776168823,2.742301442324305,-1.0111554178530766,-2.6553147022381918,0.0,0.0,0.0
190.54458165168762,2.7418185867522964,-1.0096972740113959,-2.667351527992586,0.0,0.0,0.0
190.57836031913757,2.7490490239274212,-1.0059286367030287,-2.6801919839411803,0.0,0.0,0.0
190.6123104095459,2.755868914733114,-1.002655511788461,-2.6930228640131944,0.0,0.0,0.0
190.64641404151917,2.7554495237368455,-1.0045899246379515,-2.706537192735343,0.0,0.0,0.0
190.68032097816467,2.7492111393908263,-1.0074418372503473,-2.7205744124938787,0.0,0.0,0.0
190.71428966522217,2.743751988554928,-1.0098166859779991,-2.7345033149877054,0.0,0.0,0.0
190.7484486103058,2.7450669054408294,-1.0075427840343874,-2.749237553854049,0.0,0.0,0.0
190.78252911567688,2.7527147784342665,-1.0044546209928569,-2.7646087727479776,0.0,0.0,0.0
190.81631994247437,2.7575865367601935,-1.0038145012381159,-2.780139669283512,0.0,0.0,0.0
190.8502688407898,2.7528698995090024,-1.0062011452532507,-2.796425831907045,0.0,0.0,0.0
190.88441252708435,2.746575774370737,-1.008416703421288,-2.8128071313202225,0.0,0.0,0.0
190.91843509674072,2.744102039934985,-1.0078292477626183,-2.8295946684713424,0.0,0.0,0.0
190.95240116119385,2.750568658267526,-1.0055506773230372,-2.847322696244177,0.0,0.0,0.0
190.9869475364685,2.755484820308691,-1.005116182252392,-2.865295413035168,0.0,0.0,0.0
191.02053093910217,2.7509240985682673,-1.0068749647234758,-2.8840434748859933,0.0,0.0,0.0
191.0543246269226,2.7443890956544372,-1.0085465393954562,-2.9029121164665757,0.0,0.0,0.0
191.0884566307068,2.7440044852868137,-1.0074157808432564,-2.9224315531034284,0.0,0.0,0.0
191.12233591079712,2.7503945582431175,-1.0061628286388298,-2.942675678577334,0.0,0.0,0.0
191.15704202651978,2.7494591101278143,-1.0073862555412425,-2.96351373475317,0.0,0.0,0.0
191.19066977500916,2.7422915542016177,-1.008622858840842,-2.9848281285307294,0.0,0.0,0.0
191.22450423240662,2.74077970866848,-1.008039886145143,-3.0067367328232466,0.0,0.0,0.0
191.25837874412537,2.745299136782078,-1.0078371821632675,-3.029430061705583,0.0,0.0,0.0
191.29270100593567,2.7410612343704255,-1.008599221327074,-3.0528399150847134,0.0,0.0,0.0
191.32639408111572,2.7351600927780026,-1.0087791424382866,-3.0766801775450863,0.0,0.0,0.0
191.3606719970703,2.737821359217547,-1.0086650971288813,-3.1014623755761686,0.0,0.0,0.0
191.39443707466125,2.7342147813772004,-1.0089021880447768,-3.1269749143120755,0.0,0.0,0.0
191.42832398414612,2.7286708920190526,-1.0089620095444718,3.1301058475667554,0.0,0.0,0.0
191.4624125957489,2.730309631213121,-1.0089258176468263,3.1030193560699733,0.0,0.0,0.0
191.4962100982666,2.7239001958570275,-1.0085514088897904,3.0751575302453498,0.0,0.0,0.0
191.53069162368774,2.7217885257293335,-1.0087727200651904,3.0464586187203446,0.0,0.0,0.0
191.56552028656006,2.719451892207178,-1.008003038519394,3.0160041985501365,0.0,0.0,0.0
191.59930157661438,2.712306561114836,-1.0075496858874555,2.9857018722331174,0.0,0.0,0.0
191.6335368156433,2.7121166958778473,-1.0072568747564856,2.95446769904235,0.0,0.0,0.0
191.66762566566467,2.7046293488528117,-1.0053552893603088,2.9234430284868624,0.0,0.0,0.0
191.70160365104675,2.699825853893543,-1.0050668664952782,2.8897787378710382,0.0,0.0,0.0
191.73560404777527,2.6966844808434853,-1.0032936459955815,2.8562820995289697,0.0,0.0,0.0
191.76968693733215,2.6868054227543734,-1.0006334550966247,2.822139646527233,0.0,0.0,0.0
191.80344486236572,2.6841499077739974,-1.0002261763022595,2.7871617749360977,0.0,0.0,0.0
191.83752346038818,2.677812403511034,-0.9966547690079459,2.751509024360964,0.0,0.0,0.0
191.87259221076965,2.6672490851791832,-0.9927994446812112,2.714202182353491,0.0,0.0,0.0
191.9064474105835,2.664181301291299,-0.9916037163366401,2.6771702682341436,0.0,0.0,0.0
191.9402678012848,2.6559406090842548,-0.9863816486001316,2.639514699098013,0.0,0.0,0.0
191.97447299957275,2.6451149188784506,-0.9807953755635442,2.601352036777675,0.0,0.0,0.0
192.00859308242798,2.640901436906512,-0.9783715056314817,2.56245426699362,0.0,0.0,0.0
192.04254055023193,2.6317074550307233,-0.971460679711398,2.522968381812176,0.0,0.0,0.0
192.07651948928833,2.620729867324863,-0.9637975009735953,2.4829345729697043,0.0,0.0,0.0
192.11056113243103,2.6156003522912443,-0.9597461600770231,2.442200352476773,0.0,0.0,0.0
192.1458020210266,2.6053561684390854,-0.9505064336957765,2.399661739325428,0.0,0.0,0.0
192.1966552734375,2.5918370840741263,-0.9376116876543436,2.3364992352983953,0.0,0.0,0.0
192.23054194450378,2.589033710772105,-0.9326030704466607,2.294128873731422,0.0,0.0,0.0
192.26557397842407,2.5960526739610277,-0.9284131012983261,2.252293665946046,0.0,0.0,0.0
192.29979872703552,2.605053725936669,-0.9242110522202606,2.2093290924632947,0.0,0.0,0.0
192.33368158340454,2.613874832635347,-0.9202364706399281,2.16761680929701,0.0,0.0,0.0
192.367600440979,2.6227684238439752,-0.9163697476909742,2.125912858548568,0.0,0.0,0.0
192.40134620666504,2.631731692056396,-0.9126122502114293,2.084187653467734,0.0,0.0,0.0
192.4355912208557,2.6407579658769875,-0.9089674038085006,2.042470525253905,0.0,0.0,0.0
192.47078895568848,2.650111309079204,-0.9053353336720182,1.9995260822238332,0.0,0.0,0.0
192.50453805923462,2.6592511890594803,-0.901926750664333,1.957827566344984,0.0,0.0,0.0
192.5381805896759,2.6623771359776947,-0.8929207131889536,1.9166251846080327,0.0,0.0,0.0
192.5722053050995,2.654691550441026,-0.8725585611759008,1.8727858505128914,0.0,0.0,0.0
192.60635232925415,2.6440051232736623,-0.8399038571077873,1.8264529768761326,0.0,0.0,0.0
192.64059138298035,2.635320080839896,-0.8032204626725955,1.7809539614663448,0.0,0.0,0.0
192.67425751686096,2.629167550912776,-0.7687980826961323,1.735014337210398,0.0,0.0,0.0
192.70832872390747,2.6247585295082914,-0.7377074835373737,1.688702562616281,0.0,0.0,0.0
192.74242067337036,2.6215876116710475,-0.7045127594851411,1.6425874973733843,0.0,0.0,0.0
192.77632927894592,2.6197484806587794,-0.6676127123116311,1.5968534344317127,0.0,0.0,0.0
192.81064462661743,2.6195801623211046,-0.6271185862708504,1.5514449713131189,0.0,0.0,0.0
192.84429121017456,2.620155164151936,-0.5899509420682277,1.5061206676087562,0.0,0.0,0.0
192.87841033935547,2.617522180187629,-0.5642369762729627,1.4617773193095684,0.0,0.0,0.0
192.9127495288849,2.612309432895281,-0.5498091087120405,1.4185867132783618,0.0,0.0,0.0
192.94661593437195,2.6057335534232413,-0.5466518462788085,1.3765270301765462,0.0,0.0,0.0
192.99760484695435,2.593612694584787,-0.563042271953929,1.315534847610664,0.0,0.0,0.0
193.03149914741516,2.584142746453029,-0.5880573871379492,1.2762718389471461,0.0,0.0,0.0
193.06532835960388,2.5738928036129205,-0.6195537698628868,1.2376948102832712,0.0,0.0,0.0
193.09934830665588,2.5624474964572683,-0.6507031012348975,1.1991178028930596,0.0,0.0,0.0
193.1334149837494,2.5498277369973033,-0.6812986327258498,1.1605557398454172,0.0,0.0,0.0
193.1674451828003,2.53801831809662,-0.707709624372966,1.1223857142753466,0.0,0.0,0.0
193.20130705833435,2.5277813483698495,-0.7282920162332104,1.0846768327875422,0.0,0.0,0.0
193.2359495162964,2.5189459925992717,-0.7444026547608446,1.0467676735998044,0.0,0.0,0.0
193.2863507270813,2.5077290038735356,-0.7626191981154158,0.9893925801679541,0.0,0.0,0.0
193.32164478302002,2.501039976284609,-0.7723699807742304,0.949811094984551,0.0,0.0,0.0
193.35564970970154,2.4957620552601716,-0.7794614339582934,0.9111568829004627,0.0,0.0,0.0
193.38987064361572,2.493162865562885,-0.7831146250302362,0.8725915908743194,0.0,0.0,0.0
193.44107842445374,2.496421284236228,-0.7794136096538076,0.8169051575204316,0.0,0.0,0.0
193.49148225784302,2.501143247679559,-0.7745741430195625,0.7601461386767069,0.0,0.0,0.0
193.525541305542,2.5049576335639365,-0.7709921768031832,0.7222999176555134,0.0,0.0,0.0
193.56000185012817,2.503954590529076,-0.7723642370333821,0.6851201961832405,0.0,0.0,0.0
193.59359669685364,2.4952582874524913,-0.7793195531906852,0.6489466468151222,0.0,0.0,0.0
193.627911567688,2.486657545478004,-0.7855550431256282,0.6127802907990194,0.0,0.0,0.0
193.66174912452698,2.4785211813675057,-0.7910237672101759,0.5765906377905684,0.0,0.0,0.0
193.6968071460724,2.4713752132818056,-0.7953653688809463,0.5393050862877025,0.0,0.0,0.0
193.73082542419434,2.4727446892042013,-0.791730854445831,0.504108208275457,0.0,0.0,0.0
193.76467776298523,2.4834097890816063,-0.785496914389915,0.46976437852352,0.0,0.0,0.0
193.79869771003723,2.493304552805209,-0.7806815388474471,0.43521811975599806,0.0,0.0,0.0
193.8327934741974,2.501214515296999,-0.777105443906124,0.4003854984678296,0.0,0.0,0.0
193.8835108280182,2.5039084355899703,-0.7792495169092389,0.3486996292102844,0.0,0.0,0.0
193.9181821346283,2.4922446372021585,-0.7845337713430541,0.31569816313723137,0.0,0.0,0.0
193.9687156677246,2.470445806794862,-0.7910303125123348,0.26670113996308775,0.0,0.0,0.0
194.00254893302917,2.4576945918172344,-0.7942737370127212,0.23391877811359296,0.0,0.0,0.0
194.0367934703827,2.452413715335125,-0.7929270820708465,0.20174899885949257,0.0,0.0,0.0
194.07115077972412,2.458295055149697,-0.7909632510223281,0.1706125862913387,0.0,0.0,0.0
194.121657371521,2.4716443040348435,-0.7889345127470466,0.12422046118878476,0.0,0.0,0.0
194.15554118156433,2.4771348374981046,-0.788283079390053,0.0928868497262831,0.0,0.0,0.0
194.18949842453003,2.4781243510601496,-0.7889426610262509,0.061698235169384594,0.0,0.0,0.0
194.22360157966614,2.4681330229410046,-0.7897568221862146,0.03164373082487842,0.0,0.0,0.0
194.25750422477722,2.4507886447466034,-0.7900412124863678,0.0023810906230662485,0.0,0.0,0.0
194.29150104522705,2.4347733969411736,-0.7898395424401643,-0.02696565581826152,0.0,0.0,0.0
194.32575678825378,2.420994555831894,-0.7894987149889093,-0.0563949554690975,0.0,0.0,0.0
194.35960030555725,2.4164859941449124,-0.7900345015767748,-0.08508234806083809,0.0,0.0,0.0
194.3937885761261,2.422436980035329,-0.7908367575419997,-0.11275845619674768,0.0,0.0,0.0
194.42773270606995,2.429507845289762,-0.7916966598158971,-0.14035693965709953,0.0,0.0,0.0
194.46187686920166,2.434650228800841,-0.792425907473823,-0.16817663150028886,0.0,0.0,0.0
194.4968502521515,2.436018042243578,-0.7915523729120065,-0.19689424193994007,0.0,0.0,0.0
194.5311563014984,2.426927099521541,-0.7876140024052168,-0.22377060293686615,0.0,0.0,0.0
194.56550002098083,2.4088495077606473,-0.7830913803277272,-0.2505641164288504,0.0,0.0,0.0
194.59984469413757,2.392261531099685,-0.778674606516579,-0.27665582762649193,0.0,0.0,0.0
194.63354396820068,2.37975827226995,-0.7757224331494065,-0.30288924792655525,0.0,0.0,0.0
194.66776061058044,2.377269550158573,-0.7778629376877827,-0.32815655238873315,0.0,0.0,0.0
194.701429605484,2.3834221664666178,-0.7802449987525232,-0.3525820071789428,0.0,0.0,0.0
194.7359173297882,2.3885307297759857,-0.7821662026927804,-0.37712897583746324,0.0,0.0,0.0
194.7705295085907,2.3921976440364787,-0.7836162053666491,-0.40256503618918177,0.0,0.0,0.0
194.80457615852356,2.388704128047659,-0.7789002253939927,-0.42650286880064037,0.0,0.0,0.0
194.8390929698944,2.374718658640594,-0.7712592694212926,-0.4493883672088112,0.0,0.0,0.0
194.87315249443054,2.360454561578404,-0.764223165259194,-0.47084105321676056,0.0,0.0,0.0
194.906813621521,2.34838406759704,-0.7582233228916431,-0.49237972081780357,0.0,0.0,0.0
194.94068717956543,2.3444313722704377,-0.7594188749269352,-0.5142063395682046,0.0,0.0,0.0
194.9756362438202,2.3497105401643568,-0.7629983606453171,-0.5357037010602675,0.0,0.0,0.0
195.01027154922485,2.35488019485983,-0.7630166391515991,-0.5567592874712386,0.0,0.0,0.0
195.04469347000122,2.3600250496015307,-0.7626444256381242,-0.5778400930491241,0.0,0.0,0.0
195.0791051387787,2.3646951496597874,-0.7622897824881045,-0.5970634902430276,0.0,0.0,0.0
195.11279273033142,2.3697943852819896,-0.7618842372109983,-0.6181529337338553,0.0,0.0,0.0
195.14772534370422,2.374720854768857,-0.7614737515258612,-0.6386267730771892,0.0,0.0,0.0
195.18142175674438,2.3794768488199294,-0.7610592383804062,-0.658479447699538,0.0,0.0,0.0
195.21528267860413,2.3836214855914184,-0.7606827998609235,-0.6758463426822636,0.0,0.0,0.0
195.25065994262695,2.3887800140293045,-0.7601937778061066,-0.6975508797265153,0.0,0.0,0.0
195.28500604629517,2.393913211898607,-0.7596838793906979,-0.7192584746194363,0.0,0.0,0.0
195.31920981407166,2.398679674074521,-0.7591334531872097,-0.7397358191490552,0.0,0.0,0.0
195.35280561447144,2.397615930706982,-0.7541929705026674,-0.7590391343058774,0.0,0.0,0.0
195.40353846549988,2.375601600469697,-0.7321152047562445,-0.791296048389247,0.0,0.0,0.0
195.43763208389282,2.3562210716456424,-0.7121318422373942,-0.8121395904052287,0.0,0.0,0.0
195.4880964756012,2.3354281126416425,-0.6894736900752982,-0.8438767628011382,0.0,0.0,0.0
195.52226424217224,2.332944826798988,-0.685924756810091,-0.8635675451050703,0.0,0.0,0.0
195.55732607841492,2.3341430297038275,-0.687328948998451,-0.8826634854616189,0.0,0.0,0.0
195.6075315475464,2.3252249289872093,-0.6779125255098131,-0.9099597859928794,0.0,0.0,0.0
195.64216589927673,2.3145144250117435,-0.6638760200661231,-0.9278096443662747,0.0,0.0,0.0
195.67634510993958,2.3049739682393695,-0.6507579649839524,-0.9450664263420199,0.0,0.0,0.0
195.71107482910156,2.3032801148180027,-0.6461196349571869,-0.9611734419380523,0.0,0.0,0.0
195.76120448112488,2.3038349250553627,-0.6469101975403493,-0.9845927685630194,0.0,0.0,0.0
195.79529118537903,2.297265683269122,-0.6400680801308364,-0.9994789165905559,0.0,0.0,0.0
195.8296582698822,2.2873387037420376,-0.6248056626521878,-1.0134553720563995,0.0,0.0,0.0
195.86416339874268,2.277433656685122,-0.6086568231753856,-1.0277653531183213,0.0,0.0,0.0
195.89866757392883,2.273740730252396,-0.5990690007481636,-1.040843941390523,0.0,0.0,0.0
195.93267726898193,2.2734100541587545,-0.5979475755950737,-1.0530926228800603,0.0,0.0,0.0
195.96768808364868,2.272318330198021,-0.5964163622798513,-1.0656854155088804,0.0,0.0,0.0
196.0016553401947,2.2642914830301124,-0.585972310447128,-1.076988679176611,0.0,0.0,0.0
196.03535914421082,2.255362023404373,-0.5691748390656458,-1.0876124226575843,0.0,0.0,0.0
196.06908178329468,2.2470055672155436,-0.5528184106303341,-1.0981664924436032,0.0,0.0,0.0
196.10396313667297,2.245050641228052,-0.5443165554706912,-1.1077475507418215,0.0,0.0,0.0
196.1384129524231,2.244460363421487,-0.5429612646292588,-1.116724986079593,0.0,0.0,0.0
196.17206835746765,2.2430229452796766,-0.5406955952733359,-1.1259702497092243,0.0,0.0,0.0
196.20662355422974,2.2354828774169038,-0.5294008371623171,-1.1339381696494968,0.0,0.0,0.0
196.24042797088623,2.227596638290261,-0.5123350163657397,-1.1412654236578061,0.0,0.0,0.0
196.27476716041565,2.2203336601098678,-0.49594866171449953,-1.1485112837607716,0.0,0.0,0.0
196.30960392951965,2.218980099224893,-0.48767641455558813,-1.1549743235984171,0.0,0.0,0.0
196.34336590766907,2.2184606353168217,-0.48641394750737255,-1.1607115947022923,0.0,0.0,0.0
196.37747025489807,2.217401849844743,-0.48456891201637287,-1.1664790568033594,0.0,0.0,0.0
196.41202569007874,2.2110117805522376,-0.4745759951011556,-1.1711900726238904,0.0,0.0,0.0
196.44644165039062,2.2038924713856964,-0.45763474684448274,-1.175475325559346,0.0,0.0,0.0
196.48020434379578,2.1972540561245046,-0.4415357130077669,-1.1795720276813884,0.0,0.0,0.0
196.51506233215332,2.1958749168144744,-0.43248395496967384,-1.182825944903963,0.0,0.0,0.0
196.55102348327637,2.1956284900397085,-0.4315162431867453,-1.185553406689065,0.0,0.0,0.0
196.5855917930603,2.1953245726987722,-0.43083923583106354,-1.1881831597244379,0.0,0.0,0.0
196.61949968338013,2.190079500782472,-0.4231226302351264,-1.190055782439008,0.0,0.0,0.0
196.65446639060974,2.1840139915770553,-0.4081054059251661,-1.1911126523272502,0.0,0.0,0.0
196.68863081932068,2.177937223022154,-0.3928810841105073,-1.1921316925079601,0.0,0.0,0.0
196.72240257263184,2.176159391388854,-0.383344354644136,-1.1924827488795435,0.0,0.0,0.0
196.75636529922485,2.176337585471878,-0.38300008325980256,-1.1920185071251919,0.0,0.0,0.0
196.79033017158508,2.1765664844985015,-0.38355006581374407,-1.1915637783510786,0.0,0.0,0.0
196.82440376281738,2.173177209550276,-0.37960526833351593,-1.190658447960034,0.0,0.0,0.0
196.85849928855896,2.16776585136822,-0.36683063918045394,-1.1887833661124714,0.0,0.0,0.0
196.89247608184814,2.162509140005584,-0.3538153501239594,-1.1867994615832056,0.0,0.0,0.0
196.92635226249695,2.159650601773163,-0.34354761125064365,-1.1844750621717273,0.0,0.0,0.0
196.96073389053345,2.1603569052884777,-0.3431503052762888,-1.1811893123354291,0.0,0.0,0.0
196.99473524093628,2.161171777147874,-0.34512371718022333,-1.1777761839344412,0.0,0.0,0.0
197.02889013290405,2.160072924670555,-0.3451491044882047,-1.174204832932888,0.0,0.0,0.0
197.06267619132996,2.1552393650211426,-0.33572190565863164,-1.169633063599582,0.0,0.0,0.0
197.09663009643555,2.1505372127115967,-0.32473613515700755,-1.1648326846386037,0.0,0.0,0.0
197.13059282302856,2.146567360563656,-0.3148057233398364,-1.1599277082934936,0.0,0.0,0.0
197.16443037986755,2.1477948858045255,-0.3137381413247573,-1.1540606950118406,0.0,0.0,0.0
197.1984519958496,2.149379825094525,-0.3173044941873864,-1.1478498288541223,0.0,0.0,0.0
197.2324333190918,2.15044716580284,-0.3203861890731954,-1.1416212456319346,0.0,0.0,0.0
197.26647186279297,2.145653010635724,-0.3146761382660621,-1.1344461809967192,0.0,0.0,0.0
197.30051684379578,2.133028100207289,-0.29767164219270575,-1.1258865617492297,0.0,0.0,0.0
197.33469605445862,2.118865990954085,-0.27034722282119444,-1.1162246600422747,0.0,0.0,0.0
197.36860156059265,2.1085525259981877,-0.24606834172521536,-1.1057617034926515,0.0,0.0,0.0
197.4024486541748,2.1003166430425977,-0.22966875760970876,-1.094590897294646,0.0,0.0,0.0
197.43661046028137,2.092172350000868,-0.21408438063387938,-1.0834088572592233,0.0,0.0,0.0
197.47043561935425,2.081102721262131,-0.19573015540675415,-1.0718834535392858,0.0,0.0,0.0
197.50434613227844,2.0663739042906952,-0.1695280783129003,-1.0595098388249453,0.0,0.0,0.0
197.53847455978394,2.0515919270522565,-0.14356826611789503,-1.0471047929875668,0.0,0.0,0.0
197.5727515220642,2.0372099178038163,-0.11891759411841049,-1.0347352057222474,0.0,0.0,0.0
197.62343764305115,2.024577298767123,-0.09560022002128099,-1.0146134188141747,0.0,0.0,0.0
197.65824508666992,2.0170466631861483,-0.08366403427608628,-1.0009239551840383,0.0,0.0,0.0
197.70881819725037,2.000201406541756,-0.05963824012156725,-0.9800016716815284,0.0,0.0,0.0
197.74291896820068,1.9849189242779637,-0.03723371658983622,-0.9647082091553234,0.0,0.0,0.0
197.7765588760376,1.9703533975415242,-0.016554123525705552,-0.9499285723693763,0.0,0.0,0.0
197.8103437423706,1.9580440044753165,0.0012936212203211305,-0.9348728491350579,0.0,0.0,0.0
197.84430408477783,1.9513458327457391,0.010882460404667333,-0.9188505678704274,0.0,0.0,0.0
197.87833952903748,1.944798284802221,0.019328242381775922,-0.9027677679498974,0.0,0.0,0.0
197.91261863708496,1.935234256725993,0.030563506662257833,-0.8862413393689945,0.0,0.0,0.0
197.94643092155457,1.921093197900652,0.047576013211459316,-0.8690369159984757,0.0,0.0,0.0
197.9803547859192,1.9071284816953615,0.06381435946982975,-0.8518901792716793,0.0,0.0,0.0
198.01438856124878,1.8940543158548269,0.07856394826213565,-0.834772265629102,0.0,0.0,0.0
198.04862189292908,1.8879041484663877,0.08567283083451835,-0.8166455824633988,0.0,0.0,0.0
198.0828173160553,1.8831365946595577,0.09066806484876315,-0.798273786481234,0.0,0.0,0.0
198.1164746284485,1.8764439395899748,0.09746876300236218,-0.7795611280707443,0.0,0.0,0.0
198.15050888061523,1.8638576786897194,0.10971536711412838,-0.7600765926609487,0.0,0.0,0.0
198.18433785438538,1.857683382421194,0.11589603285433203,-0.7406175637690748,0.0,0.0,0.0
198.21835112571716,1.8616578197761773,0.1194989696595683,-0.7215605824209195,0.0,0.0,0.0
198.25243282318115,1.8673491635568995,0.12311349407768173,-0.7025968978774183,0.0,0.0,0.0
198.2866187095642,1.8730222863127277,0.12674418317915037,-0.683628562813167,0.0,0.0,0.0
198.3204309940338,1.8786772703215031,0.1303905374889948,-0.6646532576957338,0.0,0.0,0.0
198.3546323776245,1.8843138171059706,0.1340519482386866,-0.6456737839013664,0.0,0.0,0.0
198.38847088813782,1.8899315518627673,0.13772765464711847,-0.6266956030688856,0.0,0.0,0.0
198.42257690429688,1.89553002312511,0.14141714739190164,-0.6077223755522487,0.0,0.0,0.0
198.45633554458618,1.9011087993746634,0.14512030362550726,-0.5887534885911184,0.0,0.0,0.0
198.49043917655945,1.9066674985941425,0.1488372175978886,-0.5697854949610269,0.0,0.0,0.0
198.52442026138306,1.912205556806205,0.15256803229379012,-0.5508154802437429,0.0,0.0,0.0
198.55873107910156,1.9175186850911181,0.1565173851495226,-0.5318150067792987,0.0,0.0,0.0
198.59294486045837,1.9152033388898064,0.16278652181047695,-0.5120668243407946,0.0,0.0,0.0
198.6268138885498,1.9048777900848166,0.16863848102766263,-0.49170081647459085,0.0,0.0,0.0
198.66172766685486,1.89587272084877,0.17247026886068975,-0.470482622141693,0.0,0.0,0.0
198.69558238983154,1.8961010987131337,0.17184420735681225,-0.44886486243664814,0.0,0.0,0.0
198.74634671211243,1.89920277593226,0.17039966695957148,-0.4161604944861309,0.0,0.0,0.0
198.7806944847107,1.901728307737415,0.16931821385175622,-0.39432049915220363,0.0,0.0,0.0
198.8148009777069,1.9050201695402849,0.16799475086989557,-0.37241689211961837,0.0,0.0,0.0
198.8654067516327,1.9043967032002789,0.169296599861524,-0.3388015266125746,0.0,0.0,0.0
198.89939832687378,1.8984097031587197,0.17131542326241206,-0.3158346215376866,0.0,0.0,0.0
198.93345713615417,1.8937607912368783,0.17275954847672267,-0.29298553645441927,0.0,0.0,0.0
198.9685332775116,1.889654353377581,0.17391385019978794,-0.26949947673866675,0.0,0.0,0.0
199.00249648094177,1.8869449001153564,0.1740245378926903,-0.24658860018205034,0.0,0.0,0.0
199.03647232055664,1.8931692672207971,0.17182269821311283,-0.22276606076986236,0.0,0.0,0.0
199.07099676132202,1.9031407105394593,0.16965574695623328,-0.19860361631800186,0.0,0.0,0.0
199.10570454597473,1.9139377715958965,0.16759654288677447,-0.17372400144153619,0.0,0.0,0.0
199.14050769805908,1.9250251862230154,0.16576998690605024,-0.1495484706637806,0.0,0.0,0.0
199.17466855049133,1.9364005346810025,0.16459036498802887,-0.12447410477672288,0.0,0.0,0.0
199.20880675315857,1.939564979363024,0.16436925496116073,-0.09929101948485258,0.0,0.0,0.0
199.2427818775177,1.9421647822534116,0.1641181046057521,-0.07399596894160873,0.0,0.0,0.0
199.2768988609314,1.9461400893678051,0.16383365583220366,-0.04877174249509682,0.0,0.0,0.0
199.3279139995575,1.9552349474133195,0.16342812071511117,-0.010802522176191048,0.0,0.0,0.0
199.36164259910583,1.9709194123700404,0.16341304585658883,0.01543771358670311,0.0,0.0,0.0
199.3955111503601,1.989280972889909,0.16389578760987605,0.04188769468796032,0.0,0.0,0.0
199.42952489852905,2.0084749905428216,0.16491870939408715,0.06837237096806853,0.0,0.0,0.0
199.4636881351471,2.028196542900635,0.16650737639423185,0.09487048790984054,0.0,0.0,0.0
199.49772906303406,2.042362818367088,0.16755949354101107,0.12194893222588764,0.0,0.0,0.0
199.5315659046173,2.0532945563769234,0.16902614822171524,0.14940388334531082,0.0,0.0,0.0
199.5655586719513,2.0650960728720325,0.17092823026930218,0.1768268484442611,0.0,0.0,0.0
199.59932589530945,2.0778028361647896,0.17333570206567606,0.20422260361240413,0.0,0.0,0.0
199.63368725776672,2.094995718378084,0.17802305117275752,0.2319741727603058,0.0,0.0,0.0
199.66777920722961,2.1199148532792487,0.18429250594685856,0.2604382918692636,0.0,0.0,0.0
199.70136213302612,2.1455141832794102,0.1914572800219387,0.288933160310263,0.0,0.0,0.0
199.73575687408447,2.171868640897743,0.1996751679361791,0.31749719666285614,0.0,0.0,0.0
199.76937413215637,2.196838044974602,0.207423820989037,0.3463024764503118,0.0,0.0,0.0
199.80376887321472,2.214814950224123,0.2140510801948779,0.37582172394138247,0.0,0.0,0.0
199.83790922164917,2.233043301711665,0.22153393358283657,0.4053530700118195,0.0,0.0,0.0
199.87161469459534,2.252646501306016,0.23023866650221755,0.43476570937439585,0.0,0.0,0.0
199.90621614456177,2.273221250720688,0.2405046965205407,0.46428561448040456,0.0,0.0,0.0
199.9564242362976,2.3168330718849544,0.26422738365422915,0.5100708241455685,0.0,0.0,0.0
199.99054789543152,2.3472963428436673,0.2818416182932445,0.5407591796065527,0.0,0.0,0.0
200.02454257011414,2.3777342900182865,0.30072953902122956,0.5714762264364064,0.0,0.0,0.0
200.05849146842957,2.4035512089622455,0.31706013727197807,0.6027345427126887,0.0,0.0,0.0
200.0925693511963,2.4263394791277952,0.3332507151480376,0.6342745415850135,0.0,0.0,0.0
200.12649059295654,2.4493326105379074,0.3506908541874078,0.6657808879212189,0.0,0.0,0.0
200.16052412986755,2.4718563905648874,0.368903229912955,0.6972990500660603,0.0,0.0,0.0
200.19442629814148,2.4969051825593778,0.3906188677267083,0.7293190814842591,0.0,0.0,0.0
200.24547839164734,2.539353240896532,0.4303917575224709,0.7782046895814109,0.0,0.0,0.0
200.2795605659485,2.566537161963318,0.458052867294251,0.810796381612784,0.0,0.0,0.0
200.3306224346161,2.600506134706281,0.49539661522429285,0.8604455211125124,0.0,0.0,0.0
200.36565947532654,2.619729541760062,0.5185285683276004,0.8949798786664808,0.0,0.0,0.0
200.3995909690857,2.637630243288657,0.5416130692081369,0.9285525009619539,0.0,0.0,0.0
200.43353700637817,2.6545612800911544,0.5650246663512378,0.962120256630151,0.0,0.0,0.0
200.46743631362915,2.6643178022922727,0.5817989458755535,0.9955646041729307,0.0,0.0,0.0
200.50135707855225,2.6677170992919765,0.5885459032992986,1.0290211915541285,0.0,0.0,0.0
200.53593254089355,2.6710508059007267,0.5936987888138622,1.0625392647357026,0.0,0.0,0.0
200.57017636299133,2.674346150625912,0.5987803775532016,1.096055093640083,0.0,0.0,0.0
200.60373067855835,2.683222836085162,0.6094131288898008,1.130282218880532,0.0,0.0,0.0
200.63775777816772,2.697929225155398,0.6291916505163495,1.165712662841824,0.0,0.0,0.0
200.67173027992249,2.7039339147471795,0.6412892672385895,1.2009867316518628,0.0,0.0,0.0
200.70560574531555,2.7101407056087914,0.6496601719643146,1.236557660474172,0.0,0.0,0.0
200.73982739448547,2.720140800327711,0.6643974435678078,1.2730132981415927,0.0,0.0,0.0
200.7736155986786,2.7263536769567307,0.6737322724256023,1.3095411680795164,0.0,0.0,0.0
200.80746817588806,2.733085011724688,0.6839647275834433,1.3465810543476078,0.0,0.0,0.0
200.84139823913574,2.739603240638544,0.6943413187994081,1.3839905431147643,0.0,0.0,0.0
200.87535667419434,2.745465938934237,0.7040986134998702,1.4216066599978296,0.0,0.0,0.0
200.9096839427948,2.750668353961459,0.7142838458968155,1.459777540292629,0.0,0.0,0.0
200.94336485862732,2.753471686718348,0.7308262090480467,1.4980021899386669,0.0,0.0,0.0
200.97749280929565,2.755075210636928,0.7579690056964027,1.5351884278275578,0.0,0.0,0.0
201.01151704788208,2.7555986672928103,0.787469735569246,1.5721306130534236,0.0,0.0,0.0
201.04536867141724,2.7550472425221226,0.8168232237269998,1.6091000620897493,0.0,0.0,0.0
201.07980298995972,2.7530115096012433,0.8491818401149811,1.6464826701931452,0.0,0.0,0.0
201.13037848472595,2.7470775746688307,0.9063955186654483,1.703440520978383,0.0,0.0,0.0
201.1651132106781,2.7413048536331215,0.9443109036833657,1.7414489500343326,0.0,0.0,0.0
201.20001554489136,2.733851000125361,0.9830889793059118,1.780591789515019,0.0,0.0,0.0
201.25040817260742,2.721107425278964,1.03785864550865,1.8377770634186759,0.0,0.0,0.0
201.28477263450623,2.7127128750798954,1.0668697767222208,1.8765821590736298,0.0,0.0,0.0
201.3195037841797,2.7029311982362034,1.09588590925711,1.9166240800679446,0.0,0.0,0.0
201.35366201400757,2.6923387146983337,1.1236762325548286,1.9555302438588353,0.0,0.0,0.0
201.3876085281372,2.680156186636706,1.1514204649106612,1.9945828351404644,0.0,0.0,0.0
201.42237854003906,2.6633060300024756,1.1862601375166537,2.0355938739502477,0.0,0.0,0.0
201.45663261413574,2.6456623113517734,1.2198556270462737,2.075477623711839,0.0,0.0,0.0
201.5076344013214,2.617804531157588,1.2670240676583011,2.135123495039912,0.0,0.0,0.0
201.54146313667297,2.598534160359412,1.2962126171848318,2.174723220045949,0.0,0.0,0.0
201.5754222869873,2.578158474396208,1.324506626660355,2.2142281193219784,0.0,0.0,0.0
201.60971355438232,2.5556125837121493,1.3533965671941384,2.2535763156867064,0.0,0.0,0.0
201.64344453811646,2.5311724865477,1.382315013517412,2.2928002460537225,0.0,0.0,0.0
201.6776990890503,2.5044279789961905,1.4115798905666141,2.3318899737311143,0.0,0.0,0.0
201.72843480110168,2.4720452942585025,1.4447569424983164,2.388998195408451,0.0,0.0,0.0
201.76270723342896,2.4537409198371556,1.4613004384552972,2.4264504211014577,0.0,0.0,0.0
201.79652166366577,2.4358795029266056,1.476253412087636,2.4637910748020695,0.0,0.0,0.0
201.83065247535706,2.417716050493175,1.490322819137325,2.501099619286577,0.0,0.0,0.0
201.8647952079773,2.394062291319602,1.509180119398817,2.5377490029948375,0.0,0.0,0.0
201.89850282669067,2.35950350210498,1.5339654826531621,2.5731840002162047,0.0,0.0,0.0
201.93240094184875,2.321310069051312,1.5574552985798573,2.608433292356941,0.0,0.0,0.0
201.96648120880127,2.2824147857402437,1.579537017839721,2.643707090536975,0.0,0.0,0.0
202.0008144378662,2.2477403313879893,1.5962462637896948,2.678445854024814,0.0,0.0,0.0
202.0513997077942,2.2131415965472523,1.6111010677465587,2.728571791583042,0.0,0.0,0.0
202.08537936210632,2.191643365642527,1.620094650742124,2.7618263594097052,0.0,0.0,0.0
202.11950206756592,2.1697587252960395,1.6284552947180098,2.79509834592299,0.0,0.0,0.0
202.15359044075012,2.140667451093846,1.6416552900393984,2.8275125249393036,0.0,0.0,0.0
202.1876163482666,2.1027336554802623,1.6536283163041627,2.8589336218913783,0.0,0.0,0.0
202.2214150428772,2.072873047780363,1.65957930631142,2.8899829619497277,0.0,0.0,0.0
202.2553629875183,2.054329533426265,1.6653402632023513,2.921226290696064,0.0,0.0,0.0
202.2893385887146,2.0469711727051267,1.6711453945542685,2.952659876873142,0.0,0.0,0.0
202.3234043121338,2.0372861446821466,1.6787672170809858,2.9834310720886914,0.0,0.0,0.0
202.35780358314514,2.0163576416387063,1.685122761968856,3.0131393923308942,0.0,0.0,0.0
202.4083480834961,1.9840523478075756,1.6932508756681761,3.0568659300276844,0.0,0.0,0.0
202.44252514839172,1.961152948202082,1.6949173168935323,3.086740630724992,0.0,0.0,0.0
202.47651171684265,1.9375537281799577,1.6958673636198733,3.1167147422281616,0.0,0.0,0.0
202.51040601730347,1.9139376687961251,1.6961000690454842,-3.1364869595528204,0.0,0.0,0.0
202.54450964927673,1.8903167158357101,1.6956148153737518,-3.106481830027901,0.0,0.0,0.0
202.57850909233093,1.8666560431726857,1.6943563181384178,-3.076469641615804,0.0,0.0,0.0
202.6124017238617,1.8361396843239526,1.6908134447313838,-3.0471098270044816,0.0,0.0,0.0
202.64678645133972,1.79491642187386,1.686020401059929,-3.0188400217698916,0.0,0.0,0.0
202.68035411834717,1.7511163196204667,1.6800108717839255,-2.990857660274649,0.0,0.0,0.0
202.7147672176361,1.707500059990365,1.6727890980098938,-2.9628605971024524,0.0,0.0,0.0
202.74836921691895,1.665979920573101,1.6658588021996057,-2.935018577607152,0.0,0.0,0.0
202.78242993354797,1.634578059640655,1.660662806980891,-2.9081711598307187,0.0,0.0,0.0
202.8164141178131,1.611077402920122,1.6548276657921255,-2.882053818181652,0.0,0.0,0.0
202.85142517089844,1.5884972242821693,1.6485209972090282,-2.8559955192408526,0.0,0.0,0.0
202.88560795783997,1.5668843684563656,1.6418606333736214,-2.8292827032916326,0.0,0.0,0.0
202.9199469089508,1.5451812203988275,1.6332594132294675,-2.8036932757338007,0.0,0.0,0.0
202.95411920547485,1.5136984873875412,1.620421533077332,-2.779197985373528,0.0,0.0,0.0
202.98860549926758,1.4795086395026271,1.6069988846014929,-2.754171636612492,0.0,0.0,0.0
203.0231819152832,1.4484780315335761,1.5939390950062355,-2.7296703998994,0.0,0.0,0.0
203.07382202148438,1.4120257487568197,1.5801617090046665,-2.692393338680949,0.0,0.0,0.0
203.1075074672699,1.401541352688717,1.5767583273698036,-2.6682319314663765,0.0,0.0,0.0
203.14152359962463,1.3958467648324853,1.5737650073886569,-2.6444938682730696,0.0,0.0,0.0
203.17552495002747,1.3918286348313424,1.5715446408964557,-2.6209308715943456,0.0,0.0,0.0
203.2094645500183,1.3891813942321185,1.5699529717835268,-2.597505626610089,0.0,0.0,0.0
203.2435657978058,1.3803080302002695,1.562193685422924,-2.574927607600376,0.0,0.0,0.0
203.27745008468628,1.3643773034665867,1.5515276582025235,-2.553123553264514,0.0,0.0,0.0
203.31167602539062,1.3496678655968208,1.5414899470972543,-2.5311998235968076,0.0,0.0,0.0
203.34577775001526,1.3363060349444713,1.5319519576633416,-2.509151633473752,0.0,0.0,0.0
203.38049244880676,1.3275156380317377,1.5265324565569707,-2.4869241205182395,0.0,0.0,0.0
203.41436624526978,1.329852125174609,1.530166408036181,-2.466725470252364,0.0,0.0,0.0
203.4490213394165,1.3357132895718895,1.5349423087651552,-2.446844303695754,0.0,0.0,0.0
203.482488155365,1.3418980295795186,1.540176700614787,-2.4270027257945888,0.0,0.0,0.0
203.51643180847168,1.3455488204837638,1.5429995788054984,-2.407575241368584,0.0,0.0,0.0
203.55095887184143,1.3402900458845888,1.5377007698484113,-2.3893342778193034,0.0,0.0,0.0
203.58470368385315,1.3346168568233456,1.5322974005972634,-2.371144590270026,0.0,0.0,0.0
203.61850786209106,1.3296714243255519,1.527426857035783,-2.352878363439811,0.0,0.0,0.0
203.65332794189453,1.3286587854250063,1.5263918911054186,-2.334795774175047,0.0,0.0,0.0
203.70346570014954,1.3420587548034035,1.5405594514895804,-2.309828760299873,0.0,0.0,0.0
203.7377474308014,1.3523853226275624,1.5520576660605778,-2.293421516757132,0.0,0.0,0.0
203.7726275920868,1.3620400738915213,1.5632436472109583,-2.2771450133283366,0.0,0.0,0.0
203.80656099319458,1.3632115616126002,1.5655514707232472,-2.261637314479076,0.0,0.0,0.0
203.84055161476135,1.3620765932696208,1.5641536778388532,-2.2470015681365254,0.0,0.0,0.0
203.87440085411072,1.3615305929138224,1.5634696104545343,-2.232286423446562,0.0,0.0,0.0
203.90923643112183,1.3631066918494847,1.5651109978932105,-2.217685856865389,0.0,0.0,0.0
203.94358849525452,1.3733051175113276,1.5769675528444922,-2.203965561588303,0.0,0.0,0.0
203.97746419906616,1.3843482662911273,1.5922043545741384,-2.191002704634334,0.0,0.0,0.0
204.0284218788147,1.3996106485852602,1.614415944948568,-2.1717140942861914,0.0,0.0,0.0
204.06259202957153,1.401411410087435,1.6193377629589891,-2.1600798849087233,0.0,0.0,0.0
204.09649968147278,1.403593293252463,1.622237557268091,-2.148811137444002,0.0,0.0,0.0
204.1306607723236,1.4080285476400465,1.6290885349833895,-2.1375011956385985,0.0,0.0,0.0
204.16491198539734,1.4124676777386211,1.6359454996792453,-2.126190604781901,0.0,0.0,0.0
204.19999885559082,1.4143880232760302,1.6393760734466993,-2.1150048698641886,0.0,0.0,0.0
204.23504877090454,1.4171071099635462,1.6434665486470978,-2.103958716828721,0.0,0.0,0.0
204.2708225250244,1.4263256856054267,1.656804235538556,-2.093373850731911,0.0,0.0,0.0
204.30452227592468,1.4363345878670761,1.6743607231034092,-2.083876198575491,0.0,0.0,0.0
204.33852648735046,1.445887190494051,1.6915703764821526,-2.074353761335257,0.0,0.0,0.0
204.3725507259369,1.4490265346950837,1.70146127396892,-2.0656988368862637,0.0,0.0,0.0
204.40687322616577,1.4501230457375514,1.7037168646402376,-2.0577828934116575,0.0,0.0,0.0
204.4405767917633,1.4512066197104807,1.7057903605437925,-2.0498959009876305,0.0,0.0,0.0
204.4744679927826,1.457826613126702,1.7142499437224168,-2.0428094816294253,0.0,0.0,0.0
204.50899386405945,1.4664282547021632,1.7308319414943387,-2.0365549989754457,0.0,0.0,0.0
204.54358649253845,1.4747318621372572,1.747635511085575,-2.0301150923014375,0.0,0.0,0.0
204.57823061943054,1.4765470221020933,1.7560574934052189,-2.0246849889422145,0.0,0.0,0.0
204.61197137832642,1.4769375787585675,1.7570242592300123,-2.0199515659477782,0.0,0.0,0.0
204.66247010231018,1.4790606510363522,1.7595611161905969,-2.0131624615733608,0.0,0.0,0.0
204.6968071460724,1.4860143878029581,1.7715120204721848,-2.0098078828224937,0.0,0.0,0.0
204.7305679321289,1.4926406958510177,1.785667734498838,-2.0066488450042925,0.0,0.0,0.0
204.7652781009674,1.4965200858610954,1.796747031386117,-2.0037033882059614,0.0,0.0,0.0
204.79980754852295,1.4956575383066115,1.797524412055344,-2.001748363987371,0.0,0.0,0.0
204.83390092849731,1.4945502012634304,1.7951269708853028,-2.0001416156752767,0.0,0.0,0.0
204.8676221370697,1.4950530869648937,1.7941422608695863,-1.9988072589481385,0.0,0.0,0.0
204.9018259048462,1.4999597237229103,1.802556336707969,-1.9985081441521182,0.0,0.0,0.0
204.93593502044678,1.5044944811060323,1.8125022354082527,-1.998333427822533,0.0,0.0,0.0
204.9696488380432,1.5064888193034922,1.8194697041812242,-1.9983456691625743,0.0,0.0,0.0
205.0038914680481,1.5037190147937314,1.8162011528135473,-1.9994333183883586,0.0,0.0,0.0
205.0547080039978,1.5045338052237422,1.8139015283492876,-2.001714380399035,0.0,0.0,0.0
205.08875942230225,1.507427769822882,1.8200145647443107,-2.003161428571126,0.0,0.0,0.0
205.12237930297852,1.5103208274425677,1.826125612285381,-2.0046084395574515,0.0,0.0,0.0
205.1569766998291,1.5132129971278647,1.8322346683606054,-2.0060550288162315,0.0,0.0,0.0
205.20786666870117,1.5154883650346578,1.837477606094624,-2.007774724973651,0.0,0.0,0.0
205.2414357662201,1.5155498371251854,1.8379584353556466,-2.0086539400810954,0.0,0.0,0.0
205.27536296844482,1.5096981562284078,1.8302518504802079,-2.0104447409405743,0.0,0.0,0.0
205.30960488319397,1.5027336436142653,1.8155563635515721,-2.012897653610906,0.0,0.0,0.0
205.34341979026794,1.4957945478526207,1.8005259546505847,-2.0154915731825147,0.0,0.0,0.0
205.37735772132874,1.4941141518934145,1.7934420975387435,-2.019068094323401,0.0,0.0,0.0
205.41150617599487,1.4925047994512874,1.7901134258287306,-2.022993530246718,0.0,0.0,0.0
205.44579887390137,1.4889835237807567,1.784386894420698,-2.02698201711046,0.0,0.0,0.0
205.47941303253174,1.4798442618668541,1.768946962976423,-2.0320009798669725,0.0,0.0,0.0
205.5135941505432,1.47006274079303,1.7494126718974707,-2.03741135945319,0.0,0.0,0.0
205.54754424095154,1.46121818938602,1.7305886781866393,-2.0430922041438784,0.0,0.0,0.0
205.58188724517822,1.4569178367732487,1.7204534389334734,-2.049752364206668,0.0,0.0,0.0
205.61552667617798,1.4520002602707185,1.7110661383597117,-2.0564507607278943,0.0,0.0,0.0
205.64963459968567,1.4436523701101114,1.6977661698956064,-2.063369599043993,0.0,0.0,0.0
205.68350744247437,1.4304152616765655,1.6747415143828626,-2.071284641185754,0.0,0.0,0.0
205.71760201454163,1.4211746188053844,1.6542633486217122,-2.079526392985637,0.0,0.0,0.0
205.75145483016968,1.4213770912606842,1.645027485119957,-2.0879944441052114,0.0,0.0,0.0
205.78637170791626,1.4226868757001965,1.6465535611758704,-2.096111179894593,0.0,0.0,0.0
205.83654403686523,1.4190089805079902,1.647218431664181,-2.1073740933325213,0.0,0.0,0.0
205.87058854103088,1.4034079738202105,1.6343700982714309,-2.114750139774369,0.0,0.0,0.0
205.92150139808655,1.3746326767904318,1.5973349575653981,-2.127652193576357,0.0,0.0,0.0
205.95548915863037,1.3605335520446964,1.5749216596588074,-2.1372314875576417,0.0,0.0,0.0
205.98995542526245,1.3433865559106544,1.5495439824302204,-2.1470572780741946,0.0,0.0,0.0
206.02363896369934,1.3208995334794498,1.5159714688783807,-2.1577205648557456,0.0,0.0,0.0
206.05763244628906,1.2987464885323334,1.4826783525041838,-2.168538228924776,0.0,0.0,0.0
206.0916566848755,1.2828324318088924,1.457883715805749,-2.180373721391198,0.0,0.0,0.0
206.12559413909912,1.2747526589722744,1.4429653244292873,-2.1925949330568177,0.0,0.0,0.0
206.15959882736206,1.2655801133835325,1.4269611602920786,-2.2046943102775045,0.0,0.0,0.0
206.21052193641663,1.233823772571445,1.3843296253065807,-2.2249480811440177,0.0,0.0,0.0
206.24461841583252,1.216402400000398,1.3609170698719033,-2.2398742142768024,0.0,0.0,0.0
206.27839851379395,1.1944310954940816,1.3343193662285964,-2.255681471074314,0.0,0.0,0.0
206.31269359588623,1.1743287282147215,1.3095892873629582,-2.272118221195302,0.0,0.0,0.0
206.34697151184082,1.1548615859000664,1.285920920898977,-2.289252706727546,0.0,0.0,0.0
206.38061118125916,1.134532128573195,1.26317782431071,-2.3068964006447663,0.0,0.0,0.0
206.4314489364624,1.0985863987098996,1.2239740509098882,-2.3353092530197275,0.0,0.0,0.0
206.4654335975647,1.0724178185844133,1.1969030538177972,-2.3557752837033945,0.0,0.0,0.0
206.4994728565216,1.0488433263426142,1.1731760639271112,-2.377401296235299,0.0,0.0,0.0
206.5342252254486,1.0223314637157246,1.1479188834998928,-2.4003227798609483,0.0,0.0,0.0
206.56859374046326,0.9937767554449918,1.1221011723452508,-2.425253649275268,0.0,0.0,0.0
206.60251688957214,0.966223516395959,1.0982021560347082,-2.450625391783955,0.0,0.0,0.0
206.63726234436035,0.9437662750935387,1.0798326802222866,-2.4763365214934616,0.0,0.0,0.0
206.6716661453247,0.9181957592305098,1.0588901579831669,-2.5040474070480925,0.0,0.0,0.0
206.7055070400238,0.89165273861075,1.036875745811673,-2.5324044361749936,0.0,0.0,0.0
206.73942470550537,0.863218789209904,1.0146827398284375,-2.5620885244040243,0.0,0.0,0.0
206.77362728118896,0.8365723247330465,0.9959049805061568,-2.5926091827389284,0.0,0.0,0.0
206.80757427215576,0.8097602297044444,0.9773297364267145,-2.6242398515337317,0.0,0.0,0.0
206.84145426750183,0.781752417031519,0.9588541595974908,-2.6570856978708366,0.0,0.0,0.0
206.8754951953888,0.754035144053978,0.9414376214651232,-2.69094836855719,0.0,0.0,0.0
206.91057205200195,0.7251748931811111,0.9244869299962485,-2.726916227162843,0.0,0.0,0.0
206.94471907615662,0.6970843540948254,0.9093428453937831,-2.762944213747584,0.0,0.0,0.0
206.97995686531067,0.6676820151235997,0.8951709059277344,-2.8011345672095804,0.0,0.0,0.0
207.0137267112732,0.6386789885482539,0.8828316480737645,-2.8392384144143152,0.0,0.0,0.0
207.04803109169006,0.609588825782049,0.8719498703456601,-2.8783478869176076,0.0,0.0,0.0
207.08155488967896,0.580084544613487,0.8625735705395727,-2.918432322862381,0.0,0.0,0.0
207.11542177200317,0.5502648181559756,0.8547479994191083,-2.959461925116623,0.0,0.0,0.0
207.14954352378845,0.519895024560165,0.8485160323905684,-3.0014029907231397,0.0,0.0,0.0
207.18346881866455,0.48927510685604986,0.8439164714662704,-3.0442054161538286,0.0,0.0,0.0
207.21908116340637,0.45756718594043755,0.8409254816468366,-3.089185726812206,0.0,0.0,0.0
207.25311589241028,0.42602567611633796,0.8397476460716663,-3.133705322014541,0.0,0.0,0.0
207.28680515289307,0.3941855576801643,0.8402999986930962,3.1041921671399657,0.0,0.0,0.0
207.32120490074158,0.3619616199803065,0.8425896279594721,3.0580985977181245,0.0,0.0,0.0
207.3556604385376,0.3284401190117897,0.8460363603488937,3.0096243104335274,0.0,0.0,0.0
207.38964080810547,0.2953498279001603,0.8508259994901604,2.9613980695352407,0.0,0.0,0.0
207.42356038093567,0.26168037293513113,0.8575329499030133,2.9121738799122356,0.0,0.0,0.0
207.4573950767517,0.23002140587909206,0.8655016176947093,2.863360539048154,0.0,0.0,0.0
207.49240350723267,0.20144811179815672,0.8734925021781605,2.81548870180377,0.0,0.0,0.0
207.52678632736206,0.17532262264123896,0.8818981103244287,2.767286746868204,0.0,0.0,0.0
207.56052231788635,0.15287681404990963,0.8908019272581251,2.721440328275751,0.0,0.0,0.0
207.59485483169556,0.13202630032163,0.9006849864113089,2.676399885198925,0.0,0.0,0.0
207.62949752807617,0.11099516048192952,0.9118470877193625,2.6308356576461454,0.0,0.0,0.0
207.6638674736023,0.09102075457502623,0.9236166576152964,2.5873399261713432,0.0,0.0,0.0
207.6979353427887,0.07152181176482218,0.9362681301630448,2.5446829345530753,0.0,0.0,0.0
207.748441696167,0.04322621164052355,0.9568202709800978,2.482237598272329,0.0,0.0,0.0
207.782532453537,0.02503362845309525,0.9715207608577873,2.4416332487122454,0.0,0.0,0.0
207.81678366661072,0.007398950599615839,0.9869810733556551,2.40190825408533,0.0,0.0,0.0
207.85081386566162,-0.009659384683592278,1.0031646018264968,2.36304882100405,0.0,0.0,0.0
207.88507270812988,-0.026127766644279994,1.020036521716692,2.325078240186117,0.0,0.0,0.0
207.9195556640625,-0.042448926434131624,1.0380842799444903,2.2868757203614525,0.0,0.0,0.0
207.95364999771118,-0.05768356256606492,1.0562447710300769,2.250698492462524,0.0,0.0,0.0
207.9875147342682,-0.07230020256297794,1.0749890496435401,2.215438749649143,0.0,0.0,0.0
208.0217888355255,-0.08629166659310682,1.094281086091107,2.181050627561764,0.0,0.0,0.0
208.05561113357544,-0.09965699481726827,1.1140906748271933,2.1475785176934585,0.0,0.0,0.0
208.08955478668213,-0.11239518011379358,1.1343851503770217,2.1150103415366264,0.0,0.0,0.0
208.12379264831543,-0.12450883163176715,1.1551353914094702,2.0833760879234644,0.0,0.0,0.0
208.15768766403198,-0.1360000974285579,1.1763091998156001,2.052638275742362,0.0,0.0,0.0
208.19149541854858,-0.14687296812971237,1.1978777602630983,2.022787703507394,0.0,0.0,0.0
208.2258756160736,-0.15713588959978375,1.2198170417432095,1.9938786353375124,0.0,0.0,0.0
208.25993013381958,-0.16679576256781323,1.242097991241205,1.9658670046249627,0.0,0.0,0.0
208.31055402755737,-0.18009507904057115,1.2759661992840394,1.9255637642560424,0.0,0.0,0.0
208.34453558921814,-0.1871872034328707,1.2971300322304022,1.9001307409465107,0.0,0.0,0.0
208.37865257263184,-0.1926123540502035,1.3166043222549244,1.8759787754203772,0.0,0.0,0.0
208.4135046005249,-0.19658265365931196,1.334600388964818,1.85308002860787,0.0,0.0,0.0
208.44748210906982,-0.19901487607192897,1.3514483684622207,1.8307884666318088,0.0,0.0,0.0
208.4817590713501,-0.19970394100965172,1.3660650423629297,1.8103672516528835,0.0,0.0,0.0
208.5164794921875,-0.19931722344133634,1.3790972147701848,1.791151261151425,0.0,0.0,0.0
208.5502905845642,-0.1979810482875608,1.3899456338584928,1.7730612662431615,0.0,0.0,0.0
208.58467650413513,-0.1960716879853143,1.3980116496796602,1.7555164011071291,0.0,0.0,0.0
208.61906218528748,-0.19378059751497578,1.4024488176633083,1.7394702079009183,0.0,0.0,0.0
208.65359950065613,-0.19097703634719881,1.4026260458832724,1.7238748960914683,0.0,0.0,0.0
208.68744206428528,-0.18803714679842817,1.399743276329706,1.7097212084767028,0.0,0.0,0.0
208.7220242023468,-0.1850124667131945,1.394068150037134,1.6965574424509395,0.0,0.0,0.0
208.75638389587402,-0.18189995738870998,1.3850646894071732,1.6840047293782974,0.0,0.0,0.0
208.79046964645386,-0.17884943480414825,1.3736118295950885,1.6728112689573895,0.0,0.0,0.0
208.82445120811462,-0.17592115088922858,1.3601180328117854,1.6626512279892283,0.0,0.0,0.0
208.8584451675415,-0.17316438856917035,1.344455679618146,1.6534929651984516,0.0,0.0,0.0
208.89265370368958,-0.1704780335232549,1.3266478622326674,1.6453403561367035,0.0,0.0,0.0
208.9266381263733,-0.1679467804055823,1.3072149025260418,1.6382429363601616,0.0,0.0,0.0
208.96079659461975,-0.165566818257602,1.2863344636626237,1.6322042264263665,0.0,0.0,0.0
208.99444103240967,-0.1633571588034622,1.2640684963739741,1.6272227505492778,0.0,0.0,0.0
209.02831983566284,-0.16122854499196962,1.2404895449329276,1.6233000306169696,0.0,0.0,0.0
209.0623619556427,-0.15918576334097548,1.2156315775571394,1.6204360293498672,0.0,0.0,0.0
209.0965633392334,-0.15721330662125943,1.1894759287677519,1.6186288554225365,0.0,0.0,0.0
209.13164067268372,-0.15521408116997915,1.1612051855372039,1.6178682719749065,0.0,0.0,0.0
209.16548991203308,-0.15326298079219763,1.1324526791153764,1.6181979765680778,0.0,0.0,0.0
209.1994800567627,-0.15127317635513648,1.1024354160184824,1.6195808317537366,0.0,0.0,0.0
209.23347115516663,-0.14922270744159347,1.071153522433742,1.622017606352251,0.0,0.0,0.0
209.2681176662445,-0.14705602856095615,1.03862780066036,1.625510090448038,0.0,0.0,0.0
209.3183467388153,-0.14353119295814887,0.9875393672518534,1.632739969351425,0.0,0.0,0.0
209.35271883010864,-0.14098474813626796,0.9519290702193488,1.6388867733955097,0.0,0.0,0.0
209.38667368888855,-0.1382184840954813,0.9150879889180229,1.6461058215834696,0.0,0.0,0.0
209.42048358917236,-0.13521909253461456,0.8775060468717047,1.6543574136587202,0.0,0.0,0.0
209.45436882972717,-0.1320375972390781,0.8413506614458474,1.6634748255662757,0.0,0.0,0.0
209.4883999824524,-0.12867270770132833,0.806876175536784,1.6734462251588813,0.0,0.0,0.0
209.52244901657104,-0.1250483143687292,0.7734524631166618,1.6843164388770882,0.0,0.0,0.0
209.55639386177063,-0.12129600243990145,0.7420097480773554,1.6960300801127057,0.0,0.0,0.0
209.59035778045654,-0.11736599876325865,0.7123005369008747,1.7086144779586783,0.0,0.0,0.0
209.62455534934998,-0.11323491446488525,0.6839079514052154,1.7220964046147536,0.0,0.0,0.0
209.65907549858093,-0.10898958150646744,0.6569727372314164,1.7364727095389987,0.0,0.0,0.0
209.6935155391693,-0.10460012494721566,0.6319274200097706,1.752126647338961,0.0,0.0,0.0
209.72744393348694,-0.1002290487818291,0.6090990406043082,1.7682494757811371,0.0,0.0,0.0
209.76137924194336,-0.09582284769130577,0.5879725249318088,1.7852556595180398,0.0,0.0,0.0
209.79613375663757,-0.0915546663592719,0.5689759570121852,1.803125014963409,0.0,0.0,0.0
209.83012127876282,-0.08766565908017594,0.5531060079744088,1.8212621463068008,0.0,0.0,0.0
209.86411881446838,-0.08372675161075975,0.5382877606403401,1.8408629448452225,0.0,0.0,0.0
209.89807438850403,-0.08003638992046118,0.5252271518874359,1.8613688633225967,0.0,0.0,0.0
209.93185257911682,-0.07697977791839573,0.5153183472463769,1.882662315791022,0.0,0.0,0.0
209.96582293510437,-0.07428400246293856,0.5071910354447546,1.9048578405416032,0.0,0.0,0.0
210.01716232299805,-0.07155785877126439,0.49941520158665287,1.9397641659914955,0.0,0.0,0.0
210.06789660453796,-0.0706340772884506,0.497056027059022,1.9766069949267784,0.0,0.0,0.0
210.10191583633423,-0.07097281408867523,0.49775619225474976,2.002301890158863,0.0,0.0,0.0
210.13572311401367,-0.07269144226785619,0.5011451079210426,2.0288107091983365,0.0,0.0,0.0
210.16988325119019,-0.0756968442392302,0.5070001964760551,2.056136958358473,0.0,0.0,0.0
210.20389890670776,-0.07980823398595505,0.5144809160154523,2.0843436332243703,0.0,0.0,0.0
210.23777055740356,-0.08628111289142412,0.5210211548596164,2.1130500100007907,0.0,0.0,0.0
210.27166867256165,-0.09383566441657491,0.5224910960621663,2.141525920678486,0.0,0.0,0.0
210.30642938613892,-0.10135724219183391,0.523908221067297,2.1699952249795804,0.0,0.0,0.0
210.3401460647583,-0.10884504158196986,0.5252767610639923,2.198462476416531,0.0,0.0,0.0
210.39061045646667,-0.12001116715226799,0.5272409285410067,2.241164577097789,0.0,0.0,0.0
210.42459630966187,-0.12740965784076916,0.528493592752945,2.269625419095611,0.0,0.0,0.0
210.45900964736938,-0.13477190421926083,0.5297008702517998,2.29810652818183,0.0,0.0,0.0
210.49291348457336,-0.1420950742969028,0.5308655516686667,2.3265760377541422,0.0,0.0,0.0
210.52671837806702,-0.1493781598493445,0.531988520708651,2.355035270980078,0.0,0.0,0.0
210.56135082244873,-0.1566206962511557,0.5330697899738513,2.3835000067047223,0.0,0.0,0.0
210.59516549110413,-0.16382076590219316,0.5341105957041457,2.411961266921526,0.0,0.0,0.0
210.6286506652832,-0.1709772157945258,0.5351111878629055,2.44042757677938,0.0,0.0,0.0
210.66333842277527,-0.17808713383789138,0.5360737019270777,2.4688742769341583,0.0,0.0,0.0
210.69832563400269,-0.19066327193313828,0.542337604833652,2.4989051752294973,0.0,0.0,0.0
210.73181796073914,-0.21428083046138532,0.5598356765379164,2.5296525266877747,0.0,0.0,0.0
210.7657516002655,-0.23893952335107754,0.57730454558462,2.5616038338781757,0.0,0.0,0.0
210.7998607158661,-0.26309718316587605,0.592608235818232,2.593712088888946,0.0,0.0,0.0
210.83371591567993,-0.29322600471324345,0.611313243711656,2.62650777682422,0.0,0.0,0.0
210.86824750900269,-0.3273104684833217,0.6298959072036362,2.6596748421391814,0.0,0.0,0.0
210.90302085876465,-0.36122123930545946,0.6463426517838347,2.694025395087262,0.0,0.0,0.0
210.93670439720154,-0.38759447008839815,0.6583733402927096,2.7280386791320863,0.0,0.0,0.0
210.9708046913147,-0.4167827834169321,0.6715610899008234,2.7624357233908667,0.0,0.0,0.0
211.00499272346497,-0.45280240061641763,0.6852705083030165,2.797493084418393,0.0,0.0,0.0
211.03879690170288,-0.4879952526014774,0.6966723258623856,2.8327166831459847,0.0,0.0,0.0
211.0729422569275,-0.5161709150260407,0.7050002684947568,2.8686120198158025,0.0,0.0,0.0
211.10737442970276,-0.548326928921593,0.7141817541400773,2.9050218838969237,0.0,0.0,0.0
211.14200139045715,-0.586991572043596,0.7227720558589945,2.94304443144431,0.0,0.0,0.0
211.1928207874298,-0.6333481223626659,0.7305080656274967,2.9994136381707497,0.0,0.0,0.0
211.2272732257843,-0.6691435870646643,0.7352727945778333,3.0378916054351435,0.0,0.0,0.0
211.26149940490723,-0.7045763504399647,0.7380900119518693,3.076829722808209,0.0,0.0,0.0
211.31183695793152,-0.7544038657201803,0.7399725525086315,3.1366895392844825,0.0,0.0,0.0
211.34565615653992,-0.789105600792926,0.7395899353830429,-3.1058203997907303,0.0,0.0,0.0
211.37976026535034,-0.8212827927198567,0.7376314446195555,-3.0643312709800927,0.0,0.0,0.0
211.414048910141,-0.8578011568214459,0.7344071152642956,-3.0221671361286533,0.0,0.0,0.0
211.44778609275818,-0.8888664331284863,0.7297735847620624,-2.979251297637257,0.0,0.0,0.0
211.48191666603088,-0.9251167393548245,0.7234298092435675,-2.935573149112725,0.0,0.0,0.0
211.515620470047,-0.9555544848757488,0.7162438859839482,-2.891153227191512,0.0,0.0,0.0
211.54981017112732,-0.9910777028826123,0.7065419568174874,-2.845954049424244,0.0,0.0,0.0
211.58383178710938,-1.0209216592477268,0.6968890850304699,-2.800074343060187,0.0,0.0,0.0
211.6178503036499,-1.055167188773965,0.683892441572972,-2.75341816110804,0.0,0.0,0.0
211.6516170501709,-1.0838990799689787,0.6717802680424291,-2.706048660816627,0.0,0.0,0.0
211.68568968772888,-1.1168102830448563,0.6553187767562546,-2.657935516554269,0.0,0.0,0.0
211.71970796585083,-1.144662153136729,0.6405817630585194,-2.609238072396275,0.0,0.0,0.0
211.75364446640015,-1.1751138923941384,0.6216485930798207,-2.5597185169165315,0.0,0.0,0.0
211.78771901130676,-1.2019637749830274,0.603366514004157,-2.5093208563851173,0.0,0.0,0.0
211.821631193161,-1.2291405496389152,0.5830355584166534,-2.4580610739397577,0.0,0.0,0.0
211.85572266578674,-1.2557837036814163,0.5605252074311476,-2.4058369604054275,0.0,0.0,0.0
211.89004039764404,-1.28003567747261,0.5377888943128484,-2.352645358153716,0.0,0.0,0.0
211.92375659942627,-1.303090700537053,0.5139508243013496,-2.298495988230599,0.0,0.0,0.0
211.9578559398651,-1.3252623211783832,0.4883722641581666,-2.24314339625425,0.0,0.0,0.0
211.99230456352234,-1.3457124130120015,0.4623238168024492,-2.186483625800552,0.0,0.0,0.0
212.04275751113892,-1.374462990583798,0.4211278197158498,-2.1020970347107886,0.0,0.0,0.0
212.0766658782959,-1.3930981100096038,0.3931641389714476,-2.047503756758711,0.0,0.0,0.0
212.1106629371643,-1.4116153801688591,0.3645982942454957,-1.9942824408492155,0.0,0.0,0.0
212.14473128318787,-1.4289343375456867,0.33510781005003504,-1.9423079496960778,0.0,0.0,0.0
212.1787793636322,-1.4444145132620905,0.30490567797585005,-1.8915498387058987,0.0,0.0,0.0
212.21284651756287,-1.4576823780238137,0.2737568236979434,-1.84195803051338,0.0,0.0,0.0
212.2469620704651,-1.4688209525937035,0.24198476648353798,-1.7935375139361858,0.0,0.0,0.0
212.28074479103088,-1.4778212187690596,0.20894870721117573,-1.7462673452595339,0.0,0.0,0.0
212.31467652320862,-1.4847291065867578,0.17462080981167596,-1.7000635974140674,0.0,0.0,0.0
212.34905338287354,-1.489592496672149,0.13952961414745838,-1.6549483930296658,0.0,0.0,0.0
212.38364219665527,-1.4924532395894725,0.1030315587442893,-1.6108915284791998,0.0,0.0,0.0
212.43411135673523,-1.4931188796303096,0.04569184661367588,-1.5467045927128598,0.0,0.0,0.0
212.46778869628906,-1.4916064702960994,0.005473922089062374,-1.5051665019566536,0.0,0.0,0.0
212.51869130134583,-1.486831577120348,-0.05738025392067477,-1.4448665435690138,0.0,0.0,0.0
212.55294942855835,-1.4813430449427123,-0.10117812490784754,-1.4060210976248961,0.0,0.0,0.0
212.58699202537537,-1.474214993494726,-0.14479648928130517,-1.3681518701451607,0.0,0.0,0.0
212.62120580673218,-1.4654113505672846,-0.18801705340546768,-1.3312987927558606,0.0,0.0,0.0
212.65573596954346,-1.4548381114272482,-0.23078496938759827,-1.295466307265192,0.0,0.0,0.0
212.7057445049286,-1.4355671042968812,-0.29401437027187827,-1.2436854495424856,0.0,0.0,0.0
212.74016690254211,-1.4209268000806476,-0.33547246735534225,-1.2104553805120855,0.0,0.0,0.0
212.77387070655823,-1.4049341669536628,-0.376368552037063,-1.1783417225554997,0.0,0.0,0.0
212.8079903125763,-1.3876031842237602,-0.41666454093908595,-1.1472981344170627,0.0,0.0,0.0
212.84178614616394,-1.3690867593186424,-0.4563374734200219,-1.1173402285071063,0.0,0.0,0.0
212.87628602981567,-1.3494264787875603,-0.49537628915532916,-1.0884905481063867,0.0,0.0,0.0
212.92667245864868,-1.3179987880268391,-0.5527136882618296,-1.0473257035527102,0.0,0.0,0.0
212.96067023277283,-1.2957980235542916,-0.5901274579737923,-1.0212918488747438,0.0,0.0,0.0
212.99500799179077,-1.2727214494090382,-0.6268894629437571,-0.9963711264534162,0.0,0.0,0.0
213.02880358695984,-1.2487689335436962,-0.6630132640611384,-0.9726223486204442,0.0,0.0,0.0
213.0631365776062,-1.2240254867946696,-0.6985020582287107,-0.9500202278169793,0.0,0.0,0.0
213.0969753265381,-1.1985547187224792,-0.7333668101850229,-0.9285725136084734,0.0,0.0,0.0
213.13080668449402,-1.1724047258898187,-0.7676252626104687,-0.9082798487170013,0.0,0.0,0.0
213.1649293899536,-1.1463159749503875,-0.8006713306198843,-0.8890893147398867,0.0,0.0,0.0
213.19868993759155,-1.1289199160068868,-0.8247193950157532,-0.8700977137605069,0.0,0.0,0.0
213.2330446243286,-1.1228246909357735,-0.8374596152128336,-0.8509955839835546,0.0,0.0,0.0
213.2667908668518,-1.1248011513367528,-0.8393077120873507,-0.8319708227117731,0.0,0.0,0.0
213.30092644691467,-1.1271338589491942,-0.8381387114828958,-0.8130922059951211,0.0,0.0,0.0
213.33487915992737,-1.1294831999586674,-0.8369521717327197,-0.7942130446013582,0.0,0.0,0.0
213.36873579025269,-1.131850030302702,-0.8357485788914051,-0.7753411912125512,0.0,0.0,0.0
213.40280389785767,-1.1342344773103037,-0.8345274165285634,-0.7564682708019197,0.0,0.0,0.0
213.43666696548462,-1.1311729893152678,-0.8387483203402761,-0.7379354123450326,0.0,0.0,0.0
213.47075772285461,-1.118214416398974,-0.8511429273201948,-0.7186016759698086,0.0,0.0,0.0
213.5047013759613,-1.0970628933897113,-0.8704315140268541,-0.6999306018440913,0.0,0.0,0.0
213.53870463371277,-1.0730396525231358,-0.8899946785080647,-0.6823852202247489,0.0,0.0,0.0
213.57289791107178,-1.0566794191672535,-0.9019839531804639,-0.66634384215797,0.0,0.0,0.0
213.60700845718384,-1.0329980463676423,-0.9205319094742489,-0.6514388929840463,0.0,0.0,0.0
213.64087677001953,-1.0157125841470385,-0.932166385565096,-0.6376842916857876,0.0,0.0,0.0
213.675208568573,-0.9993037242565779,-0.9450423786994294,-0.6252606815834696,0.0,0.0,0.0
213.70951509475708,-0.9776571298898827,-0.9601246538225837,-0.6137047193868933,0.0,0.0,0.0
213.75997519493103,-0.9580370471735647,-0.9734775571757813,-0.5988188350248921,0.0,0.0,0.0
213.79406666755676,-0.9370173936266061,-0.9883352856248551,-0.5901323956655303,0.0,0.0,0.0
213.8280348777771,-0.9223896448300655,-0.9963008840447011,-0.5824897311891273,0.0,0.0,0.0
213.86169743537903,-0.9111974779373124,-1.0046561894230424,-0.5759005827449365,0.0,0.0,0.0
213.8958282470703,-0.8907081519057345,-1.0187515185425473,-0.5701814713235955,0.0,0.0,0.0
213.92971873283386,-0.8738847994363292,-1.0279200579619252,-0.5651964897891552,0.0,0.0,0.0
213.96401810646057,-0.8645844547771805,-1.0337859242472798,-0.5612376833301146,0.0,0.0,0.0
213.9977297782898,-0.8468441653673183,-1.0466761852734952,-0.558278691908213,0.0,0.0,0.0
214.0320007801056,-0.825473772173111,-1.0596989857916281,-0.5557471075595803,0.0,0.0,0.0
214.08266854286194,-0.8080461323474633,-1.06908341272719,-0.553816003014995,0.0,0.0,0.0
214.11714577674866,-0.7909511600867861,-1.0814478996781574,-0.5535728545564824,0.0,0.0,0.0
214.15068006515503,-0.7676948076202247,-1.095826270799313,-0.5538176711138059,0.0,0.0,0.0
214.18480849266052,-0.7505783887708396,-1.104799030081061,-0.5548896605399636,0.0,0.0,0.0
214.21873807907104,-0.7390147756377775,-1.1121410751825505,-0.5566853094712649,0.0,0.0,0.0
214.2526731491089,-0.718963174719186,-1.126359046053937,-0.5593679993336026,0.0,0.0,0.0
214.28713417053223,-0.6938415490407958,-1.1421404329166198,-0.5624364308267779,0.0,0.0,0.0
214.3207278251648,-0.6747964864848961,-1.1526750881574495,-0.5663399579472381,0.0,0.0,0.0
214.35473155975342,-0.660945989001678,-1.161621974467889,-0.5708853801712945,0.0,0.0,0.0
214.38880014419556,-0.6390348062627664,-1.1774271219550538,-0.5762666559302771,0.0,0.0,0.0
214.42274022102356,-0.6116931037099835,-1.1953110446297035,-0.5820737751272735,0.0,0.0,0.0
214.4738326072693,-0.5805798006467523,-1.2145592373175105,-0.5921504087122165,0.0,0.0,0.0
214.50762033462524,-0.5624252771650067,-1.2273324033657944,-0.5995287771575917,0.0,0.0,0.0
214.54171872138977,-0.535012934608263,-1.2472607651246868,-0.607865718470178,0.0,0.0,0.0
214.57610297203064,-0.5052925003557043,-1.268072617756072,-0.6164212667829191,0.0,0.0,0.0
214.6100561618805,-0.48273158539059535,-1.2831222737603385,-0.6259220782455964,0.0,0.0,0.0
214.64431476593018,-0.4627590691629003,-1.2978138366123195,-0.6357803549742592,0.0,0.0,0.0
214.67843556404114,-0.43449531369011685,-1.319925687102657,-0.6464755576661558,0.0,0.0,0.0
214.7123725414276,-0.40332087201365674,-1.3437135286461754,-0.6572042573587011,0.0,0.0,0.0
214.7463459968567,-0.3755313107042949,-1.36441719122495,-0.6688832557570781,0.0,0.0,0.0
214.78005695343018,-0.3541529105608383,-1.3814989573730334,-0.6813147222445112,0.0,0.0,0.0
214.81406450271606,-0.32855962245153547,-1.4030517274371812,-0.6939442989697595,0.0,0.0,0.0
214.8480076789856,-0.2965131992350476,-1.4300874193328994,-0.7078595953716,0.0,0.0,0.0
214.88204193115234,-0.26803605870465613,-1.4543544322713284,-0.7217242204654015,0.0,0.0,0.0
214.91641998291016,-0.24712316659168396,-1.472766489754137,-0.7365416979183553,0.0,0.0,0.0
214.95007705688477,-0.23105556818161954,-1.4870706990352938,-0.7509684199426073,0.0,0.0,0.0
214.9841365814209,-0.22551553109301553,-1.491536394859521,-0.7662578250207824,0.0,0.0,0.0
215.01809763908386,-0.22787854946487252,-1.4934838328080364,-0.7808217441810646,0.0,0.0,0.0
215.05276918411255,-0.22921215497412556,-1.4966575142542151,-0.7955563533823786,0.0,0.0,0.0
215.08713793754578,-0.2204486849826809,-1.5100458270605788,-0.8121632548332691,0.0,0.0,0.0
215.12094569206238,-0.20430037615370494,-1.5306729058722675,-0.829658615167513,0.0,0.0,0.0
215.1555528640747,-0.19747193884818226,-1.5419772275278414,-0.8472479198445865,0.0,0.0,0.0
215.1891634464264,-0.19847532182710836,-1.5457316252273974,-0.8647769666179854,0.0,0.0,0.0
215.22422075271606,-0.19310203585442426,-1.556067826432204,-0.8834825677713328,0.0,0.0,0.0
215.25830173492432,-0.1774198536826429,-1.5763650600376733,-0.9010100830062376,0.0,0.0,0.0
215.30890679359436,-0.1519382308206081,-1.6093884784277699,-0.9269727254001319,0.0,0.0,0.0
215.3430516719818,-0.13059857763010263,-1.6369830404605172,-0.9448554937455843,0.0,0.0,0.0
215.37700819969177,-0.10740081782465707,-1.6696841498690278,-0.9632210309817373,0.0,0.0,0.0
215.41111016273499,-0.08475632940134928,-1.7029004344252794,-0.9816085269384669,0.0,0.0,0.0
215.44519519805908,-0.06548418880704952,-1.733522200624709,-1.0004677033633116,0.0,0.0,0.0
215.47893810272217,-0.05057980534621439,-1.7573998920246325,-1.0201232803367213,0.0,0.0,0.0
215.5268783569336,-0.7316716261171082,-3.335958969063345,2.8548980117023883,0.0,0.0,0.0
215.56086111068726,-0.7574050978037421,-3.332479785435353,2.7921697380741612,0.0,0.0,0.0
215.5951714515686,-0.7718998696108539,-3.331513306819251,2.7298682171927102,0.0,0.0,0.0
215.62906551361084,-0.7802443889141366,-3.3332193841814033,2.668546232992154,0.0,0.0,0.0
215.6629490852356,-0.7859589254491498,-3.3375553101056656,2.6085763996753144,0.0,0.0,0.0
215.69679856300354,-0.7890178355713672,-3.3445623648503,2.549991243731678,0.0,0.0,0.0
215.73087096214294,-0.7893341772421651,-3.354331826739692,2.4928106984724736,0.0,0.0,0.0
215.7648265361786,-0.7868093006091716,-3.366965768985311,2.4370359437147138,0.0,0.0,0.0
215.79904007911682,-0.781439788984843,-3.38233596375813,2.3826499460564623,0.0,0.0,0.0
215.83318710327148,-0.7733545809289362,-3.3998090034249158,2.3296218050424575,0.0,0.0,0.0
215.86730217933655,-0.7625398531545953,-3.4189906650210404,2.2779383847800543,0.0,0.0,0.0
215.9013488292694,-0.7487916731416746,-3.439601263059311,2.227569826089231,0.0,0.0,0.0
215.93587398529053,-0.7323287158620794,-3.4623196605196638,2.177024745857961,0.0,0.0,0.0
215.97006511688232,-0.716993810757541,-3.4856009351648556,2.1290771672203888,0.0,0.0,0.0
216.00377464294434,-0.702594942092415,-3.509897896482068,2.0822817609701927,0.0,0.0,0.0
216.03790283203125,-0.6891974766230736,-3.535095919999708,2.0366435605639714,0.0,0.0,0.0
216.07223653793335,-0.6768080381889295,-3.5611873228800754,1.9921286199058936,0.0,0.0,0.0
216.10612511634827,-0.6655146667007144,-3.5879477317794306,1.9487053451427547,0.0,0.0,0.0
216.13989758491516,-0.6553218991864421,-3.615342194109525,1.9064070296026407,0.0,0.0,0.0
216.17377257347107,-0.6462588492845851,-3.643222696513461,1.8652328887663492,0.0,0.0,0.0
216.20794653892517,-0.6383231284950172,-3.671501850090324,1.825135849098989,0.0,0.0,0.0
216.24257707595825,-0.6315305685914357,-3.7000075468425924,1.786073042986075,0.0,0.0,0.0
216.27713012695312,-0.6258433980276477,-3.7288517767357883,1.7468911384815289,0.0,0.0,0.0
216.31098747253418,-0.6215202679582911,-3.7562514636660995,1.709807279141679,0.0,0.0,0.0
216.3459074497223,-0.6183014575820285,-3.7830170720436933,1.6736409273958874,0.0,0.0,0.0
216.38009977340698,-0.6160505643228087,-3.809822880911351,1.6373363292572933,0.0,0.0,0.0
216.4144766330719,-0.6148598154988115,-3.834772281970033,1.602947296283726,0.0,0.0,0.0
216.4490556716919,-0.6145214127439349,-3.859282643047385,1.5684488374011119,0.0,0.0,0.0
216.48299503326416,-0.6149559253937378,-3.882078001061337,1.5358018241488216,0.0,0.0,0.0
216.51700735092163,-0.6160754749394174,-3.9036311303423132,1.5039976939923387,0.0,0.0,0.0
216.5509762763977,-0.6177688784623621,-3.9238496872935094,1.47305199066058,0.0,0.0,0.0
216.58482003211975,-0.6198903941721412,-3.942844840513523,1.44300872422158,0.0,0.0,0.0
216.61910796165466,-0.6224578279813658,-3.960632492596365,1.413914259353319,0.0,0.0,0.0
216.65343928337097,-0.6252650549986191,-3.9767505827352516,1.3857656922011823,0.0,0.0,0.0
216.68797969818115,-0.6283509105320375,-3.9919425353011166,1.357720854469887,0.0,0.0,0.0
216.72182941436768,-0.631492976405244,-4.005769419406321,1.3299985457752708,0.0,0.0,0.0
216.75598406791687,-0.6347050574320288,-4.018628777926322,1.3010923353413661,0.0,0.0,0.0
216.78987097740173,-0.6378271437791109,-4.030563789029305,1.2709528951106808,0.0,0.0,0.0
216.82505583763123,-0.6409991329430325,-4.042031003963212,1.238608518592144,0.0,0.0,0.0
216.85974955558777,-0.6439868240948688,-4.052639522232126,1.2058780868109766,0.0,0.0,0.0
216.90992999076843,-0.6478201436586649,-4.067677324926166,1.1543178676234418,0.0,0.0,0.0
216.94423151016235,-0.6497828883709579,-4.077136683825572,1.1182748546724999,0.0,0.0,0.0
216.97826099395752,-0.651289938267448,-4.086151498919346,1.0808707583461963,0.0,0.0,0.0
217.01207613945007,-0.6525267657585371,-4.094839743407011,1.0420832486873775,0.0,0.0,0.0
217.0458745956421,-0.6536179896606937,-4.102730681205584,1.0019504241664214,0.0,0.0,0.0
217.0801384449005,-0.6548063950915638,-4.109194719226366,0.9605371796316358,0.0,0.0,0.0
217.1139681339264,-0.6562516361912,-4.113700426820195,0.9178947699160002,0.0,0.0,0.0
217.14801406860352,-0.6580559540643055,-4.116741404322299,0.8739802102227374,0.0,0.0,0.0
217.1819508075714,-0.659547047695862,-4.118454238241915,0.8288191381467329,0.0,0.0,0.0
217.21694564819336,-0.6597245117168282,-4.118616967241687,0.7824893731077834,0.0,0.0,0.0
217.2511429786682,-0.6582650860528021,-4.117197869090612,0.7336130610410247,0.0,0.0,0.0
217.28485131263733,-0.6552656325418361,-4.114570197983614,0.684975502821363,0.0,0.0,0.0
217.3188533782959,-0.6507708517126877,-4.111007998436382,0.6351799996628982,0.0,0.0,0.0
217.3530077934265,-0.6442881717814021,-4.1063747405542,0.5842861456239831,0.0,0.0,0.0
217.38711524009705,-0.636042674059764,-4.101171878860996,0.53228529468913,0.0,0.0,0.0
217.4209749698639,-0.6261801710964063,-4.095650437849656,0.4792179954614714,0.0,0.0,0.0
217.4549446105957,-0.6143419564085246,-4.089832398255809,0.42516525200585803,0.0,0.0,0.0
217.4890012741089,-0.6011214736054046,-4.084433554151512,0.3702002466011749,0.0,0.0,0.0
217.52388405799866,-0.5961256501634319,-4.087920770286445,0.3137795002351567,0.0,0.0,0.0
217.55775928497314,-0.5970676861207436,-4.098926925655852,0.259423950100743,0.0,0.0,0.0
217.59172582626343,-0.5982254089751937,-4.110155011784968,0.20509281180019553,0.0,0.0,0.0
217.62598824501038,-0.5996001214899914,-4.121429521637154,0.1507431397967368,0.0,0.0,0.0
217.65983128547668,-0.6011938801222152,-4.132737221676738,0.0963943937602284,0.0,0.0,0.0
217.6939082145691,-0.6030078525112816,-4.144067074124224,0.04203741065893359,0.0,0.0,0.0
217.72784662246704,-0.6050427853933087,-4.15540765755912,-0.01233336803694819,0.0,0.0,0.0
217.76198029518127,-0.6072987972532177,-4.166743093643417,-0.06666352773370161,0.0,0.0,0.0
217.7957775592804,-0.6097756437227694,-4.178065253926207,-0.12100011305773896,0.0,0.0,0.0
217.82993006706238,-0.6124729078455167,-4.189363721636231,-0.1753636006745511,0.0,0.0,0.0
217.86391687393188,-0.6153885498697867,-4.2006213251850735,-0.22968289693427602,0.0,0.0,0.0
217.89827847480774,-0.6179451382052392,-4.21126187762881,-0.28403769918776367,0.0,0.0,0.0
217.93186283111572,-0.6118572074198085,-4.219334000392277,-0.33915276194898303,0.0,0.0,0.0
217.9658694267273,-0.5944984228966993,-4.228489390885278,-0.3952547136762631,0.0,0.0,0.0
218.0000123977661,-0.5717724523112734,-4.238855201449853,-0.45176324937017937,0.0,0.0,0.0
218.03381896018982,-0.5414098374700301,-4.257091553971764,-0.5072700761855636,0.0,0.0,0.0
218.06919598579407,-0.5043006602167249,-4.2789128794329105,-0.5618927391110957,0.0,0.0,0.0
218.11896991729736,-0.46590316207389326,-4.297751698486456,-0.6418407309907291,0.0,0.0,0.0
218.1528468132019,-0.45281615925304125,-4.307255009975612,-0.6940044170408517,0.0,0.0,0.0
218.18690490722656,-0.4411776956872115,-4.317450364839345,-0.7459745938161837,0.0,0.0,0.0
218.22116827964783,-0.42142801317078427,-4.336086039366999,-0.7967134691612859,0.0,0.0,0.0
218.25479340553284,-0.39947837259165314,-4.359078453501905,-0.8462531961230256,0.0,0.0,0.0
218.28881216049194,-0.38838716674065793,-4.371363348254951,-0.8944109701417721,0.0,0.0,0.0
218.32285499572754,-0.38408592317884593,-4.376930611014623,-0.9416639606310397,0.0,0.0,0.0
218.3571741580963,-0.3776966172457042,-4.384752159941619,-0.9884454387662999,0.0,0.0,0.0
218.39087986946106,-0.36444792585175934,-4.402919484132317,-1.0339896173594865,0.0,0.0,0.0
218.44186735153198,-0.35853399415888554,-4.420322735934121,-1.1004302941330582,0.0,0.0,0.0
218.47616958618164,-0.3593324434473567,-4.419289486861658,-1.143532497386158,0.0,0.0,0.0
218.5098373889923,-0.3578359024447916,-4.419059253758763,-1.1860768903937726,0.0,0.0,0.0
218.54391860961914,-0.3516097810893237,-4.429561330840284,-1.2274938182677357,0.0,0.0,0.0
218.57779788970947,-0.3506675993260326,-4.440046610856977,-1.2680407573569528,0.0,0.0,0.0
218.6120035648346,-0.3532199860805702,-4.439228705967854,-1.3074463052289904,0.0,0.0,0.0
218.64605498313904,-0.35560563388616456,-4.429958573026842,-1.3459590929310365,0.0,0.0,0.0
218.6799235343933,-0.3545995918467964,-4.424810230945317,-1.3838097696819338,0.0,0.0,0.0
218.71392607688904,-0.35300224771318445,-4.430473620141706,-1.420693380557631,0.0,0.0,0.0
218.74803352355957,-0.35368756852171196,-4.434865435828606,-1.4571163779628766,0.0,0.0,0.0
218.78201866149902,-0.35508818102517625,-4.428147084402557,-1.4924426855815442,0.0,0.0,0.0
218.8161346912384,-0.3560293309411742,-4.412513051253112,-1.5267905949194884,0.0,0.0,0.0
218.8503613471985,-0.35608212641435777,-4.399285496380894,-1.5606812517283517,0.0,0.0,0.0
218.88447260856628,-0.3560320823450544,-4.396983878837854,-1.5935669913451325,0.0,0.0,0.0
218.9177966117859,-0.35559977383626706,-4.398354247071035,-1.6258909122787972,0.0,0.0,0.0
218.95207142829895,-0.35413822704265124,-4.389684198001626,-1.657252087769232,0.0,0.0,0.0
218.9859869480133,-0.3520294350163297,-4.371129925798553,-1.687544069388579,0.0,0.0,0.0
219.01989102363586,-0.3507061055540863,-4.35310572485847,-1.7174093216071995,0.0,0.0,0.0
219.05385732650757,-0.350520488290149,-4.345483397413056,-1.7463228314623402,0.0,0.0,0.0
219.0880527496338,-0.34879696205602695,-4.342701976260334,-1.77451684855329,0.0,0.0,0.0
219.12244820594788,-0.3440189106663165,-4.32989981277644,-1.8017688012747564,0.0,0.0,0.0
219.17291045188904,-0.3365368942680464,-4.298533829116739,-1.841359655503182,0.0,0.0,0.0
219.20685458183289,-0.33556861238880686,-4.286882444723914,-1.8667909016831958,0.0,0.0,0.0
219.24110674858093,-0.3312992760268302,-4.279534105517715,-1.8911151403825304,0.0,0.0,0.0
219.27590441703796,-0.3234681969476627,-4.2609515946241485,-1.9150481695519805,0.0,0.0,0.0
219.30988907814026,-0.32038464789998566,-4.245144000726645,-1.937263730952949,0.0,0.0,0.0
219.34379863739014,-0.3131603872999528,-4.226234674771955,-1.9582756506769172,0.0,0.0,0.0
219.37782788276672,-0.306957399165953,-4.207145364626673,-1.9780766878266811,0.0,0.0,0.0
219.41291880607605,-0.29997545200427256,-4.1879496551183175,-1.9966272182448135,0.0,0.0,0.0
219.46386289596558,-0.2865243747710775,-4.156794096076566,-2.0224500352489154,0.0,0.0,0.0
219.4982032775879,-0.27622280903333246,-4.136038203516374,-2.037768089742932,0.0,0.0,0.0
219.5320155620575,-0.26572753004883953,-4.115685613187254,-2.0519162502550565,0.0,0.0,0.0
219.5659692287445,-0.25507693106487134,-4.095696478225763,-2.064878571053652,0.0,0.0,0.0
219.60000228881836,-0.24435663910889743,-4.0761255775802265,-2.076655050005471,0.0,0.0,0.0
219.6344006061554,-0.23357505250984337,-4.05698064055258,-2.0872477149532447,0.0,0.0,0.0
219.6684877872467,-0.22277556287274777,-4.038238960431568,-2.096649981464999,0.0,0.0,0.0
219.7018644809723,-0.21200559845790748,-4.019896493298527,-2.1048519340465566,0.0,0.0,0.0
219.7359025478363,-0.20132287273726793,-4.002029238735375,-2.1118509988575838,0.0,0.0,0.0
219.7700207233429,-0.19076302542656873,-3.9846154440736306,-2.1176460735559104,0.0,0.0,0.0
219.80390286445618,-0.18033633711061556,-3.9676142771919025,-2.122234071623689,0.0,0.0,0.0
219.8378186225891,-0.17007887626382462,-3.951029563353888,-2.1256133623297018,0.0,0.0,0.0
219.87199783325195,-0.16011832872540735,-3.935019049054799,-2.127795382204362,0.0,0.0,0.0
219.90616583824158,-0.1503849259497881,-3.91942107991774,-2.1287636115504047,0.0,0.0,0.0
219.94008564949036,-0.14094382312460652,-3.9042931847454074,-2.1285245354014406,0.0,0.0,0.0
219.97386193275452,-0.13189418508018763,-3.8897606013188244,-2.1270911867558726,0.0,0.0,0.0
220.00816130638123,-0.12317797875256813,-3.8756914828971256,-2.1244524117499353,0.0,0.0,0.0
220.05883026123047,-0.11071318293933997,-3.8553563926136376,-2.1182301396746133,0.0,0.0,0.0
220.09325051307678,-0.10302297778345788,-3.8426294692389837,-2.1126089866234743,0.0,0.0,0.0
220.14407992362976,-0.09225919994287304,-3.8244629999470923,-2.1019530685154946,0.0,0.0,0.0
220.1779980659485,-0.08558269273713172,-3.812925511500041,-2.0933676560175605,0.0,0.0,0.0
220.21265172958374,-0.0795073336801052,-3.8021952392049796,-2.083634304630829,0.0,0.0,0.0
220.24633979797363,-0.07401713177037278,-3.792253280395554,-2.0730671817150004,0.0,0.0,0.0
220.28008365631104,-0.0688062445581569,-3.7825400029961735,-2.06103784174622,0.0,0.0,0.0
220.31419157981873,-0.06420214299004084,-3.773666121174937,-2.0478884915182367,0.0,0.0,0.0
220.34828281402588,-0.06001724861592698,-3.7653238450667317,-2.0336011562337832,0.0,0.0,0.0
220.38240098953247,-0.056266734187035455,-3.757540364457996,-2.0181933345166487,0.0,0.0,0.0
220.41640281677246,-0.053031484389988136,-3.7505170674970194,-2.0016932758195853,0.0,0.0,0.0
220.46719312667847,-0.04910892608050217,-3.7414472318784413,-1.9749255396075687,0.0,0.0,0.0
220.50143551826477,-0.046964962702855766,-3.7361370048465723,-1.9557282837697696,0.0,0.0,0.0
220.5354518890381,-0.04531232683789831,-3.7317245809620077,-1.935491051697548,0.0,0.0,0.0
220.58600687980652,-0.04356141181261232,-3.7265890856962938,-1.9031934245241529,0.0,0.0,0.0
220.62019395828247,-0.042813671361246634,-3.724092903580925,-1.880387659901546,0.0,0.0,0.0
220.65437412261963,-0.042434752849308026,-3.722586308608904,-1.8566090495272523,0.0,0.0,0.0
220.6883180141449,-0.04229176325502631,-3.7217662950472814,-1.831858286856658,0.0,0.0,0.0
220.72248578071594,-0.04233110516964141,-3.721596594203798,-1.8061583217479655,0.0,0.0,0.0
220.7572705745697,-0.0426316604374846,-3.7224843316528067,-1.7787680574816578,0.0,0.0,0.0
220.79155349731445,-0.04306673814626401,-3.7242479363339633,-1.7512586083933928,0.0,0.0,0.0
220.82522654533386,-0.043574083331348955,-3.726745107154635,-1.7228667984435524,0.0,0.0,0.0
220.85988569259644,-0.04411890883602952,-3.729972429503317,-1.6936149833181984,0.0,0.0,0.0
220.9100832939148,-0.04493549661311222,-3.7367116837665706,-1.6482494376376495,0.0,0.0,0.0
220.94435238838196,-0.04535150786626641,-3.742082330633764,-1.6170410535951862,0.0,0.0,0.0
220.97849774360657,-0.045631762933865186,-3.7482605849898403,-1.5851041043719603,0.0,0.0,0.0
221.02964615821838,-0.04561541768428138,-3.7592449498913374,-1.535878513964853,0.0,0.0,0.0
221.06319212913513,-0.04525516320081399,-3.7673561915481404,-1.5021476855668494,0.0,0.0,0.0
221.09704637527466,-0.04453611532931291,-3.7763331139677296,-1.4677060082352509,0.0,0.0,0.0
221.1310260295868,-0.04353213002656154,-3.785173508030819,-1.43567163775705,0.0,0.0,0.0
221.1669192314148,-0.04189780747196139,-3.7960621087268867,-1.3976728773074363,0.0,0.0,0.0
221.20148229599,-0.03975821699616525,-3.807337739463688,-1.3598779105036725,0.0,0.0,0.0
221.235497713089,-0.03706413828188687,-3.8190582887397997,-1.322369688160138,0.0,0.0,0.0
221.26982378959656,-0.033723131914184794,-3.8314255323736592,-1.284092363789761,0.0,0.0,0.0
221.30361104011536,-0.029695439748342635,-3.844303241816791,-1.2450280016454178,0.0,0.0,0.0
221.3377034664154,-0.024932414710560014,-3.85763299754532,-1.205146545244522,0.0,0.0,0.0
221.371661901474,-0.019272081613806946,-3.871655035408279,-1.1644865103122226,0.0,0.0,0.0
221.4056520462036,-0.012773747674317413,-3.8860108666996047,-1.123058408910918,0.0,0.0,0.0
221.4398193359375,-0.005356941236192743,-3.9007028486146,-1.0808484971177357,0.0,0.0,0.0
221.47370028495789,0.003153755839219362,-3.915908509047853,-1.037838443713038,0.0,0.0,0.0
221.50746273994446,0.012693210678000175,-3.931328877163281,-0.9940305060740666,0.0,0.0,0.0
221.54163694381714,0.023272929491352644,-3.9468401776937863,-0.949446124123201,0.0,0.0,0.0
221.57563877105713,0.034158245097715596,-3.961704301200811,-0.9041104497663588,0.0,0.0,0.0
221.60981845855713,0.03731533832795586,-3.968629755226599,-0.858511914894103,0.0,0.0,0.0
221.6434404850006,0.0387769765790548,-3.9738785387788034,-0.8129028615372403,0.0,0.0,0.0
221.67771863937378,0.04013135122756474,-3.9790138661184575,-0.7672599732788623,0.0,0.0,0.0
221.7118136882782,0.0413732420177521,-3.984041798951194,-0.7215976270120167,0.0,0.0,0.0
221.745929479599,0.0424976431619799,-3.988968859852528,-0.6759351137923086,0.0,0.0,0.0
221.77953791618347,0.04350133945275625,-3.993799753980945,-0.6302586740043715,0.0,0.0,0.0
221.8135597705841,0.04437931963743409,-3.9985417494807662,-0.5845965969160242,0.0,0.0,0.0
221.84767246246338,0.04512894381713179,-4.003199385830254,-0.5389312866554108,0.0,0.0,0.0
221.88154435157776,0.04574768778828955,-4.0077765138743775,-0.49323504061832024,0.0,0.0,0.0
221.91605257987976,0.04623079255037557,-4.012278481423851,-0.4475622065961421,0.0,0.0,0.0
221.95001530647278,0.046575678092014565,-4.016707653975379,-0.4019063746568683,0.0,0.0,0.0
221.98351740837097,0.046778455702708596,-4.021078535249645,-0.3562437057172928,0.0,0.0,0.0
222.01743531227112,0.0468356049739852,-4.025397570026701,-0.3105924152112502,0.0,0.0,0.0
222.05193305015564,0.04674437397876755,-4.02967001194249,-0.26494746216019344,0.0,0.0,0.0
222.0855531692505,0.04756864002862202,-4.034896563903145,-0.21945418533384475,0.0,0.0,0.0
222.11955380439758,0.05781778346210093,-4.042049268933683,-0.17495535137683219,0.0,0.0,0.0
222.15395140647888,0.07927745893954795,-4.047794880200942,-0.13150653101274246,0.0,0.0,0.0
222.18748903274536,0.11194392867058975,-4.052024668997937,-0.08913792688346098,0.0,0.0,0.0
222.22231149673462,0.1477568393693244,-4.054431057748745,-0.04744970585528971,0.0,0.0,0.0
222.25617718696594,0.17632254966999825,-4.055261035872179,-0.006417529524651101,0.0,0.0,0.0
222.2905831336975,0.2046138946460557,-4.054908406298234,0.03572785792598024,0.0,0.0,0.0
222.32547044754028,0.23107747747975607,-4.053476277329451,0.07659021984537435,0.0,0.0,0.0
222.375648021698,0.26858396943644774,-4.049531818391126,0.1377064893948745,0.0,0.0,0.0
222.40992093086243,0.29179194729417834,-4.04587334268664,0.1783088514146157,0.0,0.0,0.0
222.44355463981628,0.31384183668618565,-4.041472903785412,0.21880710860469074,0.0,0.0,0.0
222.47757291793823,0.3340121371328462,-4.036604015413833,0.2591147526984444,0.0,0.0,0.0
222.5115933418274,0.3525271334719925,-4.031312501668817,0.29929689622339467,0.0,0.0,0.0
222.54587149620056,0.3699765307681551,-4.02554848246477,0.33938521863323173,0.0,0.0,0.0
222.57988572120667,0.38639787007240434,-4.019385329736296,0.37935725296894335,0.0,0.0,0.0
222.61354422569275,0.40149437955038614,-4.013002475952629,0.419203355947271,0.0,0.0,0.0
222.64744329452515,0.41643243911140243,-4.005557859712189,0.4588353566532176,0.0,0.0,0.0
222.68157076835632,0.44023412804582296,-3.9899924574625754,0.4972937527911522,0.0,0.0,0.0
222.71557879447937,0.47090540458331703,-3.972458497759482,0.53508712112285,0.0,0.0,0.0
222.74975514411926,0.4997998424071056,-3.9546078875391473,0.5730572083710403,0.0,0.0,0.0
222.78481578826904,0.5277437121404722,-3.93584145938084,0.6123100518551857,0.0,0.0,0.0
222.81931829452515,0.5529408890243349,-3.9175075499751784,0.6506573748749861,0.0,0.0,0.0
222.86944913864136,0.5861619833663273,-3.890817306604513,0.7087158623500983,0.0,0.0,0.0
222.9034628868103,0.60598511845543,-3.8732735147219657,0.7476894589492598,0.0,0.0,0.0
222.93820691108704,0.6234549132156143,-3.8566029546861857,0.7869645822802069,0.0,0.0,0.0
222.97180128097534,0.633142388866948,-3.847004668266181,0.8256029798939409,0.0,0.0,0.0
223.00536179542542,0.6332390338121592,-3.847122505417165,0.8628519613741951,0.0,0.0,0.0
223.039479970932,0.6316358744205837,-3.8491873547028255,0.899799387064386,0.0,0.0,0.0
223.07353806495667,0.6292770878169478,-3.852383530070976,0.9365538280145945,0.0,0.0,0.0
223.10759210586548,0.6265065351279959,-3.856392530303284,0.9731548264192982,0.0,0.0,0.0
223.14202117919922,0.6234686528435412,-3.86111635067629,1.0096176859301451,0.0,0.0,0.0
223.19251441955566,0.6180669271668637,-3.870348148696031,1.0639651397003498,0.0,0.0,0.0
223.22669982910156,0.6142147947705965,-3.8776290685440555,1.0999995858245628,0.0,0.0,0.0
223.26060128211975,0.6103030600928436,-3.8856926503100757,1.135883527002121,0.0,0.0,0.0
223.29587316513062,0.6062317783370124,-3.894897226092802,1.1726482816457628,0.0,0.0,0.0
223.32989501953125,0.6043691482670938,-3.9026505824752245,1.2079292417093268,0.0,0.0,0.0
223.380597114563,0.6092370666650162,-3.8956033279572266,1.2589544040303122,0.0,0.0,0.0
223.41466069221497,0.611560698998737,-3.888071613562125,1.2928693689458208,0.0,0.0,0.0
223.44868206977844,0.6133101328590511,-3.881697015276656,1.3270102166086482,0.0,0.0,0.0
223.48323345184326,0.614580624570417,-3.8764651290696337,1.3613748385653481,0.0,0.0,0.0
223.53344082832336,0.6156322873501039,-3.8714905935186725,1.4134085521678748,0.0,0.0,0.0
223.56773781776428,0.615987394147303,-3.8697028089004983,1.4483810905439967,0.0,0.0,0.0
223.60164380073547,0.6161966333624219,-3.868837258622247,1.4835591496404683,0.0,0.0,0.0
223.63536643981934,0.6159948380338931,-3.870158210354588,1.5189599083166883,0.0,0.0,0.0
223.66957306861877,0.6152927134081516,-3.8810272687714678,1.5535258594157277,0.0,0.0,0.0
223.70336890220642,0.6153621861635642,-3.9025656823168315,1.5869216789212408,0.0,0.0,0.0
223.73746871948242,0.6162176940088441,-3.9268433341938893,1.6199264038379244,0.0,0.0,0.0
223.77199387550354,0.6178647757506147,-3.9512118597984056,1.6527985776081602,0.0,0.0,0.0
223.80582809448242,0.6203050289062548,-3.975593915897729,1.685548846352182,0.0,0.0,0.0
223.8395984172821,0.6235426022622981,-3.999977523132721,1.7181739049063602,0.0,0.0,0.0
223.8735363483429,0.6275856021311536,-4.024374839313104,1.7506544108850424,0.0,0.0,0.0
223.9074046611786,0.6324301058517466,-4.048715972820409,1.7829793429082934,0.0,0.0,0.0
223.9415729045868,0.6380763358415786,-4.0729709659485,1.8151483597370983,0.0,0.0,0.0
223.97546529769897,0.6430547961988115,-4.095759651331803,1.8470349658480472,0.0,0.0,0.0
224.00951766967773,0.6442528802428431,-4.1085956899806355,1.8779590005954714,0.0,0.0,0.0
224.0436065196991,0.645699728721418,-4.113226268772373,1.9081827798082713,0.0,0.0,0.0
224.0777440071106,0.6474876348106361,-4.117890661071836,1.938530167507294,0.0,0.0,0.0
224.11166787147522,0.6497765799147339,-4.123364957078108,1.9690970212602543,0.0,0.0,0.0
224.14587092399597,0.6524698924893804,-4.129272551958851,1.9998602972806325,0.0,0.0,0.0
224.17943692207336,0.6556307516837566,-4.135656927049508,2.0308209374154167,0.0,0.0,0.0
224.21425461769104,0.6593723332818388,-4.142669663825755,2.06198761469033,0.0,0.0,0.0
224.26457452774048,0.6659291151460307,-4.153872933415777,2.1090964719987593,0.0,0.0,0.0
224.2984483242035,0.6717942600672441,-4.16263869993854,2.1406216333512567,0.0,0.0,0.0
224.33258891105652,0.6865361249556441,-4.180813140763468,2.1708141905190343,0.0,0.0,0.0
224.3664586544037,0.7044797994420424,-4.205987519221537,2.2001269343763807,0.0,0.0,0.0
224.40058970451355,0.7231293137933682,-4.230750589390862,2.2292944946684474,0.0,0.0,0.0
224.43453168869019,0.7424325763567633,-4.254914137979489,2.2583257098474028,0.0,0.0,0.0
224.46880841255188,0.7623878856365561,-4.278482622831652,2.2872048759229755,0.0,0.0,0.0
224.5026638507843,0.7829860889059265,-4.301449043039889,2.315938659193738,0.0,0.0,0.0
224.53703427314758,0.8042102937791871,-4.323796770413543,2.344533746422695,0.0,0.0,0.0
224.5876019001007,0.8371952091452917,-4.356134695629263,2.3871260713025877,0.0,0.0,0.0
224.62226366996765,0.8540288088448845,-4.371529142510564,2.4146649076711717,0.0,0.0,0.0
224.67235827445984,0.8666450896412421,-4.382164723312922,2.4544456293713495,0.0,0.0,0.0
224.70690989494324,0.8753097837152287,-4.389005763032687,2.481122589062068,0.0,0.0,0.0
224.7418065071106,0.8847122949269606,-4.39600846956965,2.508748761865982,0.0,0.0,0.0
224.7924783229828,0.8994711443100941,-4.406214649940894,2.549345680050128,0.0,0.0,0.0
224.82654190063477,0.9099326126598337,-4.412927768654578,2.5765986505779095,0.0,0.0,0.0
224.86035823822021,0.9208503641347066,-4.419514301682022,2.6039905307025504,0.0,0.0,0.0
224.894517660141,0.9323351142800997,-4.426017930019064,2.631546504835058,0.0,0.0,0.0
224.92979168891907,0.9453911269284045,-4.433204711260347,2.659999135123464,0.0,0.0,0.0
224.96343183517456,0.967206293408549,-4.447238313264313,2.6865294057019495,0.0,0.0,0.0
224.99767446517944,0.9976742334245263,-4.4618409637605545,2.7120894371548823,0.0,0.0,0.0
225.03148293495178,1.0290096347267896,-4.4756804589570605,2.7374610512518434,0.0,0.0,0.0
225.06545066833496,1.0606740611720993,-4.488736979149942,2.7626786853036327,0.0,0.0,0.0
225.09935545921326,1.092650947399045,-4.50100460520538,2.7877558858612606,0.0,0.0,0.0
225.13359546661377,1.124927568434946,-4.512478661231542,2.812700875465432,0.0,0.0,0.0
225.1679184436798,1.1574688367596444,-4.52314673239568,2.837507999678403,0.0,0.0,0.0
225.2016360759735,1.1902593534599195,-4.533003801187354,2.8621898625324085,0.0,0.0,0.0
225.23538208007812,1.2165008759176947,-4.537724694910775,2.8861043420169126,0.0,0.0,0.0
225.2694592475891,1.2325390507479288,-4.541230976993989,2.909120352467379,0.0,0.0,0.0
225.30409908294678,1.2469583261227164,-4.5444387635562355,2.9320658098744774,0.0,0.0,0.0
225.33790636062622,1.2616570966045584,-4.547344246051246,2.955130820631788,0.0,0.0,0.0
225.37158203125,1.2767601706508913,-4.549958605541685,2.9783187595150573,0.0,0.0,0.0
225.40569734573364,1.2921231365117127,-4.55224305563369,3.0016105011171215,0.0,0.0,0.0
225.43973994255066,1.3077710036942514,-4.554190754190259,3.0250168369729504,0.0,0.0,0.0
225.4735734462738,1.323755184562302,-4.555796623069966,3.0485214529006246,0.0,0.0,0.0
225.50762557983398,1.3400002691290838,-4.557040483528615,3.0721019890371353,0.0,0.0,0.0
225.54181838035583,1.3568284900357015,-4.5580512881279205,3.095748937712834,0.0,0.0,0.0
225.57570338249207,1.3819270230192429,-4.559241204762808,3.118577768510592,0.0,0.0,0.0
225.60982155799866,1.4168971983809941,-4.559647584926295,3.140315106404586,0.0,0.0,0.0
225.64356899261475,1.4533251842803163,-4.559286988510781,-3.121364111510842,0.0,0.0,0.0
225.69442629814148,1.5079376380506548,-4.557310289994732,-3.089278605178653,0.0,0.0,0.0
225.72860312461853,1.5442899331513391,-4.55503749031078,-3.0679926085601994,0.0,0.0,0.0
225.76243233680725,1.5805762149975757,-4.552002493678468,-3.0467634207092984,0.0,0.0,0.0
225.79643201828003,1.6167593102455573,-4.548209027527969,-3.0255929858417443,0.0,0.0,0.0
225.83055686950684,1.647918972062784,-4.545668702703924,-3.0049099769516636,0.0,0.0,0.0
225.8645257949829,1.6681407906872703,-4.543168922254845,-2.9852683983794246,0.0,0.0,0.0
225.89861178398132,1.685225215763558,-4.540316550095932,-2.965904974137895,0.0,0.0,0.0
225.93237566947937,1.7024354260706076,-4.537090028377522,-2.9464880474193005,0.0,0.0,0.0
225.96644926071167,1.7197282072572677,-4.533490295439211,-2.9270151167969196,0.0,0.0,0.0
226.00046062469482,1.7371127655956065,-4.529508613962392,-2.9075086663593233,0.0,0.0,0.0
226.03508830070496,1.754578320769349,-4.525140915144992,-2.8879781547610066,0.0,0.0,0.0
226.070796251297,1.7731565326211767,-4.520088702643839,-2.8672767871805114,0.0,0.0,0.0
226.10463881492615,1.790758450017885,-4.514913142152298,-2.847723902811096,0.0,0.0,0.0
226.13882040977478,1.8088413536505885,-4.508980191394046,-2.828199783800651,0.0,0.0,0.0
226.17269778251648,1.8352914140129648,-4.497447841548561,-2.8096374743170895,0.0,0.0,0.0
226.20648312568665,1.870215615562238,-4.484857760698273,-2.791907758592451,0.0,0.0,0.0
226.24044346809387,1.9054638820064203,-4.471647289650746,-2.7742288122735057,0.0,0.0,0.0
226.2744882106781,1.9404254614517609,-4.457848289716237,-2.756529740192185,0.0,0.0,0.0
226.30871176719666,1.968982220564315,-4.4500442348894556,-2.7390980481352747,0.0,0.0,0.0
226.34265279769897,1.986274574441202,-4.453389949170211,-2.72212809685976,0.0,0.0,0.0
226.3935990333557,1.9933657190760001,-4.464560474957616,-2.6965092865586597,0.0,0.0,0.0
226.42774558067322,1.9953006253771857,-4.472004970105247,-2.6793393572679998,0.0,0.0,0.0
226.46149325370789,1.9972526229944179,-4.479442820778005,-2.662157772684431,0.0,0.0,0.0
226.4957296848297,1.9992208290502609,-4.4868730595612325,-2.6449744539677393,0.0,0.0,0.0
226.52957797050476,2.001204926269392,-4.494295518071812,-2.6277878073430827,0.0,0.0,0.0
226.56365823745728,2.0032046205074305,-4.501709745636324,-2.6106007374751257,0.0,0.0,0.0
226.59770560264587,2.0052193504347753,-4.509114576391073,-2.5934262282113174,0.0,0.0,0.0
226.63141655921936,2.0072497630370547,-4.516510567991195,-2.5762499182354466,0.0,0.0,0.0
226.66550707817078,2.0092962307937228,-4.523897413575132,-2.5590697011043635,0.0,0.0,0.0
226.69960713386536,2.011358495335689,-4.531273556216486,-2.5419010459596416,0.0,0.0,0.0
226.7334806919098,2.013437257671308,-4.538638638251853,-2.524738704106133,0.0,0.0,0.0
226.76736283302307,2.015532977553418,-4.545991627798216,-2.507586146479776,0.0,0.0,0.0
226.80141186714172,2.0176463713589565,-4.5533315656848,-2.4904428391699427,0.0,0.0,0.0
226.8354139328003,2.024857692869527,-4.5556026210648355,-2.4725962489377156,0.0,0.0,0.0
226.86955499649048,2.0405995929446394,-4.546713454927789,-2.453443279995291,0.0,0.0,0.0
226.90351819992065,2.0568324518775274,-4.5330781075611375,-2.4340021922063975,0.0,0.0,0.0
226.93796110153198,2.0775175838836435,-4.514621209896321,-2.4151154532234096,0.0,0.0,0.0
226.97193813323975,2.1055126200070657,-4.489161001063074,-2.3972422115216623,0.0,0.0,0.0
227.0225350856781,2.1466282821529576,-4.45026341875944,-2.3704550948336642,0.0,0.0,0.0
227.0564103126526,2.1731101694236896,-4.424079344961336,-2.352606930188703,0.0,0.0,0.0
227.09071612358093,2.1988568177984003,-4.397704117352955,-2.3347901237052655,0.0,0.0,0.0
227.12483930587769,2.219880894123619,-4.3754529665000295,-2.3175425715239855,0.0,0.0,0.0
227.15946054458618,2.2367042045846564,-4.356955009689887,-2.300793632578886,0.0,0.0,0.0
227.19294142723083,2.2535533452153813,-4.337768593648301,-2.2839359749902175,0.0,0.0,0.0
227.24343419075012,2.2788056174067215,-4.307713744923278,-2.2583790157427326,0.0,0.0,0.0
227.27780961990356,2.2982120699667474,-4.28394358559925,-2.241555032626837,0.0,0.0,0.0
227.32833218574524,2.3298475002989454,-4.242989776710224,-2.2170247470253135,0.0,0.0,0.0
227.3626194000244,2.3501346169254917,-4.215609826635999,-2.2007529756525375,0.0,0.0,0.0
227.39669036865234,2.3696667050889824,-4.188342543862439,-2.1845526935660913,0.0,0.0,0.0
227.4305248260498,2.388272612784825,-4.161386925907665,-2.168464010227339,0.0,0.0,0.0
227.464679479599,2.404737528632964,-4.136729089759146,-2.152596810401648,0.0,0.0,0.0
227.49851989746094,2.4210344528347107,-4.111439976587326,-2.1365534475096104,0.0,0.0,0.0
227.5325939655304,2.4372101504920134,-4.085398835129135,-2.120307970065199,0.0,0.0,0.0
227.5666434764862,2.453256567466241,-4.058580272566829,-2.1038394063515184,0.0,0.0,0.0
227.6005356311798,2.4688198707761666,-4.031566513438241,-2.0871627942289397,0.0,0.0,0.0
227.63457775115967,2.483541931216617,-4.0050222827863315,-2.070538149681137,0.0,0.0,0.0
227.66843461990356,2.4975589127933615,-3.978758513912596,-2.0540215333288514,0.0,0.0,0.0
227.70267724990845,2.5109652786889196,-3.9526272173356767,-2.0376356350417093,0.0,0.0,0.0
227.7365803718567,2.5237088749290764,-3.926817160752839,-2.021364285451162,0.0,0.0,0.0
227.77107882499695,2.5367599575381328,-3.899206814745365,-2.0048481563720952,0.0,0.0,0.0
227.80490589141846,2.5472508068496564,-3.875559605955912,-1.9886039025662983,0.0,0.0,0.0
227.85551476478577,2.557394027643662,-3.8509453248981353,-1.965058373064987,0.0,0.0,0.0
227.88958621025085,2.5606027623474104,-3.841220007281716,-1.9496350341661604,0.0,0.0,0.0
227.92467832565308,2.560249591172634,-3.8405658831398433,-1.9330176182322756,0.0,0.0,0.0
227.95867490768433,2.559030392708096,-3.8435755610001547,-1.9167076646774346,0.0,0.0,0.0
227.99272918701172,2.557250353808729,-3.848436445955162,-1.9004180552246284,0.0,0.0,0.0
228.02685546875,2.55571565613101,-3.8537216681118576,-1.8841915246591017,0.0,0.0,0.0
228.06071376800537,2.556434366719899,-3.852586588549771,-1.8671879673578773,0.0,0.0,0.0
228.09484195709229,2.556432351362021,-3.8522576269838997,-1.8500652507025788,0.0,0.0,0.0
228.1285982131958,2.555780626584621,-3.8542157678929505,-1.8329485296834866,0.0,0.0,0.0
228.16238641738892,2.554129564457562,-3.8582145634052565,-1.8156658042504916,0.0,0.0,0.0
228.1963882446289,2.5504795892829915,-3.8709086323287494,-1.7976531121876502,0.0,0.0,0.0
228.23050737380981,2.547055399521739,-3.8859331983831025,-1.7796284090207741,0.0,0.0,0.0
228.2643814086914,2.544019596355672,-3.900495902247638,-1.7618805340683632,0.0,0.0,0.0
228.29865074157715,2.5423371673577346,-3.911792328971574,-1.7441194888408196,0.0,0.0,0.0
228.33252358436584,2.541390320721553,-3.9170831368369865,-1.7256593104861757,0.0,0.0,0.0
228.36664032936096,2.540390259750029,-3.92328113496385,-1.7070547602219144,0.0,0.0,0.0
228.4006474018097,2.539451789013831,-3.929827986586579,-1.6882547371533492,0.0,0.0,0.0
228.45140194892883,2.5372717724330744,-3.9473205286942377,-1.6592801010380562,0.0,0.0,0.0
228.48536777496338,2.536384954268374,-3.957541765914098,-1.640389209945157,0.0,0.0,0.0
228.5196967124939,2.535946502955907,-3.964524342173774,-1.6220378645574827,0.0,0.0,0.0
228.55351614952087,2.5360837195296257,-3.962989100236163,-1.6032758657095405,0.0,0.0,0.0
228.58757042884827,2.5362222664452725,-3.9535085104490064,-1.5835182663392122,0.0,0.0,0.0
228.62146472930908,2.5361410817434606,-3.937721825541461,-1.5629050235781923,0.0,0.0,0.0
228.65569972991943,2.535476761564665,-3.911753823404276,-1.5416966509391534,0.0,0.0,0.0
228.68951058387756,2.534120432049164,-3.8793537219827328,-1.5211852448936556,0.0,0.0,0.0
228.72339487075806,2.532142155783273,-3.847438808039549,-1.5008804054104223,0.0,0.0,0.0
228.75745606422424,2.5293330458824617,-3.8151370835720506,-1.480567558793543,0.0,0.0,0.0
228.79156637191772,2.525422652093029,-3.777451360266661,-1.4595635822814266,0.0,0.0,0.0
228.82575607299805,2.520569637563822,-3.738690379159124,-1.4382200514162167,0.0,0.0,0.0
228.85969495773315,2.5149883242852114,-3.6993496328325595,-1.416527806555345,0.0,0.0,0.0
228.91058349609375,2.507632807977328,-3.6536501356671858,-1.3828830437302795,0.0,0.0,0.0
228.94437837600708,2.5019617441847863,-3.625981568373644,-1.3605306233818926,0.0,0.0,0.0
228.9785180091858,2.4939828479274895,-3.595044127132174,-1.338004309676078,0.0,0.0,0.0
229.01252627372742,2.484290014583614,-3.5568544948352256,-1.3145288548923861,0.0,0.0,0.0
229.04654335975647,2.473667558914261,-3.5186404628139942,-1.290787806568102,0.0,0.0,0.0
229.08061528205872,2.4634791756913077,-3.4820968052217194,-1.2666606805920684,0.0,0.0,0.0
229.11459469795227,2.4545159366327676,-3.4540336665688294,-1.2419183877110915,0.0,0.0,0.0
229.1490068435669,2.444904852935293,-3.4272679843034712,-1.2173615804462066,0.0,0.0,0.0
229.18247866630554,2.4323888571990415,-3.397580254260318,-1.192654330015972,0.0,0.0,0.0
229.21646189689636,2.4172542440579545,-3.3612870317600763,-1.167089910546479,0.0,0.0,0.0
229.25060391426086,2.401107363644201,-3.3251232839368923,-1.1412614249777016,0.0,0.0,0.0
229.28436279296875,2.385995859959005,-3.2918078873995564,-1.115185774712273,0.0,0.0,0.0
229.31843876838684,2.377241361525426,-3.268553205648571,-1.0881662364638514,0.0,0.0,0.0
229.3527274131775,2.370917133922372,-3.255754780530591,-1.0604461652473443,0.0,0.0,0.0
229.38762021064758,2.3624984888079266,-3.242617791255228,-1.0313324736525884,0.0,0.0,0.0
229.42155075073242,2.352709750382029,-3.2269223960021898,-1.0025216434780106,0.0,0.0,0.0
229.45537161827087,2.345357691568226,-3.2158700219876932,-0.9739990803704393,0.0,0.0,0.0
229.49059653282166,2.3401684927641977,-3.208056471849703,-0.9452937595973028,0.0,0.0,0.0
229.54048562049866,2.341976912907044,-3.209880754862365,-0.9010122001710997,0.0,0.0,0.0
229.5746374130249,2.342960277481078,-3.211472076994719,-0.8715920716747917,0.0,0.0,0.0
229.60890531539917,2.338430593467687,-3.206757603207501,-0.84128868949632,0.0,0.0,0.0
229.64277362823486,2.3341049823357647,-3.202276529063947,-0.8107853599734773,0.0,0.0,0.0
229.67654871940613,2.3308800846518305,-3.199197422178071,-0.7802221363823642,0.0,0.0,0.0
229.71067690849304,2.334255578112989,-3.2026833292047425,-0.7490144075989585,0.0,0.0,0.0
229.74483633041382,2.3398858717983133,-3.2079586275236105,-0.7177761979115942,0.0,0.0,0.0
229.77861905097961,2.342792387990785,-3.2103020755082508,-0.6865300415580273,0.0,0.0,0.0
229.81262707710266,2.340027815846325,-3.2082478462655226,-0.6545997019785125,0.0,0.0,0.0
229.84647178649902,2.3378827898823697,-3.206835838122201,-0.6225696067384966,0.0,0.0,0.0
229.88042330741882,2.336853664549568,-3.2065586069612175,-0.5903355408058534,0.0,0.0,0.0
229.91473031044006,2.3435762380878247,-3.2116631918836753,-0.5573517366569761,0.0,0.0,0.0
229.94851350784302,2.351268286793963,-3.216393137623692,-0.5244832860064514,0.0,0.0,0.0
229.9831793308258,2.3521951437592032,-3.2162772324117004,-0.4909227825871121,0.0,0.0,0.0
230.01671957969666,2.3509647515483176,-3.2157960493313524,-0.4570300320080832,0.0,0.0,0.0
230.0676188468933,2.351599862321934,-3.217100134944088,-0.4058117459094395,0.0,0.0,0.0
230.10156416893005,2.3602533405381467,-3.220951619361707,-0.37097897670380175,0.0,0.0,0.0
230.13549137115479,2.366693433140207,-3.2227140962116323,-0.3360725297935981,0.0,0.0,0.0
230.16965675354004,2.3661715959344845,-3.2225725646784236,-0.300480709290549,0.0,0.0,0.0
230.20379447937012,2.365505496912822,-3.2225062704804595,-0.26475688432974365,0.0,0.0,0.0
230.25436353683472,2.3718782539176995,-3.2250019949992574,-0.210432015838217,0.0,0.0,0.0
230.28842306137085,2.380632385961222,-3.2264196736487167,-0.17370558674830588,0.0,0.0,0.0
230.32246112823486,2.3813704047635595,-3.2264917104301856,-0.13626613039439003,0.0,0.0,0.0
230.35654401779175,2.380978721306325,-3.2265501595714867,-0.09864420267663535,0.0,0.0,0.0
230.39071488380432,2.3829013948980307,-3.2270063841730456,-0.06085787354079429,0.0,0.0,0.0
230.4245240688324,2.3915947904416948,-3.2274719519883543,-0.022511223414351775,0.0,0.0,0.0
230.45962119102478,2.3947991934885193,-3.227563547413362,0.016309186937162268,0.0,0.0,0.0
230.4937825202942,2.3965270755997534,-3.2275884708224627,0.05648131037971448,0.0,0.0,0.0
230.54466247558594,2.4021762923596643,-3.227168800300321,0.11518669238191191,0.0,0.0,0.0
230.5786473751068,2.4061571803413684,-3.2267152435824458,0.15435653716278208,0.0,0.0,0.0
230.61266350746155,2.409518987783382,-3.226189740707009,0.19357869178987497,0.0,0.0,0.0
230.64651679992676,2.4130709450998844,-3.2254867536666088,0.23282859756602473,0.0,0.0,0.0
230.68132066726685,2.414331233894395,-3.225283372923716,0.27181423524202303,0.0,0.0,0.0
230.73157739639282,2.418922648192506,-3.223717522449406,0.3296232755891869,0.0,0.0,0.0
230.76599407196045,2.4232251889081438,-3.2221973122550334,0.3680864445997628,0.0,0.0,0.0
230.81651377677917,2.4219184364190465,-3.2231914656537457,0.42480205260905624,0.0,0.0,0.0
230.85070157051086,2.4250601145144475,-3.221162203229963,0.4616011408390594,0.0,0.0,0.0
230.8846447467804,2.4289784200413713,-3.2194265123790555,0.4982172431034964,0.0,0.0,0.0
230.91882038116455,2.4280135967424985,-3.2212085848259537,0.5337481439366948,0.0,0.0,0.0
230.9526605606079,2.4315106320694473,-3.2191189065344425,0.5685663895895813,0.0,0.0,0.0
231.00344610214233,2.434268924119015,-3.218238602789324,0.6190447464651918,0.0,0.0,0.0
231.0374472141266,2.4341767311927938,-3.2218223498411804,0.6524596276054002,0.0,0.0,0.0
231.0715687274933,2.4340181974858965,-3.2254985362409547,0.685880433276916,0.0,0.0,0.0
231.10543394088745,2.4337957206268643,-3.2292292709938586,0.7193099441141169,0.0,0.0,0.0
231.13968348503113,2.4335114439465286,-3.2330152680829163,0.7527535044790055,0.0,0.0,0.0
231.1736171245575,2.4331675633101977,-3.236857514674184,0.7862128792989843,0.0,0.0,0.0
231.20774865150452,2.432766451140157,-3.2407575360221044,0.8196827331166519,0.0,0.0,0.0
231.25839138031006,2.4320630694872887,-3.2467198371818125,0.8698859248162178,0.0,0.0,0.0
231.2923629283905,2.4315296659154106,-3.250771756632369,0.9033471149414053,0.0,0.0,0.0
231.3263862133026,2.430946375367555,-3.254886757808004,0.9368094044681251,0.0,0.0,0.0
231.36097311973572,2.4303145035489515,-3.259066207905923,0.9702796589246169,0.0,0.0,0.0
231.39562249183655,2.429615519588525,-3.263438062859884,1.0047360862235002,0.0,0.0,0.0
231.42953062057495,2.428890404386573,-3.267748677430283,1.038194610042855,0.0,0.0,0.0
231.4642264842987,2.428123202246889,-3.2721299205925143,1.0716381599674305,0.0,0.0,0.0
231.51451182365417,2.4231174468552106,-3.28205920514627,1.1222612960924703,0.0,0.0,0.0
231.54843401908875,2.419558510474711,-3.2897917783973147,1.1560901173915314,0.0,0.0,0.0
231.58245396614075,2.4162410093524005,-3.2977385554295995,1.1899028805236596,0.0,0.0,0.0
231.6165795326233,2.4130968051536756,-3.306079879958879,1.2237486024149957,0.0,0.0,0.0
231.65052795410156,2.4093564830635765,-3.315816093537175,1.2576027604429991,0.0,0.0,0.0
231.68469977378845,2.400630218309077,-3.334975654127629,1.2905214221996284,0.0,0.0,0.0
231.71857023239136,2.3933566022833457,-3.3611130738403836,1.3227860748693758,0.0,0.0,0.0
231.7524871826172,2.387416944789407,-3.38641854443945,1.3551666847265642,0.0,0.0,0.0
231.7865490913391,2.382761842083491,-3.4096309840274976,1.3877775235349572,0.0,0.0,0.0
231.82109761238098,2.3791687325900397,-3.4310745252752803,1.4205620658242624,0.0,0.0,0.0
231.8546552658081,2.3768278951900346,-3.449088387160315,1.4536642616043067,0.0,0.0,0.0
231.8889536857605,2.3753793934182608,-3.4635175786868846,1.487088048266709,0.0,0.0,0.0
231.92347145080566,2.3745930547742837,-3.4753045853133,1.5217553647802737,0.0,0.0,0.0
231.9573996067047,2.374379147352915,-3.482056648300941,1.5558495113472957,0.0,0.0,0.0
231.99148750305176,2.374354897244779,-3.48308026331529,1.5904632463702588,0.0,0.0,0.0
232.02540707588196,2.3742342219461783,-3.480756688541107,1.6253687901261886,0.0,0.0,0.0
232.05956482887268,2.3724550527750594,-3.470930403776035,1.6597554099443885,0.0,0.0,0.0
232.09371614456177,2.3700284054777505,-3.45078100237324,1.6931549471309857,0.0,0.0,0.0
232.12797665596008,2.3673865808421115,-3.431461463879025,1.726677473913595,0.0,0.0,0.0
232.16164660453796,2.3645015919752037,-3.4147538119013787,1.7604984655173121,0.0,0.0,0.0
232.19559264183044,2.361546387272437,-3.4003352917786644,1.7945891782533043,0.0,0.0,0.0
232.22986340522766,2.3585391675111365,-3.387877852106755,1.828922361202322,0.0,0.0,0.0
232.2649781703949,2.3554526464116377,-3.376692752100496,1.8644845741130707,0.0,0.0,0.0
232.31556248664856,2.3513521708781275,-3.3637497013311464,1.9167569446087638,0.0,0.0,0.0
232.3498523235321,2.3490824643877093,-3.3574986064616517,1.9519309730005923,0.0,0.0,0.0
232.38362669944763,2.351619613428755,-3.3571740623503175,1.9866740637959737,0.0,0.0,0.0
232.41778373718262,2.359064618833055,-3.368220665855344,2.0201707274835097,0.0,0.0,0.0
232.45156288146973,2.3675946390996323,-3.385065048263619,2.0530648243027696,0.0,0.0,0.0
232.48573803901672,2.376926013389558,-3.4021146338661783,2.085835426745996,0.0,0.0,0.0
232.5196385383606,2.3871027898245125,-3.4193671734063087,2.118473926838722,0.0,0.0,0.0
232.55340552330017,2.398219188029217,-3.4369173342370423,2.1509678164180026,0.0,0.0,0.0
232.5873920917511,2.4101674163501277,-3.454513624202181,2.1833457157118015,0.0,0.0,0.0
232.62145614624023,2.422921376293924,-3.4720649981686775,2.215611544704621,0.0,0.0,0.0
232.65538144111633,2.4365866169267703,-3.4896598490069355,2.2477381295340106,0.0,0.0,0.0
232.68973684310913,2.45112205388792,-3.507195019212624,2.2797213047330813,0.0,0.0,0.0
232.72359108924866,2.46291938483197,-3.521248384229235,2.311150061254524,0.0,0.0,0.0
232.75750207901,2.465157381909093,-3.5248281719464276,2.341215524714334,0.0,0.0,0.0
232.79158115386963,2.4665857935940814,-3.52623529529508,2.3711326007187448,0.0,0.0,0.0
232.82573628425598,2.4689419855490358,-3.5284184857636567,2.4012405791561955,0.0,0.0,0.0
232.85945534706116,2.47228817752278,-3.5313339640027865,2.431532426434781,0.0,0.0,0.0
232.89354586601257,2.476691854428323,-3.534935516311591,2.4620157300255494,0.0,0.0,0.0
232.9276566505432,2.4817240980907087,-3.538792955713301,2.4926474559130556,0.0,0.0,0.0
232.96166586875916,2.487258500959851,-3.5427634439442084,2.5234104459193896,0.0,0.0,0.0
233.01260209083557,2.49657750081065,-3.5489097362931807,2.569774296654556,0.0,0.0,0.0
233.04648780822754,2.5037381592609864,-3.5533859968236463,2.600764814415028,0.0,0.0,0.0
233.0805585384369,2.519634206001583,-3.5653671856066254,2.630706145972043,0.0,0.0,0.0
233.11464309692383,2.5433681046963135,-3.578382587852407,2.65979365270807,0.0,0.0,0.0
233.14844679832458,2.565650754776543,-3.589549444073385,2.6889943170075665,0.0,0.0,0.0
233.18256735801697,2.5859282328083832,-3.5989888687702725,2.718358766517459,0.0,0.0,0.0
233.2165277004242,2.6037654462075692,-3.606641014988584,2.747936898741424,0.0,0.0,0.0
233.25067257881165,2.6197797253966444,-3.6130016696495653,2.7776572213121757,0.0,0.0,0.0
233.28460597991943,2.634651555392567,-3.618408955031879,2.8074430295086343,0.0,0.0,0.0
233.318372964859,2.6480142263230424,-3.622821992862683,2.837329003980838,0.0,0.0,0.0
233.3524842262268,2.6604902161711657,-3.6265525229365325,2.8672489539153303,0.0,0.0,0.0
233.3866376876831,2.6660251089825104,-3.6252873983734126,2.896386123834764,0.0,0.0,0.0
233.4214062690735,2.660761366496631,-3.6232860819661403,2.924547028369514,0.0,0.0,0.0
233.47150588035583,2.651097336464867,-3.6213581544860642,2.9667767870435418,0.0,0.0,0.0
233.5056004524231,2.6468940260634395,-3.620664664509501,2.995236700520025,0.0,0.0,0.0
233.53947520256042,2.64430925802044,-3.6202994206426937,3.0239185854835013,0.0,0.0,0.0
233.57339477539062,2.6435509035456506,-3.6201800549500303,3.0528333952390043,0.0,0.0,0.0
233.60737705230713,2.643740910455273,-3.6201442568840165,3.081879328279944,0.0,0.0,0.0
233.64159178733826,2.6446492625420173,-3.62012561028934,3.1110221200100683,0.0,0.0,0.0
233.6754231452942,2.6463626752497365,-3.620086553008187,3.1402688604679834,0.0,0.0,0.0
233.71061301231384,2.6488795690552345,-3.619908128712057,-3.1136209291684764,0.0,0.0,0.0
233.7603576183319,2.6695573368145853,-3.6181612503676,-3.0713033407701666,0.0,0.0,0.0
233.79472851753235,2.6902180114485943,-3.616400654476021,-3.043842939786923,0.0,0.0,0.0
233.82861018180847,2.7083674411547705,-3.6143737384124184,-3.016184649060264,0.0,0.0,0.0
233.86284184455872,2.7240763649455126,-3.6121915008365093,-2.988324109242135,0.0,0.0,0.0
233.8966507911682,2.7368909188618455,-3.610084612988595,-2.960200262656691,0.0,0.0,0.0
233.93051314353943,2.7473493070438324,-3.6080436004414573,-2.931853185956579,0.0,0.0,0.0
233.96474432945251,2.756372873598371,-3.606036854748844,-2.9033608835758757,0.0,0.0,0.0
234.01565551757812,2.763718781095319,-3.606341507002981,-2.860725998708712,0.0,0.0,0.0
234.04949140548706,2.7559138400339855,-3.6105760966533245,-2.833512216891559,0.0,0.0,0.0
234.0841100215912,2.7427457257069214,-3.6149816087898485,-2.806822448271953,0.0,0.0,0.0
234.13454484939575,2.7276635760517625,-3.6205007442400845,-2.766314812024404,0.0,0.0,0.0
234.16850423812866,2.720327189046353,-3.6235078940213326,-2.7390499117653295,0.0,0.0,0.0
234.20246481895447,2.7157609602931063,-3.6278687523797117,-2.7118771006235165,0.0,0.0,0.0
234.23678278923035,2.717565329862591,-3.6352124705646243,-2.6851165022398695,0.0,0.0,0.0
234.2705910205841,2.7195421185499535,-3.642533550122466,-2.6583623690695637,0.0,0.0,0.0
234.3044147491455,2.721563930728888,-3.6498312183572827,-2.631609016766479,0.0,0.0,0.0
234.33849668502808,2.723629833478949,-3.657104483564427,-2.6048550333917833,0.0,0.0,0.0
234.37253165245056,2.725738990784759,-3.664352373441815,-2.5780994460798556,0.0,0.0,0.0
234.40648365020752,2.7278906811810226,-3.6715738776335844,-2.5513417849141136,0.0,0.0,0.0
234.44045233726501,2.730084295886691,-3.6787679262807145,-2.5245818992200517,0.0,0.0,0.0
234.475172996521,2.732319410270544,-3.685933331743183,-2.4978196165511393,0.0,0.0,0.0
234.5092294216156,2.734595541738563,-3.693068884265859,-2.4710552101475276,0.0,0.0,0.0
234.5425570011139,2.7369122795477634,-3.700173269612586,-2.4442890812558544,0.0,0.0,0.0
234.57641577720642,2.739269423756245,-3.7072449345788963,-2.4175215870327182,0.0,0.0,0.0
234.61052823066711,2.7416665798362447,-3.714282303617298,-2.39075397198471,0.0,0.0,0.0
234.6445026397705,2.7420376737504815,-3.722881027908068,-2.364252832613509,0.0,0.0,0.0
234.6787211894989,2.7329105702417396,-3.734174963416495,-2.338681677362417,0.0,0.0,0.0
234.71258091926575,2.722482368739068,-3.7452033274918337,-2.3132025354772985,0.0,0.0,0.0
234.74637413024902,2.7150610422938968,-3.7534862302272134,-2.287908154715815,0.0,0.0,0.0
234.780433177948,2.7097786613291834,-3.759625881655346,-2.262869886831262,0.0,0.0,0.0
234.8144588470459,2.703004542918066,-3.7679628215594363,-2.237548789789619,0.0,0.0,0.0
234.8484125137329,2.6953393813208932,-3.7779140049834132,-2.212039361138429,0.0,0.0,0.0
234.88250923156738,2.6870075692605857,-3.7893363828124467,-2.186378660034324,0.0,0.0,0.0
234.91677904129028,2.67734515244929,-3.803295754397582,-2.160449582564828,0.0,0.0,0.0
234.95068073272705,2.666755217574746,-3.8195651273080844,-2.134291666370905,0.0,0.0,0.0
234.98447680473328,2.6555828211705883,-3.837755608154671,-2.1079567918592916,0.0,0.0,0.0
235.01892471313477,2.644285193435471,-3.857331712351419,-2.081522923986138,0.0,0.0,0.0
235.0525381565094,2.6348571634133333,-3.8748568863847628,-2.0546159191110047,0.0,0.0,0.0
235.08652663230896,2.625763781855221,-3.8927179442993403,-2.027675124182412,0.0,0.0,0.0
235.12063932418823,2.6159784380017657,-3.9129954852366327,-2.0009311260810834,0.0,0.0,0.0
235.15460538864136,2.604971750539542,-3.937714662242778,-1.9746091799973464,0.0,0.0,0.0
235.188579082489,2.5940346518313175,-3.964153736441489,-1.948390186614931,0.0,0.0,0.0
235.22248196601868,2.583795310758058,-3.9908402025281635,-1.9221085691715443,0.0,0.0,0.0
235.25686740875244,2.574275754063761,-4.017697049679727,-1.8957642370461574,0.0,0.0,0.0
235.2906346321106,2.562450816467779,-4.050724932434043,-1.8687002001504756,0.0,0.0,0.0
235.32466220855713,2.551358157630593,-4.088424307997798,-1.8412480433157672,0.0,0.0,0.0
235.35909342765808,2.541311170285299,-4.126412350623141,-1.8138149739879437,0.0,0.0,0.0
235.40964651107788,2.528219570658221,-4.183874665795365,-1.7727245437004608,0.0,0.0,0.0
235.44350361824036,2.5208213096664123,-4.2224608372565084,-1.7453766431314741,0.0,0.0,0.0
235.4775230884552,2.5144933580310456,-4.261236711069073,-1.718059461362688,0.0,0.0,0.0
235.51143050193787,2.509240413596407,-4.300174312717909,-1.6907647512656212,0.0,0.0,0.0
235.54604983329773,2.5055889532115474,-4.3373840593951245,-1.6632896724370108,0.0,0.0,0.0
235.5794587135315,2.503325314309349,-4.3667691631891525,-1.6349973454814952,0.0,0.0,0.0
235.6135733127594,2.5020389323883867,-4.393683745337052,-1.606378645601123,0.0,0.0,0.0
235.64764022827148,2.5021415163452003,-4.410327582185645,-1.5766690396311833,0.0,0.0,0.0
235.68228554725647,2.501748010415885,-4.41567325065998,-1.5457957468387549,0.0,0.0,0.0
235.81792855262756,1.2996159156442564e-24,2.092865315993306e-30,2.0410185119642542e-28,0.0,0.0,0.0
