t,omega_fw1,omega_fw2,omega_fw3,omega_fw4
0,838,838,838,838
0.200000635147186,838,838,838,838
0.400001270294373,838,838,838,838
0.600001905441559,838,838,838,838
0.800002540588746,838,838,838,838
1.00000317573593,838,838,838,838
1.20000381088312,838,838,838,838
1.40000444603031,838,838,838,838
1.60000508117749,838,838,838,838
1.80000571632468,838,838,838,838
2.00000635147186,838,838,838,838
2.20000698661905,838,838,838,838
2.40000762176624,838,838,838,838
2.60000825691342,838,838,838,838
2.80000889206061,838,838,838,838
3.0000095272078,838,838,838,838
3.20001016235498,838,838,838,838
3.40001079750217,838,838,838,838
3.60001143264936,838,838,838,838
3.80001206779654,838,838,838,838
4.00001270294373,838,838,838,838
4.20001333809092,838,838,838,838
4.4000139732381,838,838,838,838
4.60001460838529,838,838,838,838
4.80001524353248,838,838,838,838
5.00001587867966,838,838,838,838
5.20001651382685,838,838,838,838
5.40001714897403,838,838,838,838
5.60001778412122,838,838,838,838
5.80001841926841,838,838,838,838
6.00001905441559,838,838,838,838
6.20001968956278,838,838,838,838
6.40002032470997,838,838,838,838
6.60002095985715,838,838,838,838
6.80002159500434,838,838,838,838
7.00002223015153,838,838,838,838
7.20002286529871,838,838,838,838
7.4000235004459,838,838,838,838
7.60002413559309,838,838,838,838
7.80002477074027,838,838,838,838
8.00002540588746,838,838,838,838
8.20002604103465,838,838,838,838
8.40002667618183,838,838,838,838
8.60002731132902,838,838,838,838
8.8000279464762,838,838,838,838
9.00002858162339,838,838,838,838
9.20002921677058,838,838,838,838
9.40002985191776,838,838,838,838
9.60003048706495,838,838,838,838
9.80003112221214,838,838,838,838
10.0000317573593,838,838,838,838
10.2000323925065,838,838,838,838
10.4000330276537,838,838,838,838
10.6000336628009,838,838,838,838
10.8000342979481,838,838,838,838
11.0000349330953,838,838,838,838
11.2000355682424,838,838,838,838
11.4000362033896,838,838,838,838
11.6000368385368,838,838,838,838
11.800037473684,838,838,838,838
12.0000381088312,838,838,838,838
12.2000387439784,838,838,838,838
12.4000393791256,838,838,838,838
12.6000400142727,838,838,838,838
12.8000406494199,838,838,838,838
13.0000412845671,838,838,838,838
13.2000419197143,838,838,838,838
13.4000425548615,838,838,838,838
13.6000431900087,838,838,838,838
13.8000438251559,838,838,838,838
14.0000444603031,838,838,838,838
14.2000450954502,838,838,838,838
14.4000457305974,838,838,838,838
14.6000463657446,838,838,838,838
14.8000470008918,838,838,838,838
15.000047636039,838,838,838,838
15.2000482711862,838,838,838,838
15.4000489063334,838,838,838,838
15.6000495414805,838,838,838,838
15.8000501766277,838,838,838,838
16.0000508117749,838,838,838,838
16.2000514469221,838,838,838,838
16.4000520820693,838,838,838,838
16.6000527172165,838,838,838,838
16.8000533523637,838,838,838,838
17.0000539875108,838,838,838,838
17.200054622658,838,838,838,838
17.4000552578052,838,838,838,838
17.6000558929524,838,838,838,838
17.8000565280996,838,838,838,838
18.0000571632468,838,838,838,838
18.200057798394,838,838,838,838
18.4000584335412,838,838,838,838
18.6000590686883,838,838,838,838
18.8000597038355,838,838,838,838
19.0000603389827,838,838,838,838
19.2000609741299,838,838,838,838
19.4000616092771,838,838,838,838
19.6000622444243,838,838,838,838
19.8000628795715,838,838,838,838
20.0000635147186,838,838,838,838
20.2000641498658,838,838,838,838
20.400064785013,838,838,838,838
20.6000654201602,838,838,838,838
20.8000660553074,838,838,838,838
21.0000666904546,838,838,838,838
21.2000673256018,838,838,838,838
21.400067960749,838,838,838,838
21.6000685958961,838,838,838,838
21.8000692310433,838,838,838,838
22.0000698661905,838,838,838,838
22.2000705013377,838,838,838,838
22.4000711364849,838,838,838,838
22.6000717716321,838,838,838,838
22.8000724067793,838,838,838,838
23.0000730419264,838,838,838,838
23.2000736770736,838,838,838,838
23.4000743122208,838,838,838,838
23.600074947368,838,838,838,838
23.8000755825152,838,838,838,838
24.0000762176624,838,838,838,838
24.2000768528096,838,838,838,838
24.4000774879567,838,838,838,838
24.6000781231039,838,838,838,838
24.8000787582511,838,838,838,838
25.0000793933983,838,838,838,838
25.2000800285455,837.999999999985,837.99999999982,838.000000000093,838.00000000012
25.4000806636927,837.999908122251,837.998901488427,838.000567851831,838.000730768144
25.6000812988399,837.999564263292,837.99468449807,838.002745936324,838.003538217431
25.8000819339871,837.998841119624,837.985581763727,838.007443377808,838.009602362597
26.0000825691342,837.99764102779,837.970065088371,838.015443230764,838.019945173659
26.2000832042814,837.995892941536,837.946831665493,838.027409740937,838.03543865084
26.4000838394286,837.993549558356,837.914790436296,838.043895629682,838.056813059093
26.6000844745758,837.990584604055,837.873048550521,838.065349355961,838.084665265202
26.800085109723,837.986990280843,837.820897992054,838.092122315048,838.119467124214
27.0000857448702,837.982774881688,837.757802423148,838.124475937578,838.161573865823
27.2000863800174,837.977960571271,837.683384294306,838.162588656919,838.211232435309
27.4000870151645,837.972581331843,837.597412260673,838.206562716976,838.268589747461
27.6000876503117,837.96668107057,837.499788940026,838.256430796356,838.333700815773
27.8000882854589,837.96031188357,837.390539042251,838.312162428484,838.406536722916
28.0000889206061,837.953532470737,837.269797895415,838.373670200517,838.486992402122
28.2000895557533,837.946406694583,837.137800389206,838.440815717043,838.574894202605
28.4000901909005,837.93900227576,836.994870352603,838.513415317298,838.670007215522
28.6000908260477,837.93138961745,836.841410379049,838.591245537249,838.772042340179
28.8000914611949,837.923640750653,836.677892109218,838.674048310171,838.880663073238
29.000092096342,837.915828392275,836.504846978536,838.761535901454,838.995492006588
29.2000927314892,837.908025108,836.322857434003,838.853395575269,839.116117022271
29.4000933666364,837.900302572088,836.132548622504,838.949293992376,839.24209717539
29.6000940017836,837.892730916482,835.934580550642,839.048881339868,839.372968258368
29.8000946369308,837.885378161941,835.729640714218,839.151795194962,839.508248042112
30.000095272078,837.87830972427,835.518437193725,839.257664126117,839.647441191714
30.2000959072252,837.87158798914,835.301692210674,839.366111035765,839.790043856238
30.4000965423723,837.865271949402,835.080136138125,839.476756249841,839.93554793387
30.6000971775195,837.859416899261,834.85450195754,839.589220360044,840.083445015294
30.8000978126667,837.854074180114,834.6255201529,839.703126825451,840.23323000963
31.0000984478139,837.849290973281,834.393914032016,839.818104340605,840.384404458531
31.2000990829611,837.845110135319,834.160395463998,839.933788977722,840.536479545231
31.4000997181083,837.841570071986,833.925661021044,840.049826110996,840.688978806338
31.6001003532555,837.838704647331,833.690388511944,840.165872131321,840.841440555095
31.8001009884026,837.836543124748,833.455233894051,840.281595959962,840.993420025594
32.0001016235498,837.83511013716,833.220828549897,840.396680369915,841.144491248107
32.200102258697,837.834425683831,832.987776914127,840.510823123792,841.294248666267
32.4001028938442,837.834505151569,832.756654436013,840.623737937164,841.44230850728
32.6001035289914,837.835359358335,832.528005862446,840.735155276323,841.58830991673
32.8001041641386,837.836994617516,832.302343826047,840.844822999389,841.7319158698
33.0001047992858,837.839412821308,832.080147722785,840.952506849691,841.872813870958
33.200105434433,837.842611541827,831.861862863397,841.057990810228,842.010716454242
33.4001060695801,837.84658414871,831.64789988275,841.161077327934,842.145361496362
33.6001067047273,837.851319942113,831.438634391328,841.26158741634,842.276512354809
33.8001073398745,837.856804300088,831.234406853001,841.35936064507,842.403957843094
34.0001079750217,837.86301883943,831.03552267335,841.454255024425,842.527512055123
34.2001086101689,837.869941589124,830.842252482969,841.546146793155,842.647014050532
34.4001092453161,837.877547175596,830.654832600318,841.634930117268,842.762327412631
34.6001098804633,837.885807018985,830.47346565898,841.720516707563,842.873339690307
34.8001105156104,837.894688588378,830.298320705224,841.802836537587,842.979962414614
35.0001111507576,837.904158102809,830.129535886317,841.88183425427,843.082128562318
35.2001117859048,837.914178966675,829.967218200868,841.957470802229,843.179793001117
35.400112421052,837.924722448012,829.811290646693,842.029794186854,843.273023637745
35.6001130561992,837.935769862298,829.661518686257,842.098925724324,843.361982991406
35.8001136913464,837.947303190009,829.517676396287,842.164982283463,843.446827625183
36.0001143264936,837.959305053178,829.379546151304,842.228076448787,843.527708364198
36.2001149616408,837.971758692754,829.246918318799,842.288316677576,843.604770505783
36.4001155967879,837.984647946734,829.119590965621,842.345807451188,843.678154021947
36.6001162319351,837.997957229059,828.997369575166,842.400649420819,843.747993754447
36.8001168670823,838.011671509231,828.880066774963,842.452939547918,843.814419602707
37.0001175022295,838.025776292645,828.767502074269,842.502771239458,843.877556704865
37.2001181373767,838.040257601597,828.659501611318,842.550234478241,843.937525612191
37.4001187725239,838.055101956961,828.555897909845,842.595415948432,843.994442457124
37.6001194076711,838.070296360502,828.456529644567,842.638399156484,844.048419115157
37.8001200428182,838.085828277811,828.361241415273,842.67926454763,844.099563360795
38.0001206779654,838.101685621829,828.269883529217,842.718089618115,844.147979017807
38.2001213131126,838.117856736965,828.182311791502,842.754949023294,844.19376610398
38.4001219482598,838.134330383753,828.098387303165,842.789914681787,844.237020970567
38.600122583407,838.151095724065,828.017976266676,842.823055875801,844.27783643664
38.8001232185542,838.168142306834,827.94094979858,842.85443934778,844.316301918516
39.0001238537014,838.185460054286,827.867183749028,842.884129393513,844.352503554449
39.2001244888485,838.203039248654,827.796558527923,842.912187951827,844.386524324754
39.4001251239957,838.220870519365,827.72895893746,842.938674690989,844.418444167538
39.6001257591429,838.238944830671,827.664274010816,842.963647091946,844.448340090186
39.8001263942901,838.257253469733,827.602396856757,842.987160528509,844.47628627677
40.0001270294373,838.275788035107,827.543224509958,843.009268344601,844.502354191521
40.2001276645845,838.294540425656,827.486657786818,843.030021928668,844.526612678516
40.4001282997317,838.313502829841,827.432601146572,843.049470785367,844.549128057707
40.6001289348789,838.332667715398,827.380962557494,843.067662604626,844.569964217443
40.800129570026,838.352027819381,827.331653368031,843.084643328167,844.58918270359
41.0001302051732,838.371576138554,827.28458818265,843.100457213595,844.606842805402
41.2001308403204,838.391305920132,827.239684742261,843.115146896138,844.623001638229
41.4001314754676,838.411210652838,827.196863809019,843.128753448117,844.637714223212
41.6001321106148,838.431284058292,827.156049055363,843.141316436246,844.651033564044
41.800132745762,838.451520082694,827.117166957132,843.152873976823,844.663010720932
42.0001333809092,838.471912888811,827.080146690596,843.163462788901,844.673694881836
42.2001340160563,838.492456848242,827.044920033283,843.173118245512,844.683133431109
42.4001346512035,838.513146533966,827.011421268435,843.181874423005,844.691372015613
42.6001352863507,838.533976713143,826.979587092981,843.189764148585,844.698454608421
42.8001359214979,838.554942340188,826.949356528885,843.196819046105,844.704423570177
43.0001365566451,838.576038550073,826.920670837757,843.203069580179,844.709319708211
43.2001371917923,838.597260651882,826.893473438588,843.208545098675,844.713182333489
43.4001378269395,838.618604122589,826.867709828518,843.21327387366,844.716049315473
43.6001384620867,838.640064601058,826.843327506509,843.21728314083,844.717957134972
43.8001390972338,838.661637882256,826.820275899818,843.220599137506,844.718940935055
44.000139732381,838.683319911676,826.798506293177,843.223247139234,844.719034570099
44.2001403675282,838.705106779954,826.77797176057,843.225251495037,844.718270653041
44.4001410026754,838.726994717682,826.758627099514,843.226635661385,844.716680600893
44.6001416378226,838.748980090402,826.74042876776,843.227422234914,844.714294678593
44.8001422729698,838.771059393782,826.723334822312,843.227632983942,844.711142041249
45.0001429081169,838.793229248962,826.707304860688,843.227288878838,844.70725077483
45.2001435432641,838.815486398068,826.69229996434,843.226410121273,844.70264793537
45.4001441784113,838.837827699882,826.678282644153,843.225016172396,844.697359586736
45.6001448135585,838.860250125669,826.665216787938,843.223125779984,844.691410837002
45.8001454487057,838.882750755159,826.653067609863,843.220757004589,844.684825873503
46.0001460838529,838.905326772657,826.641801601739,843.217927244735,844.677627996594
46.2001467190001,838.927975463309,826.631386486087,843.214653261183,844.669839652174
46.4001473541473,838.950694209491,826.621791170941,843.21095120031,844.661482463021
46.6001479892944,838.973480487328,826.612985706304,843.206836616636,844.652577258974
46.8001486244416,838.996331863343,826.604941242203,843.202324494514,844.64314410601
47.0001492595888,839.019245991217,826.597629988285,843.197429269033,844.633202334254
47.200149894736,839.042220608672,826.591025174903,843.192164846158,844.622770564966
47.4001505298832,839.065253534461,826.585101015621,843.186544622118,844.611866736533
47.6001511650304,839.088342665471,826.579832671104,843.180581502099,844.600508129511
47.8001518001776,839.11148597392,826.575196214331,843.174287918242,844.588711390749
48.0001524353248,839.134681504665,826.571168597088,843.167675846981,844.576492556627
48.2001530704719,839.157927372599,826.567727617685,843.160756825754,844.563867075446
48.4001537056191,839.181221760143,826.564851889872,843.153541969091,844.550849828989
48.6001543407663,839.204562914827,826.562520812881,843.146041984119,844.537455153301
48.8001549759135,839.227949146963,826.560714542579,843.138267185496,844.5236968587
49.0001556110607,839.251378827389,826.559413963676,843.130227509797,844.509588249057
49.2001562462079,839.274850385307,826.558600662957,843.121932529376,844.495142140368
49.4001568813551,839.298362306193,826.558256903493,843.113391465716,844.48037087865
49.6001575165022,839.321913129775,826.558365599804,843.10461320229,844.465286357169
49.8001581516494,839.345501448097,826.558910293928,843.095606296955,844.449900033053
50.0001587867966,839.36912590364,826.559875132376,843.086378993885,844.434222943278
50.2001594219438,839.392785187518,826.561244843929,843.076939235072,844.418265720081
50.400160057091,839.416478037732,826.563004718248,843.067294671403,844.402038605805
50.6001606922382,839.440203237495,826.56514058528,843.057452673328,844.385551467193
50.8001613273854,839.463959613608,826.567638795408,843.047420341148,844.368813809166
51.0001619625325,839.487746034899,826.570486200338,843.037204514908,844.351834788091
51.2001625976797,839.511561410719,826.573670134685,843.026811783945,844.334623224566
51.4001632328269,839.535404689488,826.577178398236,843.016248496076,844.317187615732
51.6001638679741,839.559274857294,826.580999238863,843.00552076645,844.299536147137
51.8001645031213,839.583170936546,826.585121336069,842.99463448608,844.281676704161
52.0001651382685,839.60709198467,826.589533785131,842.983595330056,844.263616883029
52.2001657734157,839.631037092854,826.594226081829,842.972408765464,844.245364001411
52.4001664085629,839.655005384838,826.599188107736,842.961080059008,844.226925108643
52.60016704371,839.678996015749,826.604410116049,842.949614284355,844.208306995562
52.8001676788572,839.703008170973,826.609882717939,842.938016329215,844.189516203992
53.0001683140044,839.727041065072,826.615596869402,842.926290902154,844.170559035874
53.2001689491516,839.751093940738,826.621543858593,842.914442539164,844.151441562064
53.4001695842988,839.775166067785,826.627715293629,842.902475609987,844.132169630808
53.600170219446,839.799256742173,826.634103090833,842.89039432421,844.112748875908
53.8001708545932,839.823365285076,826.640699463416,842.878202737135,844.093184724585
54.0001714897403,839.847491041976,826.647496910573,842.865904755438,844.073482405054
54.2001721248875,839.871633381789,826.654488206976,842.853504142613,844.053646953828
54.4001727600347,839.895791696028,826.66166639266,842.841004524223,844.033683222743
54.6001733951819,839.919965397989,826.669024763272,842.828409392958,844.013595885736
54.8001740303291,839.944153921975,826.676556860684,842.815722113501,843.993389445365
55.0001746654763,839.968356722537,826.684256463951,842.802945927225,843.973068239099
55.2001753006235,839.992573273754,826.692117580599,842.790083956712,843.952636445369
55.4001759357707,840.016803068526,826.700134438228,842.777139210105,843.932098089404
55.6001765709178,840.041045617904,826.708301476436,842.764114585307,843.911457048847
55.800177206065,840.065300450437,826.71661333903,842.751012874021,843.890717059171
56.0001778412122,840.089567111546,826.725064866522,842.73783676564,843.869881718891
56.2001784763594,840.113845162914,826.733651088909,842.724588851003,843.848954494587
56.4001791115066,840.13813418191,826.74236721871,842.711271626003,843.827938725744
56.6001797466538,840.162433761021,826.751208644263,842.697887495069,843.806837629415
56.800180381801,840.186743507311,826.760170923268,842.68443877452,843.785654304707
57.0001810169481,840.211063041899,826.769249776565,842.670927695793,843.764391737111
57.2001816520953,840.235391999454,826.778441082141,842.657356408558,843.743052802666
57.4001822872425,840.259730027708,826.787740869363,842.643726983711,843.721640271976
57.6001829223897,840.28407678699,826.79714531341,842.630041416264,843.700156814076
57.8001835575369,840.308431949771,826.806650729926,842.616301628128,843.678605000154
58.0001841926841,840.332795200231,826.816253569853,842.602509470789,843.656987307148
58.2001848278313,840.357166233837,826.825950414466,842.588666727894,843.635306121193
58.4001854629784,840.381544756939,826.835737970585,842.574775117734,843.613563740957
58.6001860981256,840.40593048638,826.845613065965,842.560836295644,843.59176238085
58.8001867332728,840.430323149116,826.855572644849,842.546851856307,843.56990417411
59.00018736842,840.454722481859,826.865613763695,842.532823335978,843.547991175783
59.2001880035672,840.479128230722,826.875733587053,842.518752214629,843.526025365591
59.4001886387144,840.503540150884,826.885929383594,842.504639918008,843.504008650692
59.6001892738616,840.527958006263,826.896198522283,842.490487819629,843.481942868347
59.8001899090088,840.552381569206,826.906538468702,842.476297242687,843.459829788476
60.0001905441559,840.57681062018,826.916946781495,842.462069461903,843.437671116134
60.2001911793031,840.601244947488,826.927421108951,842.447805705299,843.415468493889
60.4001918144503,840.625684346983,826.937959185715,842.43350715591,843.39322350411
60.6001924495975,840.650128621797,826.948558829611,842.419174953436,843.37093767118
60.8001930847447,840.674577582084,826.959217938591,842.404810195829,843.348612463621
61.0001937198919,840.699031044761,826.96993448779,842.390413940821,843.32624929614
61.2001943550391,840.723488833273,826.98070652669,842.375987207402,843.303849531607
61.4001949901863,840.747950777353,826.991532176393,842.36153097724,843.281414482954
61.6001956253334,840.772416712798,827.002409626985,842.347046196045,843.258945415007
61.8001962604806,840.796886481252,827.013337135008,842.332533774893,843.236443546251
62.0001968956278,840.821359929997,827.024313021013,842.31799459149,843.213910050529
62.200197530775,840.845836911746,827.035335667215,842.303429491401,843.191346058678
62.4001981659222,840.870317284454,827.046403515224,842.288839289223,843.16875266011
62.6001988010694,840.894800911127,827.057515063865,842.274224769724,843.146130904328
62.8001994362165,840.919287659638,827.068668867075,842.259586688934,843.123481802392
63.0002000713637,840.943777402559,827.07986353188,842.2449257752,843.100806328327
63.2002007065109,840.968270016985,827.091097716447,842.230242730201,843.078105420482
63.4002013416581,840.992765384376,827.102370128201,842.215538229923,843.055379982841
63.6002019768053,841.0172633904,827.113679522019,842.200812925606,843.03263088628
63.8002026119525,841.041763924779,827.125024698487,842.186067444645,843.009858969781
64.0002032470997,841.066266881148,827.136404502219,842.171302391469,842.987065041607
64.2002038822469,841.090772156911,827.147817820242,842.156518348379,842.964249880423
64.400204517394,841.115279653106,827.159263580437,842.141715876365,842.941414236383
64.6002051525412,841.139789274276,827.170740750039,842.126895515879,842.918558832179
64.8002057876884,841.164300928341,827.182248334192,842.112057787595,842.895684364043
65.0002064228356,841.18881452648,827.193785374554,842.097203193131,842.872791502722
65.2002070579828,841.213329983011,827.205350947959,842.082332215748,842.849880894411
65.40020769313,841.23784721528,827.216944165125,842.067445321023,842.826953161653
65.6002083282772,841.262366143549,827.228564169404,842.052542957496,842.804008904207
65.8002089634243,841.286886690897,827.240210135592,842.037625557299,842.781048699883
66.0002095985715,841.311408783113,827.251881268767,842.02269353675,842.758073105349
66.2002102337187,841.335932348604,827.263576803179,842.007747296941,842.735082656905
66.4002108688659,841.360457318297,827.275296001181,841.992787224289,842.71207787123
66.6002115040131,841.384983625548,827.287038152191,841.977813691079,842.689059246102
66.8002121391603,841.409511206059,827.298802571705,841.96282705598,842.66602726109
67.0002127743075,841.43403999779,827.310588600333,841.947827664544,842.642982378224
67.2002134094546,841.45856994088,827.32239560288,841.932815849688,842.619925042639
67.4002140446018,841.483100977567,827.334222967457,841.917791932156,842.596855683189
67.600214679749,841.507633052114,827.346070104622,841.902756220965,842.573774713053
67.8002153148962,841.532166110736,827.35793644656,841.887709013836,842.5506825303
68.0002159500434,841.556700101528,827.369821446287,841.872650597609,842.527579518454
68.2002165851906,841.581234974401,827.381724576882,841.857581248639,842.504466047016
68.4002172203378,841.605770681013,827.393645330755,841.842501233183,842.481342471988
68.600217855485,841.630307174711,827.405583218931,841.827410807769,842.458209136364
68.8002184906321,841.654844410463,827.417537770372,841.812310219552,842.435066370605
69.0002191257793,841.679382344809,827.429508531317,841.79719970666,842.411914493104
69.2002197609265,841.703920935796,827.441495064643,841.782079498523,842.388753810623
69.4002203960737,841.728460142929,827.453496949258,841.76694981619,842.365584618725
69.6002210312209,841.752999927117,827.465513779514,841.751810872642,842.342407202179
69.8002216663681,841.777540250623,827.477545164633,841.736662873082,842.319221835363
70.0002223015153,841.802081077015,827.489590728166,841.721506015223,842.296028782636
70.2002229366625,841.826622371117,827.501650107468,841.706340489563,842.272828298716
70.4002235718096,841.85116409897,827.513722953185,841.691166479648,842.249620629024
70.6002242069568,841.875706227782,827.52580892877,841.675984162325,842.226406010031
70.800224842104,841.900248725887,827.537907710014,841.660793707994,842.203184669585
71.0002254772512,841.924791562709,827.550018984588,841.645595280837,842.179956827225
71.2002261123984,841.949334708717,827.56214245161,841.630389039052,842.156722694489
71.4002267475456,841.973878135393,827.574277821224,841.615175135067,842.133482475206
71.6002273826928,841.998421815189,827.586424814195,841.599953715757,842.110236365778
71.8002280178399,842.022965721499,827.598583161519,841.584724922642,842.086984555453
72.0002286529871,842.047509828622,827.610752604046,841.569488892088,842.063727226589
72.2002292881343,842.072054111727,827.622932892119,841.554245755494,842.040464554903
72.4002299232815,842.096598546827,827.635123785225,841.538995639473,842.01719670972
72.6002305584287,842.121143110744,827.647325051661,841.523738666029,841.9939238542
72.8002311935759,842.145687781084,827.659536468207,841.508474952726,841.970646145573
73.0002318287231,842.170232536203,827.671757819817,841.49320461285,841.94736373535
73.2002324638703,842.194777355189,827.683988899317,841.477927755567,841.924076769533
73.4002330990174,842.219322217825,827.696229507118,841.462644486072,841.900785388821
73.6002337341646,842.243867104574,827.708479450935,841.447354905737,841.877489728802
73.8002343693118,842.268411996546,827.720738545522,841.432059112248,841.85418992014
74.000235004459,842.292956875482,827.733006612408,841.416757199745,841.830886088757
74.2002356396062,842.317501723727,827.745283479654,841.401449258946,841.807578356006
74.4002362747534,842.342046524207,827.75756898161,841.386135377279,841.784266838839
74.6002369099005,842.366591260414,827.769862958683,841.370815638997,841.760951649968
74.8002375450477,842.39113591638,827.782165257119,841.355490125295,841.737632898021
75.0002381801949,842.415680476661,827.794475728783,841.340158914428,841.714310687692
75.2002388153421,842.440224926316,827.806794230956,841.324822081812,841.690985119884
75.4002394504893,842.464769250889,827.819120626136,841.309479700129,841.66765629185
75.6002400856365,842.489313436394,827.831454781843,841.294131839432,841.644324297325
75.8002407207837,842.513857469296,827.843796570441,841.278778567236,841.620989226656
76.0002413559309,842.538401336495,827.856145868952,841.263419948615,841.597651166928
76.200241991078,842.562945025309,827.868502558893,841.248056046288,841.574310202078
76.4002426262252,842.587488523463,827.880866526104,841.232686920708,841.550966413019
76.6002432613724,842.612031819072,827.893237660594,841.217312630144,841.527619877741
76.8002438965196,842.636574900624,827.905615856385,841.201933230762,841.504270671428
77.0002445316668,842.661117756973,827.918001011366,841.1865487767,841.480918866553
77.200245166814,842.68566037732,827.93039302715,841.171159320145,841.457564532983
77.4002458019612,842.710202751204,827.942791808939,841.155764911401,841.434207738071
77.6002464371084,842.734744868488,827.95519726539,841.140365598964,841.410848546751
77.8002470722555,842.759286719348,827.967609308489,841.124961429581,841.387487021623
78.0002477074027,842.783828294262,827.98002785343,841.10955244832,841.364123223043
78.2002483425499,842.808369584001,827.992452818494,841.094138698628,841.340757209202
78.4002489776971,842.832910579612,828.004884124939,841.078720222392,841.317389036207
78.6002496128443,842.857451272416,828.017321696888,841.063297059997,841.294018758158
78.8002502479915,842.881991653994,828.029765461225,841.047869250377,841.270646427219
79.0002508831387,842.906531716178,828.042215347496,841.032436831075,841.247272093691
79.2002515182858,842.931071451041,828.054671287805,841.016999838287,841.223895806082
79.400252153433,842.955610850892,828.067133216727,841.001558306917,841.200517611167
79.6002527885802,842.980149908263,828.07960107121,840.986112270619,841.17713755406
79.8002534237274,843.004688615904,828.092074790496,840.97066176185,841.153755678266
80.0002540588746,843.029226966774,828.104554316031,840.955206811905,841.130372025747
80.2002546940218,843.053764954034,828.117039591384,840.939747450967,841.106986636975
80.400255329169,843.07830257104,828.129530562172,840.924283708145,841.083599550987
80.6002559643161,843.102839811334,828.142027175984,840.908815611512,841.06021080544
80.8002565994633,843.12737666864,828.154529382307,840.893343188147,841.036820436658
81.0002572346105,843.151913136855,828.167037132456,840.877866464165,841.013428479683
81.2002578697577,843.176449210045,828.179550379511,840.86238546476,840.990034968323
81.4002585049049,843.200984882437,828.192069078246,840.846900214232,840.966639935194
81.6002591400521,843.225520148417,828.204593185072,840.831410736025,840.943243411767
81.8002597751993,843.250055002516,828.217122657974,840.815917052755,840.919845428408
82.0002604103464,843.274589439416,828.229657456455,840.800419186242,840.89644601442
82.2002610454936,843.299123453934,828.242197541478,840.784917157538,840.873045198081
82.4002616806408,843.323657041026,828.254742875413,840.769410986956,840.849643006682
82.600262315788,843.348190195774,828.267293421988,840.753900694098,840.826239466562
82.8002629509352,843.372722913388,828.279849146235,840.738386297879,840.802834603145
83.0002635860824,843.397255189199,828.292410014446,840.722867816553,840.779428440973
83.2002642212296,843.421787018651,828.304975994123,840.707345267739,840.756021003736
83.4002648563768,843.446318397305,828.317547053936,840.691818668441,840.732612314306
83.600265491524,843.470849320827,828.33012316368,840.676288035074,840.709202394768
83.8002661266711,843.495379784988,828.342704294233,840.660753383482,840.685791266443
84.0002667618183,843.51990978566,828.355290417515,840.645214728962,840.662378949924
84.2002673969655,843.544439318813,828.367881506453,840.629672086283,840.638965465097
84.4002680321127,843.568968380507,828.38047753494,840.614125469705,840.615550831167
84.6002686672599,843.593496966896,828.393078477804,840.598574892998,840.592135066689
84.8002693024071,843.618025074218,828.405684310768,840.58302036946,840.568718189582
85.0002699375543,843.642552698797,828.418295010424,840.567461911934,840.545300217163
85.2002705727014,843.667079837037,828.430910554195,840.551899532825,840.52188116616
85.4002712078486,843.691606485418,828.443530920307,840.536333244117,840.498461052739
85.6002718429958,843.716132640498,828.456156087759,840.520763057386,840.475039892524
85.800272478143,843.740658298905,828.468786036297,840.505188983816,840.451617700615
86.0002731132902,843.765183457338,828.481420746382,840.489611034216,840.428194491608
86.2002737484374,843.789708112563,828.494060199168,840.47402921903,840.404770279614
86.4002743835845,843.81423226141,828.506704376474,840.458443548352,840.381345078276
86.6002750187317,843.838755900773,828.519353260761,840.442854031938,840.357918900788
86.8002756538789,843.863279027605,828.532006835106,840.427260679221,840.334491759909
87.0002762890261,843.887801638916,828.544665083183,840.411663499321,840.31106366798
87.2002769241733,843.912323731775,828.557327989239,840.396062501054,840.287634636941
87.4002775593205,843.936845303303,828.569995538071,840.380457692948,840.264204678341
87.6002781944677,843.961366350673,828.582667715011,840.36484908325,840.240773803359
87.8002788296149,843.985886871108,828.5953445059,840.349236679938,840.217342022812
88.000279464762,844.010406861881,828.608025897076,840.333620490732,840.19390934717
88.2002800999092,844.034926320309,828.620711875349,840.318000523098,840.170475786571
88.4002807350564,844.059445243756,828.633402427989,840.302376784265,840.147041350829
88.6002813702036,844.083963629629,828.646097542706,840.286749281228,840.12360604945
88.8002820053508,844.108481475376,828.658797207636,840.271118020758,840.100169891641
89.000282640498,844.132998778486,828.671501411322,840.255483009413,840.076732886319
89.2002832756452,844.157515536485,828.684210142704,840.23984425354,840.053295042128
89.4002839107924,844.18203174694,828.6969233911,840.22420175929,840.029856367443
89.6002845459395,844.20654740745,828.709641146193,840.208555532618,840.00641687038
89.8002851810867,844.231062515652,828.72236339802,840.192905579297,839.982976558811
90.0002858162339,844.255577069214,828.735090136956,840.177251904919,839.959535440368
90.2002864513811,844.280091065839,828.747821353705,840.161594514904,839.936093522451
90.4002870865283,844.304604503258,828.760557039282,840.145933414508,839.912650812243
90.6002877216755,844.329117379235,828.773297185009,840.130268608825,839.889207316709
90.8002883568227,844.353629691561,828.786041782499,840.114600102797,839.865763042612
91.0002889919698,844.378141438055,828.798790823645,840.098927901217,839.842317996516
91.200289627117,844.402652616564,828.811544300613,840.083252008735,839.818872184793
91.4002902622642,844.427163224961,828.824302205828,840.067572429866,839.795425613634
91.6002908974114,844.451673261142,828.837064531969,840.051889168988,839.771978289051
91.8002915325586,844.47618272303,828.849831271955,840.036202230356,839.748530216886
92.0002921677058,844.500691608568,828.86260241894,840.020511618099,839.725081402818
92.200292802853,844.525199915725,828.875377966301,840.004817336229,839.701631852365
92.4002934380001,844.549707642488,828.888157907632,839.989119388645,839.678181570897
92.6002940731473,844.574214786868,828.900942236738,839.973417779133,839.654730563633
92.8002947082945,844.598721346893,828.91373094762,839.957712511377,839.631278835653
93.0002953434417,844.623227320613,828.926524034478,839.942003588955,839.607826391899
93.2002959785889,844.647732706096,828.939321491693,839.926291015352,839.584373237185
93.4002966137361,844.672237501427,828.95212331383,839.910574793953,839.560919376196
93.6002972488833,844.696741704709,828.964929495624,839.894854928056,839.537464813496
93.8002978840304,844.721245314062,828.977740031978,839.879131420868,839.514009553531
94.0002985191776,844.745748327622,828.990554917954,839.863404275515,839.490553600634
94.2002991543248,844.770250743539,829.00337414877,839.847673495039,839.467096959032
94.400299789472,844.79475255998,829.016197719792,839.831939082405,839.443639632843
94.6003004246192,844.819253775126,829.02902562653,839.816201040501,839.420181626087
94.8003010597664,844.843754387172,829.041857864631,839.800459372143,839.396722942685
95.0003016949136,844.868254394326,829.054694429876,839.784714080077,839.373263586465
95.2003023300608,844.892753794808,829.067535318174,839.768965166983,839.349803561166
95.400302965208,844.917252586852,829.080380525555,839.753212635473,839.326342870438
95.6003036003551,844.941750768704,829.093230048172,839.737456488098,839.302881517847
95.8003042355023,844.966248338622,829.10608388229,839.721696727349,839.279419506881
96.0003048706495,844.990745294872,829.118942024284,839.705933355659,839.255956840947
96.2003055057967,845.015241635735,829.131804470636,839.690166375403,839.23249352338
96.4003061409439,845.0397373595,829.144671217929,839.674395788904,839.209029557441
96.6003067760911,845.064232464466,829.157542262848,839.658621598434,839.185564946321
96.8003074112383,845.088726948942,829.170417602168,839.642843806212,839.162099693147
97.0003080463854,845.113220811248,829.183297232759,839.627062414411,839.138633800978
97.2003086815326,845.13771404971,829.196181151578,839.611277425158,839.115167272814
97.4003093166798,845.162206662665,829.209069355666,839.595488840533,839.091700111592
97.600309951827,845.186698648457,829.221961842146,839.579696662576,839.068232320194
97.8003105869742,845.211190005439,829.234858608221,839.563900893282,839.044763901446
98.0003112221214,845.235680731971,829.247759651168,839.548101534609,839.021294858118
98.2003118572685,845.260170826421,829.260664968338,839.532298588476,838.997825192933
98.4003124924157,845.284660287163,829.273574557151,839.516492056764,838.97435490856
98.6003131275629,845.309149112581,829.286488415097,839.500681941319,838.950884007624
98.8003137627101,845.333637301061,829.299406539728,839.484868243952,838.9274124927
99.0003143978573,845.358124851001,829.312328928662,839.469050966442,838.903940366321
99.2003150330045,845.3826117608,829.325255579575,839.453230110536,838.880467630978
99.4003156681517,845.407098028866,829.338186490203,839.437405677948,838.856994289118
99.6003163032989,845.431583653613,829.351121658337,839.421577670366,838.833520343152
99.800316938446,845.45606863346,829.364061081822,839.405746089447,838.810045795449
100.000317573593,845.48055296683,829.377004758556,839.389910936822,838.786570648344
123.600392520961,848.364745917627,830.933847393606,837.496629611746,836.012795919559
147.200467468329,851.237518436836,832.548193707555,835.555392031467,833.233279434963
170.800542415697,854.096530204294,834.218743048003,833.567758893119,830.450289786379
194.600617998212,856.963474979236,835.959023464157,831.517906361352,827.642485964241
218.20069294558,859.787846145147,837.738405865273,829.441921445406,824.859324581216
241.800767892948,862.591520696063,839.569868010054,827.324425654686,822.07945875141
265.400842840316,865.372234705438,841.451950980827,825.16711191671,819.305127470943
289.000917787684,868.127749429246,843.383154447001,822.971704546501,816.53855995745
312.600992735052,870.855853888941,845.361938366934,820.739957281131,813.781973087161
336.401068317568,873.577103520145,847.40407592168,818.454302784658,811.014369542569
360.001143264936,876.243599979819,849.473619704912,816.154974904248,808.284463757947
383.601218212304,878.876226742986,851.585889044365,813.82474052645,805.571108628374
407.201293159672,881.472908444303,853.739202556743,811.465451238594,802.876446956337
430.80136810704,884.03160916032,855.931848196891,809.078977983216,800.202597261946
454.401443054408,886.550334449814,858.162085137675,806.667209038645,797.551651618173
478.201518636923,889.04793846284,860.447497536033,804.211316565959,794.903532048957
501.801593584291,891.480525591534,862.747869616904,801.754506607478,792.30479203522
525.401668531659,893.867406098655,865.080441326374,799.27816614177,789.735070051203
549.001743479027,896.206770115202,867.443375552368,796.784232885829,787.196332164887
572.601818426395,898.496857816361,869.834815941966,794.274651977686,784.690508480184
596.201893373763,900.735960789348,872.252888803563,791.751374063046,782.219491517545
620.001968956278,902.940723065555,874.716507130317,789.194825602081,779.764666419776
643.602043903646,905.072476776283,877.182349356376,786.649943676997,777.369116278693
667.202118851014,907.148453568854,879.669107482315,784.097237637945,775.013802605491
690.802193798382,909.167302950985,882.174891331106,781.538605695034,772.700328897479
714.40226874575,911.127605919262,884.697776046037,778.975989209509,770.430363754706
738.002343693118,913.027982460113,887.23582650851,776.411331019517,768.205546699526
761.802419275633,914.882430459283,889.808774903674,773.824837054646,766.009217324437
785.402494223001,916.658509245396,892.371421928236,771.261919331515,763.879846568973
809.002569170369,918.370857752356,894.94339177178,768.702758327082,761.80027687248
832.602644117737,920.018328541991,897.52274091558,766.149260745222,759.771959391445
856.202719065105,921.599833079574,900.10752794844,763.603320449147,757.796296463715
879.802794012473,923.114341945945,902.695815188762,761.066817008335,755.874641009259
903.602869594989,924.57285073418,905.307619383449,758.520267851823,753.992719489987
927.202944542356,925.949929652283,907.897105586427,756.00833190793,752.183422048351
950.803019489725,927.257273387553,910.48430084005,753.511387293892,750.431899343574
974.403094437092,928.494090160256,913.067298013994,751.03124256353,748.739301557955
998.003169384461,929.659647316792,915.644201314929,748.569685347107,747.106727450907
1021.60324433183,930.753271150035,918.213127697582,746.128481155776,745.535224135617
1045.40331991434,931.782688203789,920.793847974929,743.688970654452,744.013263022831
1069.00339486171,932.730037107115,923.341122191625,741.293883917671,742.567373097098
1092.60346980908,933.603778721323,925.874844909208,738.924316924089,741.185391281665
1116.20354475645,934.403472841088,928.393197603538,736.581935352807,739.868156421614
1139.80361970382,935.128736604371,930.894381008271,734.268377394561,738.616455318428
1163.40369465118,935.779244055051,933.376616302923,731.985252799176,737.431022775767
1187.2037702337,936.359281385599,935.858913230584,729.71520600859,736.30335096675
1210.80384518107,936.858885213207,938.297805832876,727.497950067231,735.253027689564
1234.40392012843,937.283090349188,940.712533472868,725.315789876931,734.270871071691
1258.0039950758,937.631793943854,943.101410472335,723.170212381868,733.35740863593
1281.60407002317,937.904947427466,945.462776997178,721.062671878273,732.513116636862
1305.20414497054,938.102555914281,947.795000026806,718.99458928257,731.738420293444
1329.00422055305,938.22539036667,950.115842413953,716.950349828124,731.028021624456
1352.60429550042,938.271576600804,952.384729700309,714.965640956903,730.394116552031
1376.20437044779,938.242686433953,954.619766088112,713.024401312764,729.830660874749
1399.80444539516,938.138924531582,956.819435788053,711.127912417019,729.337885513217
1423.40452034253,937.960547584374,958.982254377111,709.27741878648,728.915970485218
1447.00459528989,937.707862226426,961.106769189686,707.474127959785,728.565046530523
1470.80467087241,937.378141314011,963.20905403065,705.704547778935,728.28312772
1494.40474581978,936.977333828029,965.252379736541,703.999559024226,728.074985572257
1518.00482076715,936.503434405757,967.253230087046,702.345178001897,727.93793465321
1541.60489571451,935.956942696301,969.210286781211,700.742459226445,727.871912187539
1565.20497066188,935.3384046616,971.122266643216,699.192417986865,727.876808204659
1588.80504560925,934.648411818491,972.987922199853,697.696029986903,727.952466006472
1612.40512055662,933.887600470027,974.806042227084,696.254231014246,728.09868265206
1636.20519613913,933.04931130656,976.59023583904,694.856407782958,728.317344071878
1659.8052710865,932.148362051086,978.309371496604,693.526914072222,728.604479105984
1683.40534603387,931.178770749867,979.977551303416,692.254581097487,728.961288734529
1707.00542098124,930.141345316458,981.593714219933,691.040181887557,729.38738984013
1730.6054959286,929.036934456828,983.156837743845,689.884448316352,729.882355726256
1754.20557087597,927.866426846384,984.665938280468,688.78807093554,730.445716692818
1778.00564645849,926.62000272169,986.132157145335,687.743174200124,731.082598672083
1801.60572140586,925.319583498215,987.529940995419,686.767931025998,731.781739743167
1825.20579635322,923.955973688488,988.870980653205,685.853871085805,732.547609510932
1848.80587130059,922.530213777162,990.15445165382,685.001518116066,733.379571939019
1872.40594624796,921.043379990495,991.379569889032,684.211354065583,734.276951064505
1896.00602119533,919.496583433685,992.545591819011,683.483819073324,735.239031647991
1919.80609677784,917.877114331036,993.660931973418,682.813950426412,736.274026010825
1943.40617172521,916.213377378684,994.706178766858,682.213365307365,737.36374172966
1967.00624667258,914.493221934973,995.690338712327,681.676481405268,738.51577700793
1990.60632161995,912.717890155262,996.612832526214,681.203571485216,739.729265905677
2014.20639656731,910.88865468034,997.473122194091,680.794866717707,741.003306617695
2037.80647151468,909.006817747149,998.270711042452,680.450556783015,742.336962182648
2061.6065470972,907.057112808603,999.011096703441,680.168695230924,743.741308087885
2085.20662204457,905.073676491821,999.681419107883,679.954126901757,745.191729515949
2108.80669699193,903.041725921119,1000.2877961372,679.804275218205,746.698742253694
2132.4067719393,900.962672982969,1000.82989712839,679.719164974123,748.261275697003
2156.00684688667,898.837954664704,1001.30743280619,679.69878027454,749.878227754472
2179.60692183404,896.66903215102,1001.7201552336,679.743064747712,751.548465600529
2203.40699741655,894.438468934094,1002.07052603002,679.853119859141,753.285642054772
2227.00707236392,892.185271088078,1002.3524901337,680.02695818161,755.059360308361
2250.60714731129,889.892401774043,1002.56914355965,680.265054397057,756.882778624846
2274.20722225866,887.561410080815,1002.72040321607,680.567192329604,758.754648655455
2297.80729720603,885.193864756266,1002.80622683517,680.933116622025,760.673695171405
2321.40737215339,882.79135330046,1002.82661282055,681.362533037709,762.6386168474
2345.20744773591,880.334700146341,1002.7809393517,681.859552004412,764.665302973747
2368.80752268328,877.866827413455,1002.67005400883,682.415446438935,766.718330785791
2392.40759763064,875.36886845039,1002.49396969752,683.033716602089,768.813169344145
2416.00767257801,872.842476831589,1002.25284601407,683.713915704306,770.948420655363
2439.60774752538,870.289320350851,1001.9468822367,684.455559782233,773.122664606696
2463.20782247275,867.711080119403,1001.57631708578,685.258128075125,775.334459768985
2487.00789805526,865.087306868783,1001.13746898635,686.128632712323,777.601544061388
2510.60797300263,862.463814782668,1000.6380327767,687.05184583284,779.884323019873
2534.20804795,859.820367769151,1000.07494859234,688.034198550676,782.200196271835
2557.80812289737,857.158691298466,999.44861059122,689.075026600435,784.547645046341
2581.40819784474,854.480519664393,998.759450981752,690.17363096534,786.92513330954
2605.0082727921,851.787595092298,998.00793970897,691.329278315867,789.331108579345
2628.80834837462,849.058684704585,997.187428543903,692.551710203553,791.784731000086
2652.40842332199,846.34142040332,996.312256030256,693.81957514839,794.243169032955
2676.00849826935,843.614683479783,995.376369881731,695.142074537226,796.725332514781
2699.60857321672,840.880239037839,994.38038793439,696.518342088731,799.229611237918
2723.20864816409,838.139855674586,993.324964022657,697.947479543999,801.754382647795
2746.80872311146,835.395304600005,992.210787600419,699.42855715923,804.298012665585
2770.60879869397,832.625074397516,991.028403601552,700.973812772097,806.880627409578
2794.20887364134,829.87751173779,989.798449483354,702.556276662555,809.457153568163
2817.80894858871,827.131130525877,988.5120310654,704.187693561081,812.047549036759
2841.40902353608,824.387705450616,987.16997726467,705.867011664002,814.650140193105
2865.00909848345,821.649007697799,985.773150223088,707.593150929116,817.263247513073
2888.60917343081,818.916805852653,984.322445222669,709.365002952107,819.885184882041
2912.40924901333,816.169821106258,982.805823850275,711.197012163162,822.536566400966
2936.0093239607,813.455994439372,981.249742663127,713.057216695524,825.17112225774
2959.60939890807,810.753959873317,979.642672170618,714.959634001991,827.809404299196
2983.20947385543,808.065466775787,977.985635867157,716.903047636264,830.449708441288
3006.8095488028,805.392257555617,976.279688034082,718.886215641102,833.090328211288
3030.40962375017,802.736066800708,974.525913240975,720.907871141381,835.729555587487
3054.00969869754,800.098620416944,972.725425836757,722.966722945828,838.365681840801
3077.80977428005,797.459549244542,970.863533493045,725.079357650615,841.019272231901
3101.40984922742,794.864925404139,968.972709271762,727.208921245532,843.644008918935
3125.00992417479,792.294177273751,967.038699210002,729.371656201254,846.260508052756
3148.60999912216,789.748987330625,965.062731707846,731.566180075793,848.867066558721
3172.21007406952,787.231025069136,963.046062237282,733.791089260533,851.461984902099
3195.81014901689,784.741946143959,960.989972768814,736.044959637287,854.043567943177
3219.61022459941,782.262691402814,958.877864651463,738.345794452534,856.63180725787
3243.21029954678,779.836565828737,956.746578239641,740.653450656924,859.181507369293
3266.81037449414,777.444212518804,954.579882437889,742.985666727734,861.712807541842
3290.41044944151,775.087223060175,952.379159447137,745.340943131124,864.22403888993
3314.01052438888,772.767170915919,950.145814919107,747.717763266592,866.713541246091
3337.61059933625,770.485610570936,947.881277311017,750.114594186241,869.179664032638
3361.41067491876,768.225256015671,945.567431276931,752.550430341208,871.641342868509
3385.01074986613,766.025620989887,943.244647569514,754.982758747294,874.055564757612
3408.6108248135,763.869031369462,940.895099078021,757.430394942778,876.441507998372
3432.21089976087,761.75695700353,938.520298935399,759.891747898481,878.797569262274
3455.81097470823,759.690844494434,936.121779649726,762.365214011929,881.122159220413
3479.4110496556,757.672116347921,933.70109237783,764.849177896695,883.4137034327
3503.21112523812,755.685688062818,931.23903382125,767.36317214117,885.689617553352
3526.81120018549,753.766326347721,928.778580624444,769.863296586941,887.910098106889
3550.41127513285,751.898474735972,926.300730971267,772.36899603659,890.092895019875
3574.01135008022,750.083450637787,923.807103185591,774.878616044465,892.2365025148
3597.61142502759,748.322543131533,921.299330379477,777.390494525185,894.339434196825
3621.21149997496,746.617012123884,918.779059636216,779.90296262041,896.40022395821
3645.01157555747,744.954358918018,916.226459570618,782.435619046085,898.434331483088
3668.61165050484,743.363734667744,913.686115416713,784.944206496548,900.406137309752
3692.21172545221,741.832093003139,911.138304310983,787.448330934012,902.33152192619
3715.81180039958,740.360568522794,908.584720817064,789.946305323609,904.209109660485
3739.41187534695,738.95026249254,906.027069135281,792.436440403109,906.037549683009
3763.01195029431,737.60224202626,903.4670621875,794.917045631908,907.815516919165
3786.81202587683,736.306925405339,900.884722559712,797.407304356745,909.556116858398
3810.4121008242,735.087085922631,898.325190717173,799.863661344048,911.228816025496
3834.01217577156,733.932528292582,895.768500011177,802.305404586727,912.847220439537
3857.61225071893,732.844174613094,893.216388797363,804.730848224606,914.410117428349
3881.2123256663,731.822908809671,890.670599314523,807.138310080336,915.916324644116
3904.81240061367,730.869575852707,888.132876667407,809.526112691097,917.364690972387
3928.61247619618,729.977780364346,885.58359177208,811.912543278645,918.76561699233
3952.21255114355,729.163280483365,883.067349833846,814.25581713539,920.094464260627
3975.81262609092,728.41901287817,880.564431619874,816.574424157403,921.362204985112
3999.41270103829,727.745658680783,878.076583172644,818.866716402994,922.567822322626
4023.01277598566,727.143856279958,875.605548052896,821.131056009851,923.710335172708
4046.61285093302,726.61420059565,873.153066222486,823.365816303863,924.788799065309
4070.41292651554,726.153681967815,870.700352752503,825.587919326276,925.81061601163
4094.01300146291,725.770549444001,868.290371272285,827.758406618922,926.757738070401
4117.61307641027,725.461084214301,865.904144527289,829.894499590054,927.638199474787
4141.21315135764,725.225699920947,863.543386523802,831.994627774132,928.451211374315
4164.81322630501,725.064763296309,861.209801841248,834.057237615762,929.196025896412
4188.41330125238,724.97859351964,858.905084424902,836.08079364235,929.871936989658
4212.21337683489,724.967688573943,856.611779082589,838.080406953702,930.483120690277
4235.81345178226,725.032455307332,854.370109510544,840.02096435827,931.018680885504
4259.41352672963,725.172656178519,852.162326923324,841.917969483493,931.483474014602
4283.013601677,725.388413637174,849.990070260518,843.76997127726,931.876969914973
4306.61367662437,725.679805492689,847.854962866335,845.575540542239,932.198679166513
4330.21375157173,726.046951426274,845.758630764202,847.333237852301,932.448077407443
4354.01382715425,726.493935587462,843.685422908261,849.055935475698,932.625925758754
4377.61390210162,727.013170731935,841.671763022021,850.713317545197,932.728882442727
4401.21397704898,727.607965597015,839.701602857497,852.318746488388,932.758448944222
4424.81405199635,728.278140923463,837.776466288438,853.870927527029,932.714372855765
4448.41412694372,729.023464236603,835.897852748565,855.368597065715,932.59645183987
4472.01420189109,729.843649439324,834.067235910818,856.810523920399,932.404534307362
4495.61427683846,730.73835643113,832.286062362672,858.195510545519,932.138520075326
4519.41435242097,731.715716729439,830.541307951835,859.533387501368,931.795161439227
4543.01442736834,732.758851559084,828.863694405632,860.800535049883,931.380233906526
4566.61450231571,733.875155953878,827.239699484642,862.00735471853,930.891224528941
4590.21457726308,735.064070083764,825.670647871536,863.152796045753,930.328245333639
4613.81465221044,736.324978642363,824.157830513601,864.235848287372,929.691462696116
4637.41472715781,737.657210649494,822.702503301669,865.255541606558,928.981097846585
4661.21480274033,739.072227141457,821.294304299253,866.21876764735,928.190473731579
4684.8148776877,740.545457776639,819.958090751773,867.108447166967,927.333213075069
4708.41495263506,742.087656101309,818.682921085224,867.932108484705,926.403371148873
4732.01502758243,743.697926732219,817.469897548434,868.688957422213,925.401393501105
4755.6151025298,745.37531819791,816.320080839058,869.378246455177,924.327782567813
4779.21517747717,747.118822984143,815.234488843985,869.999275804381,923.18309796417
4803.01525305968,748.942979169436,814.205729290033,870.55577725077,921.957359739326
4826.61532800705,750.816001240242,813.252027182396,871.037792679304,920.671848225696
4850.21540295442,752.751768820247,812.365341530539,871.449741655051,919.317293662316
4873.81547790179,754.749051196711,811.546506346322,871.791126223874,917.894486878077
4897.41555284915,756.806562604721,810.796306822373,872.061501236847,916.404276635772
4921.01562779652,758.922962594491,810.115478208475,872.26047526251,914.847569624066
4944.81570337904,761.115520867199,809.499829877621,872.388482338612,913.211305451702
4968.41577832641,763.345928764422,808.960345226783,872.443087916369,911.524014110819
4992.01585327377,765.630867458993,808.492131499929,872.425447375957,909.773302031556
5015.61592822114,767.968782280996,808.09571313615,872.335392947623,907.960306781756
5039.21600316851,770.358095153149,807.771565775841,872.172803615067,906.086198048667
5062.81607811588,772.79728252889,807.520133898178,871.937575418339,904.152108920223
5086.61615369839,775.30593295149,807.34058335459,871.626786847771,902.142196191403
5110.21622864576,777.840116897176,807.236237436679,871.245723834036,900.091609147356
5133.81630359313,780.418909906483,807.205521987182,870.792204881985,897.985119677169
5157.4163785405,783.040460240763,807.24862262073,870.266412927685,895.824197672455
5181.01645348786,785.70286946268,807.36566510082,869.668591781565,893.610366990701
5204.61652843523,788.404193693295,807.556714743328,868.999046414289,891.345204580722
5228.41660401775,791.16580249906,807.824338311197,868.251560582064,889.010514395505
5252.01667896512,793.939237130488,808.163980152773,867.439128213059,886.647227156546
5275.61675391248,796.745478743849,808.577456160653,866.55625964575,884.237662292319
5299.21682885985,799.582415835299,809.064584693608,865.603506359944,881.783598876461
5322.81690380722,802.44789919251,809.625121696992,864.581481267627,879.286863249321
5346.41697875459,805.339743730693,810.258760532638,863.490858518727,876.749327557586
5370.2170543371,808.280538923411,810.971427695206,862.322267790901,874.150913548652
5393.81712928447,811.218592652669,811.750710266751,861.096150842175,871.537265058774
5417.41720423184,814.176237429874,812.601794300485,859.80383035904,868.888708795942
5441.01727917921,817.151164732756,813.524122215067,858.44622223224,866.207283856526
5464.61735412658,820.141040787669,814.517074228247,857.024301274829,863.495066337945
5488.21742907394,823.143508958721,815.579968690866,855.539100485067,860.754167293125
5512.01750465646,826.181760243459,816.721949969819,853.978334233618,857.963170541386
5535.61757960383,829.202319712559,817.923015129082,852.369389025618,855.171173569468
5559.2176545512,832.228268816445,819.191603675061,850.700613762922,852.357034966254
5582.81772949856,835.257184818777,820.526791100484,848.973265434617,849.522983624779
5606.41780444593,838.286635207039,821.927594038262,847.188654150933,846.671271881113
5630.0178793933,841.31418048814,823.392971127521,845.348141866467,843.804172996359
5653.81795497581,844.362971760536,824.935048327303,843.436852996914,840.899520783146
5677.41802992318,847.379306646347,826.526745566416,841.488382067995,838.008456633503
5701.01810487055,850.386444528057,828.179558174517,839.48838250533,835.108891309568
5724.61817981792,853.382059694678,829.892250629557,837.438364407663,832.203055553109
5748.21825476529,856.363722052786,831.663511410763,835.339923603881,829.293285564757
5771.81832971265,859.329011297388,833.491977840855,833.19469849236,826.381923118698
5795.61840529517,862.300403169363,835.392440040831,830.985618493676,823.446656329558
5819.21848024254,865.225549502345,837.331486180541,828.751541895109,820.539178252002
5842.81855518991,868.127129705338,839.323344287828,826.475849850656,817.637157554599
5866.41863013727,871.002791865345,841.366461344488,824.160333860303,814.742929874596
5890.01870508464,873.850208279312,843.459240884748,821.806818766031,811.858822401486
5913.61878003201,876.667078231538,845.600044726377,819.417160724475,808.987151147179
5937.21885497938,879.451130714251,847.787194753193,816.993245145383,806.130218249269
5961.01893056189,882.223267530448,850.038073858307,814.516036143951,803.266321535964
5984.61900550926,884.934679014429,852.313087141633,812.029118913981,800.44587613962
6008.21908045663,887.606646244593,854.629175876969,809.513771586204,797.646984884108
6031.819155404,890.237043181076,856.984520642142,806.971975639902,794.87186816062
6055.41923035136,892.823785987016,859.377271622791,804.405731158109,792.122719745414
6079.01930529873,895.364835249276,861.805550607274,801.817054674231,789.401704457095
6102.81938088125,897.879118917009,864.288454757445,799.185784852963,786.688288309427
6126.41945582862,900.322422254121,866.782311897736,796.558202205482,784.030189846456
6150.01953077598,902.714185134016,869.305895602077,793.91433183475,781.406540373304
6173.61960572335,905.052566341673,871.857234164268,791.256234732961,778.81936680938
6197.21968067072,907.335778556218,874.434337664555,788.585977698236,776.270656686607
6220.81975561809,909.562089890749,877.035200010284,785.905631268462,773.762356352762
6244.6198312006,911.747940976832,879.680113487976,783.194456611436,771.275657243436
6268.21990614797,913.854966752995,882.322578998211,780.500106275293,768.854224571112
6291.81998109534,915.900229237551,884.982690967196,777.80189791131,766.478792341673
6315.42005604271,917.882231781585,887.658398756084,775.101896936274,764.151125822233
6339.02013099008,919.799540663722,890.347645960105,772.402162032865,761.872940231377
6362.62020593744,921.650899911365,893.048399448841,769.70469836408,759.645799066695
6386.42028151996,923.449892756111,895.781616676832,766.988720407808,757.453061554614
6410.02035646733,925.165024857556,898.499286308519,764.301917071497,755.33315744792
6433.62043141469,926.810514895421,901.222280637703,761.623458315859,753.268947630268
6457.22050636206,928.385241122191,903.948543923044,758.955343963511,751.261891512556
6480.82058130943,929.888145843284,906.676025249793,756.299557664174,749.313394755243
6504.4206562568,931.318235660924,909.402680277597,753.658065326065,747.424808610143
6528.22073183931,932.685758446165,912.149537904669,751.01064062439,745.582208217628
6551.82080678668,933.966860360894,914.868392074373,748.403717537872,743.817810976063
6575.42088173405,935.172547592939,917.580326270293,745.81688076959,742.117056082491
6599.02095668142,936.302085208814,920.283339290798,743.252010349102,740.481071689635
6622.62103162879,937.354802546049,922.97544468463,740.710961445754,738.910929417447
6646.22110657615,938.330092988899,925.65467226129,738.195563094871,737.407644140342
6670.02118215867,939.234683497205,928.341580279629,735.686655085532,735.960301239205
6693.62125710604,940.052888304226,930.989063724643,733.22818949658,734.594132927007
6717.2213320534,940.792224226932,933.617854697767,730.800707394097,733.297531458788
6740.82140700077,941.45233792489,936.226062499948,728.405921237137,732.071283317186
6764.42148194814,942.032938116113,938.811819618821,726.045511690481,730.916118048578
6788.02155689551,942.533795034826,941.37328298301,723.721126633923,729.832708377471
6811.82163247802,942.957965345055,943.930004488909,721.415166390422,728.81341314523
6835.42170742539,943.298211105132,946.43721088115,719.167977133493,727.875926679145
6859.02178237276,943.558387229063,948.9147380395,716.961562986398,727.011878864639
6882.62185732013,943.738504338519,951.36085259987,714.79743135394,726.221716646931
6906.2219322675,943.838631316425,953.773851283938,712.677052551408,725.505831329906
6929.82200721486,943.85889456935,956.152061901069,710.601859070797,724.864558916271
6953.62208279738,943.798633884032,958.513529636511,708.556256187852,724.29370138363
6977.22215774475,943.659103122544,960.816947558899,706.575988001064,723.803080885798
7000.82223269211,943.440428009363,963.080743593175,704.644979901739,723.387754562513
7024.42230763948,943.142989070585,965.303386922417,702.7644938866,723.047812942283
7048.02238258685,942.767289368127,967.483399824085,700.93572283873,722.783232178122
7071.62245753422,942.313782068613,969.619318040315,699.15985702511,722.594025978608
7095.42253311673,941.778139197261,971.727229664529,697.423689705931,722.479517581223
7119.0226080641,941.169917747979,973.770306903811,695.757516240387,722.441545294434
7142.62268301147,940.485544478252,975.765105707227,694.147581736536,722.478690693285
7166.22275795884,939.72566985696,977.710312379863,692.59490860414,722.590766127827
7189.82283290621,938.890992787112,979.604652635826,691.100475896633,722.777533892687
7213.42290785357,937.982259695334,981.446892152864,689.665218999827,723.038706825791
7237.22298343609,936.991630910797,983.250766576934,688.27863433767,723.377105406086
7260.82305838346,935.93660048475,984.984797842212,686.964878902755,723.786655130155
7284.42313333083,934.810036881856,986.663260972141,685.712847408316,724.26945417892
7308.02320827819,933.612867694535,988.285086716296,684.523297710511,724.825023492532
7331.62328322556,932.346063341152,989.849248055257,683.396942908952,725.452837799956
7355.22335817293,931.010636105156,991.354760555507,682.334451218697,726.152326311509
7378.8234331203,929.60763916791,992.800682693148,681.336445870521,726.922873424788
7402.62350870281,928.125431614021,994.197596151912,680.395878351201,727.771244952108
7426.22358365018,926.590064719218,995.521162678439,679.529093169775,728.682474332888
7449.82365859755,924.990533373367,996.782567824111,678.728397473457,729.662647381218
7473.42373354492,923.328044877505,997.981044711662,677.994233720351,730.710976200277
7497.02380849228,921.603842508213,999.115870547337,677.326999288496,731.826631798625
7520.62388343965,919.819204522223,1000.18636677024,676.727046532955,733.008744865376
7544.42395902217,917.959569241179,1001.20014131391,676.190460914801,734.2672573777
7568.02403396954,916.057545911904,1002.13956221474,675.72652492172,735.580063412883
7591.6241089169,914.099133422094,1003.01287988154,675.330660114068,736.956476450821
7615.22418386427,912.085740194694,1003.81959402849,675.003039418225,738.395473531659
7638.82425881164,910.018804606594,1004.55924895909,674.743791371124,739.895995395992
7662.42433375901,907.899793979542,1005.23143356358,674.553000311812,741.456947311652
7686.22440934152,905.711605409364,1005.84061205083,674.429962929681,743.091180961138
7709.82448428889,903.492548235038,1006.37622200237,674.376743468244,744.770058692795
7733.42455923626,901.225994779597,1006.84339328619,674.391970457631,746.505867537795
7757.02463418363,898.913518245137,1007.24189303489,674.47555339185,748.297379005619
7780.624709131,896.556715716345,1007.57153261877,674.627358819174,750.1433333703
7804.22478407836,894.157207150421,1007.83216751332,674.84721064646,752.042440532689
7828.02485966088,891.695780814581,1008.02502478585,675.137617551773,754.010131936261
7851.62493460825,889.215479742659,1008.14680613296,675.493436330022,756.011979238776
7875.22500955561,886.697473995996,1008.19941230757,675.916517934967,758.062923712427
7898.82508450298,884.143465099661,1008.1828738654,676.406518729593,760.161562247205
7922.42515945035,881.555172412208,1008.09726452109,676.963054200632,762.306465737879
7946.02523439772,878.934332125431,1007.94270090671,677.585699355406,764.496179967412
7969.82530998023,876.260098225447,1007.71715601707,678.280101192926,766.748331502971
7993.4253849276,873.579195247062,1007.42462380715,679.034080648768,769.023556555985
8017.02545987497,870.871059428043,1007.06374431684,679.852651327626,771.339074881998
8040.62553482234,868.13748444903,1006.6348034679,680.735230225973,773.693340513397
8064.22560976971,865.380275856189,1006.13812865504,681.681196043749,776.084786823974
8087.82568471707,862.60125007902,1005.57408841399,682.689889656086,778.511827421873
8111.62576029959,859.778432791513,1004.93745979095,683.769951536319,780.993853836768
8135.22583524696,856.961114583029,1004.23939554793,684.902490724991,783.487516540285
8158.82591019432,854.127499662679,1003.47531913101,686.095551588519,786.01189072906
8182.42598514169,851.279438299472,1002.64576039048,687.348328333248,788.565319755946
8206.02606008906,848.418786782279,1001.75128845954,688.659979861724,791.146131687257
8229.62613503643,845.547406460565,1000.79251134688,690.029630305316,793.752640197237
8253.42621061894,842.642721413652,999.761140712651,691.468701852039,796.405535532185
8277.02628556631,839.755431716034,998.675200012377,692.952057830039,799.058506623291
8300.62636051368,836.863033955049,997.527013444754,694.490573532596,801.732023244958
8324.22643546105,833.967400217754,996.317340535497,696.083239237247,804.424350353615
8347.82651040842,831.070402908548,995.046977479424,697.729013249915,807.133742988039
8371.42658535578,828.173913814344,993.716756668506,699.426822488749,809.858447161173
8395.2266609383,825.255292321586,992.315523725055,701.190597327786,812.61995913239
8418.82673588567,822.36547185527,990.867738652203,702.989552268435,815.370085025132
8442.42681083304,819.48177775404,989.362813411153,704.837130833107,818.130200176381
8466.0268857804,816.606070093542,987.801720568445,706.73214011512,820.898523298882
8489.62696072777,813.740212947,986.185468524097,708.673355308034,823.673260360345
8513.22703567514,810.886061035523,984.515098277515,710.659524900446,826.452616486662
8537.02711125765,808.021446095829,982.776853394275,712.706757625609,829.25838413131
8560.62718620502,805.196359545401,981.001060451527,714.779334096453,832.041600489616
8584.22726115239,802.388493714684,979.174471762801,716.892945933316,834.824038655563
8607.82733609976,799.599663614557,977.298254474442,719.046239221027,837.603903109268
8631.42741104713,796.831673606088,975.373606095668,721.237835588555,840.379399081706
8655.02748599449,794.086316509172,973.401753912174,723.466332883895,843.148733441484
8678.82756157701,791.342423256553,971.366661708478,725.749639536947,845.93347802809
8702.42763652438,788.647889217837,969.303826966558,728.047922653354,848.685030590335
8726.02771147174,785.981303226694,967.197654172452,730.37875187839,851.425045752035
8749.62778641911,783.344402952957,965.049483889805,732.740636666534,854.15174584992
8773.22786136648,780.738910105144,962.860683375729,735.132066190136,856.863359302114
8796.82793631385,778.166529556217,960.632645935262,737.551510062562,859.558121496483
8820.42801126122,775.628948471917,958.366790265462,739.997419069875,862.234275679581
8844.22808684373,773.106800135889,956.044898105979,742.489266824126,864.912488644629
8867.8281617911,770.64413432306,953.707470807211,744.983577610946,867.545997788842
8891.42823673847,768.22122826499,951.336639736456,747.49958673703,870.155670118049
8915.02831168584,765.839689449763,948.933918575536,750.035677041948,872.739789317695
8938.62838663321,763.501103330659,946.500842950917,752.590216337082,875.296651395349
8962.22846158057,761.20703246966,944.038969711529,755.161558192327,877.824565574513
8986.02853716309,758.940165841773,941.528670419638,757.770022024622,880.342883031065
9009.62861211045,756.740126870351,939.013743439013,760.370083709282,882.807605754402
9033.22868705782,754.589157474976,936.474823099061,762.981916908598,885.238382621098
9056.82876200519,752.488719913776,933.913543827931,765.60382620382,887.633584821653
9080.42883695256,750.440249304248,931.33155747672,768.234106026949,889.991601253287
9104.02891189993,748.445152783599,928.730532522747,770.87104150951,892.310839419238
9127.82898748244,746.488602925815,926.089894297608,773.535314182825,894.608862044234
9151.42906242981,744.604841004377,923.45573464455,776.180403201764,896.845483421895
9175.02913737718,742.778509393933,920.80764798971,778.826941374089,899.038656799738
9198.62921232455,741.010894713596,918.147361189042,781.473185293982,901.186873303166
9222.22928727192,739.303251450189,915.476613530669,784.117386674697,903.288647176437
9245.82936221928,737.656801141577,912.797155855283,786.757793265665,905.342516684444
9269.6294378018,736.059577135569,910.087958876297,789.41495033079,907.363817642567
9293.22951274917,734.539584750576,907.396339133836,792.042429950592,909.317157747997
9316.82958769653,733.084253467271,904.701337317973,794.660828689971,911.218349805724
9340.4296626439,731.694664652155,902.004741454186,797.268387854387,913.066037411231
9364.02973759127,730.371862711735,899.308346493795,799.863349558142,914.858892689035
9387.62981253864,729.116854310232,896.613953345049,802.443957713455,916.595617189193
9411.42988812115,727.920851174003,893.900587763682,805.030118257739,918.288925516586
9435.02996306852,726.804889459099,891.215675203917,807.576604474632,919.909113175732
9458.63003801589,725.759514469145,888.538208376442,810.103474976874,921.469450122658
9482.23011296326,724.785573878866,885.870002034386,812.60899105335,922.968764811852
9505.83018791063,723.883873821146,883.212871805003,815.091420924482,924.405919575045
9529.43026285799,723.055178155834,880.56863312894,817.549040802405,925.779811499276
9553.23033844051,722.294126705887,877.916884032939,820.000620234244,927.10019341106
9576.83041338788,721.614192016452,875.30401635734,822.403239613729,928.343836096511
9600.43048833525,721.009297680468,872.709489911352,824.775922057946,929.521116185389
9624.03056328261,720.480030987781,870.135108438095,827.116986680107,930.63107879097
9647.63063822998,720.026933463504,867.582669957092,829.424766060479,931.67280809698
9671.23071317735,719.650500209522,865.053965615344,831.697607370558,932.645428198521
9695.03078875986,719.34897333776,862.529679196874,833.952663973933,933.55545254272
9718.63086370723,719.127823491966,860.054022089756,836.150404137089,934.386787575094
9742.2309386546,718.984541094459,857.607434530731,838.308333174599,935.146627253311
9765.83101360197,718.919428852825,855.191668313538,840.424868213976,935.834263918787
9789.43108854934,718.932739986021,852.808462405158,842.498446736841,936.449033896013
9813.0311634967,719.024677664065,850.459541720162,844.527527752323,936.990318272433
9836.83123907922,719.197178184862,848.127173486707,846.527197686828,937.461185192954
9860.43131402659,719.447444346432,845.852262163053,848.462343784552,937.853190299593
9884.03138897396,719.776641157482,843.616728191872,850.348498048164,938.170125381302
9907.63146392132,720.184765939028,841.422227643927,852.184217670956,938.411558514609
9931.23153886869,720.671763459951,839.270396246367,853.968087328634,938.57710623501
9954.83161381606,721.237525503584,837.162848101188,855.698720378354,938.666434226899
9978.63168939857,721.887686486207,835.083903117257,857.38872668179,938.679039048145
10002.2317643459,722.611161997579,833.070092670828,859.008345120136,938.61442101679
10025.8318392933,723.412893145363,831.105310678476,860.570685740062,938.472757055326
10049.4319142407,724.292562986627,829.191076390305,862.074483378086,938.253908922485
10073.031989188,725.249801356356,827.328881492241,863.518506723403,937.957789325044
10096.6320641354,726.284183233054,825.52018847545,864.901560101497,937.584363627875
10120.4321397179,727.404970189868,823.751805728895,866.23341022947,937.129500735028
10144.0322146653,728.592785893338,822.054863902524,867.49054449604,936.600918520126
10167.6322896127,729.856132993213,820.415634589538,868.68333854136,935.995249149871
10191.23236456,731.194364110624,818.835450109097,869.810751476612,935.312674513971
10214.8324395074,732.606775958019,817.315607042202,870.871783958556,934.553431727795
10238.4325144548,734.092609228957,815.857364936709,871.865479340696,933.717813560194
10262.0325894021,735.651048522017,814.461945019,872.790924812304,932.806168831601
10285.8326649847,737.295341253617,813.119522520495,873.65421180023,931.810214255962
10309.432739932,738.996917773215,811.853807808227,874.440003887295,930.747154068529
10333.0328148794,740.768308742718,810.654345409727,875.155075460707,929.6094582381
10356.6328898268,742.608473874583,809.522190196929,875.798700556857,928.397703612242
10380.2329647741,744.516316966409,808.458352423459,876.370202512228,927.112524583112
10403.8330397215,746.490686059523,807.463796510466,876.868954993961,925.754613273803
10427.633115304,748.547934675422,806.53190881665,877.297673465174,924.312296616775
10451.2331902514,750.652215223929,805.679226449815,877.648626421636,922.810629167412
10474.8332651987,752.819222225748,804.898439095278,877.925259065931,921.23866100862
10498.4333401461,755.047582743836,804.190315672599,878.127156632729,919.597316681645
10522.0334150935,757.335869590202,803.555573508715,878.25395943584,917.887578725653
10545.6334900408,759.682601782472,802.99487726674,878.305363718264,916.110487582658
10569.4335656234,762.106853604965,802.505039582789,878.280593198213,914.251240015226
10593.0336405707,764.566282908759,802.094852971739,878.179873590552,912.342248042817
10616.6337155181,767.079383167994,801.760384065029,878.003186818405,910.369380361545
10640.2337904655,769.644463529754,801.502076340345,877.750461043867,908.333907420282
10663.8338654128,772.25978253679,801.320315768523,877.421683991034,906.237156218477
10687.4339403602,774.923548961243,801.215429968139,877.016903528405,904.080509843266
10711.2340159427,777.657088764895,801.187783237021,876.531829657871,901.846386717017
10734.8340908901,780.412676835571,801.238076573693,875.974740480601,899.573735940699
10758.4341658375,783.211210944145,801.365913803669,875.342088832053,897.24552607902
10782.0342407848,786.050711982974,801.571385679525,874.634164149615,894.863356225931
10805.6343157322,788.929156663707,801.854521221074,873.851317867337,892.428877917981
10829.2343906796,791.84447779526,802.215286948206,872.993964087446,889.943795053334
10853.0344662621,794.819708799429,802.657631695171,872.054371827375,887.388185315394
10876.6345412094,797.80267950416,803.173959804047,871.048876547596,884.806818746104
10900.2346161568,800.816056743335,803.767435903318,869.970498893854,882.18027929203
10923.8346911042,803.857611671104,804.437771722577,868.819905218099,879.510470108774
10947.4347660515,806.925079151369,805.184614713046,867.5978246718,876.799340938532
10971.0348409989,810.016159554225,806.007547908554,866.30504899186,874.048886674175
10994.8349165814,813.154980784018,806.914026201305,864.930588733589,871.237367494876
11018.4349915288,816.286409844983,807.888264619062,863.498466735993,868.414131217342
11042.0350664762,819.434344945136,808.936950176076,861.998405447903,865.557827765523
11065.6351414235,822.596368074807,810.059407882734,860.431443597967,862.670616668731
11089.2352163709,825.770037108819,811.254898841086,858.798680118707,859.754693968525
11112.8352913183,828.952888145588,812.522620599779,857.101273400256,856.812290208944
11136.6353669008,832.16948949602,813.873358138001,855.325250712538,853.820430523281
11160.2354418482,835.363262776082,815.283475011179,853.501745135724,850.83170776896
11183.8355167955,838.558698954979,816.763030224227,851.61743091599,847.823400934406
11207.4355917429,841.753271942545,818.310971908212,849.673695439216,844.797856899041
11231.0356666903,844.944446764268,819.926187749299,847.671980431257,841.757445666103
11254.6357416376,848.129682337733,821.607505877321,845.613780664803,838.704557854724
11278.4358172201,851.33331239644,823.36876762865,843.482504399731,835.615608775669
11302.0358921675,854.498931663187,825.179074648047,841.315579550003,832.544954809008
11325.6359671149,857.650958792538,827.051609582784,839.096972461309,829.469114460287
11349.2360420622,860.786857065489,828.984972514807,836.828375843988,826.39053454986
11372.8361170096,863.904115441955,830.977713601917,834.511521035498,823.311654028518
11396.436191957,867.000349899845,833.028357930255,832.148137487507,820.234814346998
11420.2362675395,870.099014918451,835.153449934408,829.719442723102,817.136441885857
11443.8363424869,873.145530011593,837.315659990058,827.268127789751,814.071084623793
11467.4364174342,876.163573162058,839.530958978942,824.775867923227,811.015136545671
11491.0364923816,879.15070266783,841.797650153906,822.244596781711,807.971044419771
11514.636567329,882.104502437905,844.113992266779,819.676282022542,804.941245693942
11538.2366422763,885.022584887731,846.478201370254,817.072923190944,801.928165650688
11562.0367178588,887.926831281283,848.909069978329,814.414072204382,798.908930716987
11585.6367928062,890.766092411257,851.363866098448,811.746487119765,795.936693687637
11609.2368677536,893.562653543873,853.860923770542,809.050043962705,792.988370119749
11632.836942701,896.314269405154,856.398307069775,806.326848145002,790.066308524184
11656.4370176483,899.018736889111,858.97404717563,803.579025870363,787.172831482065
11680.0370925957,901.673897559389,861.586144452541,800.808721853753,784.310233049466
11703.6371675431,904.277640058196,864.232570560323,798.0180970321,781.48077623027
11727.4372431256,906.849280488818,866.934103417778,795.185451836611,778.663169281172
11751.0373180729,909.343573632187,869.643244980868,792.360595765537,775.906975921853
11774.6373930203,911.780403222527,872.380461676355,789.521994765675,773.190520857224
11798.2374679677,914.15786871831,875.143631713889,786.671851835068,770.51591884262
11821.837542915,916.474127121791,877.930615445237,783.8123747854,767.885242162606
11845.4376178624,918.727394717386,880.739257551532,780.945774010958,765.300518633218
11869.2376934449,920.934214424191,883.591433497415,778.049910749528,762.742441895455
11892.8377683923,923.055824925159,886.437011971629,775.175679559906,760.255951600386
11916.4378433397,925.109451421047,889.297692047838,772.300968095927,757.821228414012
11940.037918287,927.093562759719,892.171277412043,769.427975297135,755.440103946315
11963.6379932344,929.00669388597,895.055566896673,766.558891984947,753.114356919399
11987.2380681818,930.847446822196,897.948356585127,763.695898845219,750.845711812281
12011.0381437643,932.629147852549,900.872031006742,760.817013258845,748.617365660032
12034.6382187117,934.320637515325,903.775246948329,757.97276798234,746.468344654624
12058.238293659,935.93613606151,906.680381205506,755.141020492557,744.381114975129
12081.8383686064,937.474521610924,909.585243432866,752.323888135736,742.35717123979
12105.4384435538,938.93473963831,912.487650000162,749.523469750527,740.397951186852
12129.0385185011,940.315805487918,915.385426270826,746.741843282736,738.504832947198
12152.8385940836,941.6274853156,918.300873091851,743.957762640848,736.663954168333
12176.438669031,942.846883874609,921.182825040511,741.220064663932,734.907519781101
12200.0387439784,943.984590418112,924.053676949765,738.507267854922,733.220968072435
12223.6388189257,945.039901226327,926.911308375703,735.821350445633,731.605432766444
12247.2388938731,946.012182502834,929.753616721981,733.164262051466,730.061985611959
12270.8389688205,946.900870141698,932.578518876966,730.537922288686,728.591636143622
12294.639044403,947.71192746361,935.407638624832,727.922383710982,727.183817411015
12318.2391193504,948.431294811341,938.191373988871,725.363473625164,725.86308090907
12341.8391942977,949.065788168916,940.951569425534,722.840893316552,724.618102820717
12365.4392692451,949.615118984935,943.686235407014,720.356429376596,723.449642343405
12389.0393441925,950.079066178676,946.393409372045,717.911832295896,722.358396313908
12412.6394191398,950.457475517581,949.071157074197,715.508815406516,721.344999363882
12436.4394947223,950.752374153153,951.739861876531,713.12924544436,720.402437226773
12460.0395696697,950.958783323577,954.352784711419,710.814762634038,719.547065533665
12483.6396446171,951.07958671118,956.930645720597,708.546780606872,718.771079471245
12507.2397195645,951.114890848564,959.471636716615,706.32685415657,718.074866913334
12530.8397945118,951.064865323623,961.973983852334,704.156496382335,717.458755050302
12554.4398694592,950.9297419122,964.435948680803,702.037177928783,716.923010820367
12578.2399450417,950.707588463806,966.876152006268,699.953038770838,716.464328785762
12601.8400199891,950.402494839886,969.251905741389,697.940499695584,716.090566553168
12625.4400949364,950.013366437065,971.582270515007,695.983161391456,715.797616603276
12649.0401698838,949.540675053383,973.865659490005,694.082317609913,715.585509377665
12672.6402448312,948.984949940944,976.100525846659,692.239216517146,715.454217725518
12696.2403197785,948.346781817795,978.285364769725,690.455058242008,715.40365306645
12720.0403953611,947.620464185332,980.436591556142,688.716607487039,715.434183352056
12743.6404703084,946.818932794008,982.516628129902,687.054184832573,715.545072476152
12767.2405452558,945.937170155294,984.542394138401,685.453986981145,715.735991331064
12790.8406202032,944.975970202277,986.51255510504,683.917027730808,716.006640081596
12814.4406951505,943.93617826198,988.425820521796,682.4442729956,716.356665217563
12838.0407700979,942.818689980593,990.280944396534,681.03664053115,716.785660289209
12861.8408456804,941.614004402196,992.091687328686,679.683914234099,717.29780162801
12885.4409206278,940.343368609491,993.826453216298,678.409655349887,717.88396792458
12909.0409955751,938.998023509286,995.499602382603,677.202987153192,718.547569773922
12932.6410705225,937.579055534302,997.110072011028,676.064632290915,719.287996203382
12956.2411454699,936.087595950037,998.65684597579,674.995264390897,720.104587216418
12979.8412204173,934.52481973848,1000.13895516638,673.995507989517,720.996634620378
13003.6412959998,932.877810576656,1001.56719940681,673.058362245843,721.971892598991
13027.2413709471,931.175517417065,1002.91669436623,672.200107282241,723.013162343748
13050.8414458945,929.405694819262,1004.19889523929,671.413046451838,724.127475823658
13074.4415208419,927.569681701658,1005.41302394315,670.697607399465,725.313940222004
13098.0415957892,925.668855042826,1006.55835052624,670.054168771001,726.57161885996
13121.6416707366,923.704628743137,1007.63419329452,669.483060317398,727.899532094823
13145.241745684,921.678452484592,1008.63991890747,668.984563025424,729.296658227759
13169.0418212665,919.573873120869,1009.58256267961,668.555613874575,730.774640106433
13192.6418962139,917.427790430394,1010.44574180681,668.203607143434,732.307526674704
13216.2419711612,915.224323370113,1011.23719046899,667.924764587006,733.906308070102
13239.8420461086,912.965053586673,1011.95646952782,667.719173546091,735.569803296473
13263.442121056,910.651592786709,1012.60318824789,667.586873628631,737.296793971541
13287.0421960033,908.28558159514,1013.17700422558,667.527856985736,739.086025280279
13310.8422715858,905.847993671133,1013.68155230437,667.542501707423,740.952143126435
13334.4423465332,903.381504021518,1014.1081050954,667.630458896118,742.862449870931
13358.0424214806,900.867562653865,1014.46101536463,667.791392698193,744.831012173085
13381.642496428,898.307914679386,1014.7401332349,668.025108231558,746.856438857093
13405.2425713753,895.704328433953,1014.94535643923,668.331364852199,748.937307166657
13428.8426463227,893.058594348611,1015.07663010864,668.709876550223,751.072163746002
13452.6427219052,890.349593373554,1015.13411631653,669.164435919316,753.278282649824
13476.2427968526,887.624699218738,1015.11688859184,669.687024977779,755.517063836923
13499.8428717999,884.86316559764,1015.02582960569,670.280739367429,757.805286322538
13523.4429467473,882.066860239953,1014.86107193953,670.945115551269,760.141383995424
13547.0430216947,879.237667367406,1014.62279420638,671.679646863006,762.523765095332
13570.643096642,876.377486587689,1014.31122072184,672.483783999889,764.950813206123
13594.4431722246,873.463627848291,1013.9230506531,673.364628249157,767.44200021026
13618.0432471719,870.547004331171,1013.46512494889,674.306737810043,769.953782816319
13641.6433221193,867.605189540413,1012.9348503441,675.316548717924,772.505230824813
13665.2433970667,864.640133754425,1012.33263071066,676.393345984249,775.094638965576
13688.843472014,861.653797173956,1011.65891372677,677.536374653029,777.720282290907
13712.4435469614,858.648148847717,1010.91419045245,678.744840370244,780.380417168368
13736.2436225439,855.599478696574,1010.09178693146,680.028972288701,783.096237950729
13759.8436974913,852.561022476568,1009.20610582454,681.366310635608,785.820309917202
13783.4437724386,849.50922096786,1008.25115286597,682.766464575502,788.573525076205
13807.043847386,846.446068020116,1007.22758847481,684.228487760142,791.354074840524
13830.6439223334,843.373561039876,1006.13611412394,685.751397453185,794.160136891374
13854.2439972808,840.293699952691,1004.97747183786,687.334175160003,796.989876162237
13878.0440728633,837.182323146152,1003.74178072706,688.989927300645,799.865699643575
13901.6441478106,834.093738703051,1002.45063626356,690.689730178795,802.737403364706
13925.244222758,831.003821714767,1001.09479551259,692.446127815252,805.627196561973
13948.8442977054,827.91457191291,999.675157780345,694.257964873987,808.533202902947
13972.4443726527,824.82798644502,998.192660242016,696.124053541897,811.45353820217
13996.0444476001,821.746058874602,996.648277374872,698.043174207494,814.38631139136
14019.8445231826,818.644750568768,995.029159352352,700.030996333461,817.354608432286
14043.44459813,815.57818178083,993.363573144761,702.052820810997,820.306626573936
14067.0446730774,812.522236892468,991.639252363278,704.123823323839,823.2653616031
14090.6447480247,809.478885187115,989.857315122911,706.24266375598,826.228904551854
14114.2448229721,806.450087448271,988.018913856427,708.407973700093,829.195344391956
14137.8448979195,803.437794995908,986.125234690689,710.618357178483,832.162768990482
14161.644973502,800.418665629389,984.160764068968,712.89167418054,835.154392778741
14185.2450484493,797.445395102501,982.159781542424,715.188254072855,838.118001681175
14208.8451233967,794.494449107691,980.107290275767,717.525542521581,841.076831968287
14232.4451983441,791.567731562133,978.004605369031,719.902040081753,844.028976460975
14256.0452732915,788.667132201365,975.853072363799,722.316223440942,846.97253160718
14279.6453482388,785.794525640975,973.654066564133,724.766546183097,849.905598432016
14303.4454238213,782.927812147215,971.38977351771,727.272641167194,852.85097673375
14327.0454987687,780.117026335653,969.099691586707,729.79078749711,855.757264038202
14350.6455737161,777.339772598115,966.766446937116,732.340289312906,858.647387066122
14374.2456486634,774.597855702616,964.391527198949,734.919515365472,861.519474618372
14397.8457236108,771.893060711871,961.976446238142,737.526815217759,864.371664768981
14421.4457985582,769.22715208223,959.522743424582,740.160520048132,867.20210579823
14445.2458741407,766.579803193105,957.010720922278,742.841573239602,870.032637956536
14468.8459490881,763.997239935254,954.484197075187,745.523199806694,872.813847880977
14492.4460240354,761.458738109615,951.923828797659,748.226108091971,875.567808746832
14516.0460989828,758.965970619806,949.331250149168,750.948563796576,878.292719087565
14539.6461739302,756.520585318914,946.70811687985,753.688818376315,880.986792298315
14563.2462488775,754.124204135687,944.056105638483,756.445109892365,883.648257562299
14586.8463238249,751.778422205269,941.376913169804,759.215663870447,886.275360776259
14610.6463994074,749.465596929575,938.649230804825,762.022327351457,888.888163957623
14634.2464743548,747.226149042472,935.920648775744,764.816119832657,891.441024473747
14657.8465493021,745.041929092825,933.170103059315,767.618769511184,893.954355844709
14681.4466242495,742.914416180718,930.399362675043,770.428460466196,896.426480234555
14705.0466991969,740.845058328767,927.610212550166,773.243368678561,898.85574114212
14728.6467741443,738.835271641485,924.804452648361,776.06166294477,901.240504320711
14752.4468497268,736.870188299324,921.959936067086,778.905404122756,903.598776211916
14776.0469246741,734.984194083143,919.126310162268,781.724942395617,905.88932388975
14799.6469996215,733.161830507326,916.281571333977,784.542323621326,908.130600676928
14823.2470745689,731.40437740302,913.4275708245,787.355697169586,910.321070740533
14846.8471495162,729.713078555813,910.566170361084,790.163209952102,912.459225088628
14870.4472244636,728.089140899922,907.699241208363,792.963007396904,914.543582480951
14894.2473000461,726.520848409422,904.804326077743,795.776834222237,916.589645982182
14917.8473749935,725.035697616156,901.931979829717,798.555531532116,918.561595019098
14941.4474499409,723.621308835629,899.059782310724,801.320935091973,920.475467294269
14965.0475248882,722.278733337382,896.189633233654,804.071194373889,922.329901903819
14988.6475998356,721.008981613338,893.323436899543,806.804462404327,924.123570218871
15012.247674783,719.813022618622,890.463101168021,809.51889680179,925.855176778937
15036.0477503655,718.682602840764,887.58640081207,812.235395764366,927.537324049926
15059.6478253128,717.637610638453,884.743609096722,814.906460890718,929.140505664498
15083.2479002602,716.669068289761,881.91242861338,817.553187919023,930.677937088601
15106.8479752076,715.777770825044,879.094770870848,820.173763501266,932.148464695898
15130.4480501549,714.96446808638,876.292545570192,822.766384234941,933.55097243275
15154.0481251023,714.229864032559,873.507659491624,825.329257762234,934.884382680238
15177.8482006848,713.569403991435,870.718665363148,827.881916176875,936.158060235991
15201.4482756322,712.994802403451,867.974347978276,830.379678284695,937.349593675062
15225.0483505796,712.500733880721,865.253077292915,832.842378728411,938.469027953713
15248.6484255269,712.087711749926,862.556736933774,835.268280645933,939.515448021289
15272.2485004743,711.756200178893,859.887201830137,837.655663864306,940.487981462047
15295.8485754217,711.506613568429,857.246337021896,840.00282605214,941.385799305957
15319.6486510042,711.338250754031,854.614010639273,842.32743612439,942.214760845039
15343.2487259516,711.254256469573,852.036318070664,844.58875016711,942.960189224192
15366.8488008989,711.253127918538,849.492834912627,846.80484104983,943.628678029498
15390.4488758463,711.335074259082,846.985374360946,848.974089670868,944.219580352159
15414.0489507937,711.500252106598,844.515733578191,851.094900645045,944.732296612209
15437.649025741,711.74876503892,842.085692435682,853.165703493277,945.166275293008
15461.4491013235,712.083832167303,839.676950934159,855.20184147316,945.523679976036
15485.0491762709,712.499817957966,837.331745833939,857.167566083611,945.798047617583
15508.6492512183,712.999125995404,835.03137801281,859.078720029326,945.992315418217
15532.2493261656,713.581642738075,832.777545229269,860.933844677536,946.106131571256
15555.849401113,714.247199470622,830.57192152663,862.731512304769,946.139195762321
15579.4494760604,714.995571951423,828.416155931121,864.470327298757,946.091259797999
15603.2495516429,715.833873450247,826.294262794757,866.162891649649,945.960686468673
15626.8496265903,716.747676003028,824.243510418523,867.779421866484,945.74952735829
15650.4497015376,717.743281732025,822.247413190744,869.333106484466,945.456941691563
15674.049776485,718.820262065028,820.307511332966,870.822682580751,945.082877532813
15697.6498514324,719.978214758018,818.425332679218,872.246893114153,944.627264615947
15721.2499263797,721.216594837725,816.602355403193,873.604551103144,944.090162532052
15745.0500019623,722.546300592602,814.82534983772,874.905152689551,943.466107020668
15768.6500769096,723.944309997854,813.125598336475,876.125729446634,942.765768126752
15792.250151857,725.42073299258,811.489279076675,877.276440199665,941.984483460767
15815.8502268044,726.974785487322,809.917724162447,878.356269584049,941.122547191478
15839.4503017517,728.605626048355,808.412226501297,879.364247065191,940.18031079416
15863.0503766991,730.312355898404,806.974038518519,880.299448061049,939.158183384759
15886.8504522816,732.109435137975,805.593059700299,881.16797915048,938.046958908893
15910.450527229,733.965640022012,804.293675489193,881.954408145427,936.865842646728
15934.0506021763,735.894685028176,803.065111955342,882.665567226172,935.606416627084
15957.6506771237,737.895442249733,801.908446552005,883.300726965492,934.269323724582
15981.2507520711,739.96672699083,800.824709978186,883.859209262999,932.855265632863
16004.8508270185,742.107297994958,799.814884970748,884.340388357476,931.365002991719
16028.4509019658,744.315857715512,798.879905115251,884.743691815009,929.799355474851
16052.2509775483,746.610614695844,798.013697904601,885.071018606922,928.144986491362
16075.8510524957,748.951582247204,797.23165890388,885.316401485296,926.430645287757
16099.4511274431,751.356298855872,796.526965707146,885.482517663208,924.643741386615
16123.0512023904,753.823244949051,795.90034338242,885.56901783453,922.785331129779
16146.6512773378,756.35084670241,795.352462237668,885.575610538721,920.856529682009
16170.2513522852,758.937476594662,794.883936784086,885.502062962774,918.858510846313
16194.0514278677,761.604100739814,794.492374366814,885.346554232628,916.774711454863
16217.6515028151,764.304156407079,794.184859093959,885.111584129984,914.6414530363
16241.2515777624,767.058026478347,793.958201885223,884.796134440986,912.442859498801
16264.8516527098,769.863874853641,793.812783872748,884.400214684091,910.180336763684
16288.4517276572,772.719815351735,793.748925733931,883.923896418346,907.855347639909
16312.0518026045,775.623912613206,793.766886884152,883.36731377977,905.469411294206
16335.851878187,778.599376890992,793.868062889147,882.724927185387,903.003130616288
16359.4519531344,781.594155073928,794.050888652301,882.00779585058,900.499597494455
16383.0520280818,784.630981097707,794.315937347773,881.211185595374,897.940021008988
16406.6521030291,787.707791540393,794.663228658397,880.335463152541,895.326088362772
16430.2521779765,790.822537484512,795.092732767579,879.381036138434,892.659487400492
16453.8522529239,793.973014287477,795.604331643344,878.348418211515,889.942056626266
16477.6523285064,797.184094599915,796.203220699721,877.228449274598,887.152038969411
16501.2524034538,800.399507623501,796.87908287689,876.040600635166,884.338279906723
16524.8524784011,803.643772943636,797.636287573174,874.776497803775,881.479528443436
16548.4525533485,806.914527907478,798.474451714291,873.436914734579,878.57782224821
16572.0526282959,810.209374561235,799.393125480059,872.022690154914,875.63524540462
16595.6527032432,813.525881431543,800.391792192485,870.534727330298,872.653926980547
16619.4527788258,816.889928993324,801.479342036129,868.960459132817,869.610314228022
16643.0528537731,820.242468058205,802.636841552006,867.327382723339,866.557790519403
16666.6529287205,823.609169455541,803.872376501505,865.623671042507,863.473185931547
16690.2530036679,826.987486990647,805.185162640691,863.850482010878,860.358793642549
16713.8530786152,830.374851187462,806.574349489372,862.009035632987,857.216943262466
16737.4531535626,833.768671592705,808.039020704789,860.100613241059,854.049998847476
16761.2532291451,837.195141896249,809.591553804155,858.109550853639,850.833235888775
16784.8533040925,840.594030566118,811.204801517131,856.070723221482,847.623161545998
16808.4533790398,843.991480086927,812.890384752936,853.969135221184,844.395291713508
16832.0534539872,847.384840686663,814.647128673154,851.806304581402,841.152106786198
16855.6535289346,850.771454355938,816.473795774595,849.583805190127,837.896110329059
16879.2536038819,854.14865760668,818.369086797284,847.303265787628,834.629826579016
16903.0536794645,857.542243080504,820.348556956051,844.94632845287,831.328026079395
16926.6537544118,860.892490945875,822.377507860534,842.554352228896,828.048777225291
16950.2538293592,864.225310975431,824.470812018717,840.109552254443,824.766933599022
16973.8539043066,867.538046543433,826.62693353456,837.613762243301,821.485075824661
16997.4539792539,870.828050152832,828.844280642242,835.068862900219,818.205791687357
17021.0540542013,874.092686462011,831.121207141009,832.476780104628,814.931673277382
17044.8541297838,877.356637859947,833.476042851122,829.816945419488,811.637673352173
17068.4542047312,880.562528220416,835.867470709792,827.136047723719,808.381675514304
17092.0542796786,883.73540193044,838.313255844932,824.413943465931,805.13848355872
17115.6543546259,886.872702294867,840.811553787003,821.652716726822,801.910677009365
17139.2544295733,889.971900939812,843.360474194795,818.854486195363,798.700824286591
17162.8545045207,893.030499221155,845.958082356469,816.021403677334,795.511481080472
17186.6545801032,896.07139552197,848.625004456387,813.131232537829,792.318460152212
17210.2546550505,899.041034961234,851.314386225812,810.234774136639,789.177964923973
17233.8547299979,901.962765777886,854.046387385961,807.310114385062,786.065561767342
17257.4548049453,904.83423780464,856.818915313344,804.359514979581,782.983726099322
17281.0548798926,907.653144977341,859.629843238214,801.385259137571,779.93490614874
17304.65495484,910.417228017209,862.477012430962,798.389649190565,776.921520185399
17328.4550304225,913.146968193799,865.382790754207,795.349381647269,773.920905504193
17352.0551053699,915.794314481439,868.296109863287,792.317903280043,770.985859352911
17375.6551803173,918.380347450032,871.239005584501,789.272088124458,768.093314887374
17399.2552552646,920.903020496091,874.209213689491,786.214290726905,765.245543763526
17422.855330212,923.360345836381,877.204449393105,783.146872560989,762.444774828212
17446.4554051594,925.750396585733,880.222409684921,780.072199607277,759.693191805522
17470.0554801067,928.071308714283,883.260775667231,776.992639949923,756.99293108025
17493.8555556893,930.340042320419,886.343187454524,773.88443809102,754.323882726795
17517.4556306366,932.516722507692,889.415479529573,770.802214604284,751.732954341467
17541.055705584,934.619052986665,892.501128684532,767.722217585669,749.199469318414
17564.6557805314,936.645438780107,895.597775766362,764.646799937673,746.725354132783
17588.2558554787,938.594355640829,898.703057373476,761.5783050513,744.312478417343
17611.8559304261,940.464351226428,901.81460813392,758.519064601024,741.962653402788
17635.6560060086,942.268866118528,904.956475039382,755.44562473739,739.658547664062
17659.256080956,943.976257877258,908.073474327205,752.411957936159,737.440587569505
17682.8561559033,945.600802407328,911.189637262699,749.394468231557,735.290761118767
17706.4562308507,947.141358225552,914.302616043763,746.395413905843,733.210620222342
17730.0563057981,948.596984692755,917.410102094496,743.416981636546,731.201541833095
17753.6563807454,949.966708257984,920.509775080014,740.461374501986,729.264932950475
17777.456456328,951.260097794633,923.625453384506,737.50605959426,727.38669616244
17801.0565312753,952.454556845165,926.70245708274,734.602883454688,725.599710334488
17824.6566062227,953.560547068216,929.764732113989,731.729035502609,723.889112783553
17848.2566811701,954.577368166979,932.810014703941,728.886618359776,722.256071888987
17871.8567561174,955.504395816423,935.836061602871,726.077702567283,720.701688398199
17895.4568310648,956.341081462518,938.840651876335,723.304325062961,719.226995121248
17919.2569066473,957.092883705741,941.846743514021,720.545468724091,717.82149009509
17942.8569815947,957.746766747069,944.801627584768,717.849480038612,716.509697667606
17966.4570565421,958.309110991705,947.728525202257,715.194940706042,715.28029122087
17990.0571314894,958.779667851663,950.625321810167,712.583738922655,714.134029876568
18013.6572064368,959.158262240729,953.489933345828,710.017722581623,713.071604530752
18037.2572813842,959.444791902626,956.320307711178,707.49869811759,712.093638017728
18061.0573569667,959.640480957517,959.13794452965,705.007708225712,711.193482666445
18084.657431914,959.742082251727,961.893490703743,702.588350550112,710.386757757723
18108.2575068614,959.751742654572,964.608832742132,700.221158640735,709.665957679935
18131.8575818088,959.669643926219,967.282060345591,697.90776232546,709.031435338196
18155.4576567561,959.496036449294,969.911301727488,695.649745059535,708.483477300496
18179.0577317035,959.231238249897,972.494724759077,693.448643111893,708.022304298108
18202.857807286,958.872233595525,975.05181952381,691.288040068292,707.645272127317
18226.4578822334,958.425509869609,977.537847854896,689.20569822693,707.358808564633
18250.0579571808,957.888949665314,979.972795778389,687.184601618581,707.15940281749
18273.6580321281,957.263131628493,982.355000572019,685.226090253342,707.047017584975
18297.2581070755,956.548696649072,984.682844121253,683.331453658751,707.021552847329
18320.8581820229,955.746346704997,986.954753755132,681.501930369281,707.082846592168
18344.6582576054,954.848935409335,989.187719746721,679.724051494572,707.232297370807
18368.2583325528,953.872371965305,991.342723520649,678.028840361637,707.467107438478
18391.8584075001,952.810418710068,993.437357432137,676.402134397777,707.787772098522
18415.4584824475,951.664090362644,995.470259064739,674.844930582698,708.193817849071
18439.0585573949,950.434367909231,997.440094994799,673.358206854431,708.684791303927
18462.6586323422,949.122287326051,999.345581464718,671.94288773395,709.260180858482
18486.4587079247,947.716785244351,1001.20079326855,670.588774007196,709.925361890243
18510.0587828721,946.24263203935,1002.97335857775,669.319447322287,710.668526902486
18533.6588578195,944.689550373267,1004.67801455363,668.123984984025,711.494232935568
18557.2589327668,943.058780026412,1006.31367982878,667.003097223448,712.401748161688
18580.8590077142,941.351608441896,1007.8793245037,665.957440559481,713.390288158891
18604.4590826616,939.569369446333,1009.3739704566,664.987617769928,714.459016876187
18628.2591582441,937.697402921112,1010.80843868712,664.086934227528,715.617112916079
18651.8592331915,935.768603473832,1012.15774073504,663.27102609347,716.844169288939
18675.4593081388,933.76901613288,1013.43341614159,662.532441463876,718.148597760778
18699.0593830862,931.700147727701,1014.63469666986,661.871568094407,719.529365286561
18722.6594580336,929.563545009274,1015.76086684036,661.2887403619,720.98539222152
18746.2595329809,927.360793354325,1016.81126401862,660.784239431657,722.515553358428
18770.0596085634,925.074030236969,1017.79320479962,660.355019962415,724.132573135637
18793.6596835108,922.743359274923,1018.6896254474,660.008472104082,725.808052801592
18817.2597584582,920.35152879802,1019.50859859784,659.740778202365,727.554017361475
18840.8598334056,917.900266008116,1020.24967365525,659.552008385119,729.369169559637
18864.4599083529,915.391330249305,1020.91245281507,659.442180833286,731.252171898377
18888.0599833003,912.826511718356,1021.49659096078,659.411262112609,733.201647720666
18911.6600582477,910.207630177914,1022.00179553215,659.459167529738,735.21618229825
18935.4601338302,907.51367948263,1022.43109789666,659.58717009741,737.312202868938
18959.0602087775,904.791824537606,1022.77709382737,659.792930932063,739.452983935371
18982.6602837249,902.021546662997,1023.0435911789,660.07695596663,741.654349048021
19006.2603586723,899.204771288519,1023.23050619062,660.438959073934,743.914741882126
19029.8604336196,896.34344702082,1023.33780659518,660.878604990265,746.232573552921
19053.460508567,893.439544381702,1023.36551133159,661.39550980135,748.606223724603
19077.2605841495,890.469933549858,1023.31291155255,661.994600028846,751.05484313387
19100.8606590969,887.486548842067,1023.1810127539,662.665323652031,753.535586603527
19124.4607340443,884.466633551633,1022.9698807912,663.411862999453,756.067095381334
19148.0608089916,881.412233494625,1022.67973653093,664.23364439027,758.647634220302
19171.660883939,878.325410170542,1022.31085027747,665.130048197474,761.275441993297
19195.2609588864,875.208239537638,1021.86354135919,666.100409436932,763.94873280563
19219.0610344689,872.036039870434,1021.3333930743,667.153173390882,766.68890362758
19242.6611094163,868.864241591546,1020.72973468568,668.269887155322,769.448056018984
19266.2611843636,865.668416434063,1020.04890547773,669.458290423855,772.247180475348
19289.861259311,862.450686166574,1019.29141676971,670.717542600279,775.084402968266
19313.4613342584,859.213180993933,1018.45782656431,672.046760891621,777.957830254728
19337.0614092057,855.958038378335,1017.54873903145,673.445020976994,780.865550979691
19360.8614847882,852.659624545077,1016.55614766261,674.924072326962,783.830685508062
19384.4615597356,849.37553870991,1015.49743466915,676.458044329146,786.801441544845
19408.061634683,846.080277949123,1014.36531493493,678.058033829707,789.800642603458
19431.6617096303,842.775997148154,1013.16057221787,679.72295697822,792.826315736809
19455.2617845777,839.46485267072,1011.8840336449,681.451691906842,795.876475362494
19478.8618595251,836.149001230616,1010.53656911422,683.243079460112,798.949124345776
19502.6619351076,832.802471980733,1009.1067816724,685.111885124677,802.06854980939
19526.262010055,829.483678400905,1007.61966188217,687.025460032692,805.180293123114
19549.8620850023,826.166657161832,1006.06448490436,688.997982918218,808.308458650829
19573.4621599497,822.853555229752,1004.44228585151,691.028152654375,811.45101374201
19597.0622348971,819.546514400824,1002.75413944251,693.114634605593,814.605919557311
19620.6623098444,816.247670224904,1001.00115933887,695.256061404666,817.771132126738
19644.4623854269,812.93133232169,999.168833283747,697.469859937146,820.971526652792
19668.0624603743,809.655372282656,997.289154762968,699.717382783237,824.151249398696
19691.6625353217,806.393985275823,995.348220954687,702.015547351353,827.335109317059
19715.2626102691,803.149271180381,993.34729476529,704.3628630065,830.5210524064
19738.8626852164,799.923318366094,991.287674576692,706.75781037407,833.707024768904
19762.4627601638,796.718202667216,989.170693526903,709.198842155787,836.890973642519
19786.2628357463,793.509122152293,986.979068452828,711.705633504213,840.097773250764
19809.8629106937,790.352073085159,984.751043893435,714.234441365561,843.271465923818
19833.462985641,787.222021320776,982.469871585119,716.804518230243,846.436975811942
19857.0630605884,784.120993744065,980.137019270151,719.414208746649,849.592254865687
19880.6631355358,781.050991352336,977.753984001681,722.061836792513,852.735268625731
19904.2632104831,778.013993546642,975.322292460126,724.745704496676,855.863992525365
19928.0632860657,774.986674291738,972.822297353022,727.487271652657,859.002711189917
19951.663361013,772.021866025557,970.297611597903,730.238707984364,862.096651762757
19975.2634359604,769.095896025355,967.729037142975,733.021146494502,865.1702652176
19998.8635109078,766.210659805177,965.118214063117,735.832806161128,868.221565996608
20022.4635858551,763.368029558368,962.466808705373,738.671887414823,871.248580771425
20046.0636608025,760.569853219871,959.776512867603,741.53657302664,874.249349429859
20069.863736385,757.794835259535,957.02577492648,744.44960373713,877.246991381942
20093.4638113324,755.091423861689,954.262578381045,747.360158037729,880.189181767847
20117.0638862798,752.437870227582,951.465726144514,750.290752165003,883.099318664604
20140.6639612271,749.835915773125,948.63700360907,753.239507147727,885.975504779215
20164.2640361745,747.287273058365,945.778217368166,756.204530902535,888.815860930956
20187.8641111219,744.793624889012,942.891194339836,759.183919162873,891.618527020316
20211.6641867044,742.336217591285,939.952983486572,762.201158662737,894.404905262463
20235.2642616517,739.957984082805,937.014844669994,765.203600013689,897.126333954274
20258.8643365991,737.639619441078,934.054078878762,768.214612935933,899.80460128836
20282.4644115465,735.382678312975,931.072585500893,771.232253803111,902.437933323609
20306.0644864938,733.188681188589,928.072279706489,774.254571572934,905.024580012245
20329.6645614412,731.059113542176,925.055091509071,777.279608763082,907.562816152419
20353.2646363886,728.995424980014,922.022964815876,780.3054024355,910.050942337988
20377.0647119711,726.982401293734,918.952000615205,783.355606435623,912.507706881327
20400.6647869185,725.055259723068,915.895794526793,786.376972014514,914.890163129119
20424.2648618658,723.198133596888,912.830572181636,789.393165768571,917.217561858767
20447.8649368132,721.412320336422,909.758323417317,792.402212945078,919.488316539416
20471.4650117606,719.699077337306,906.681047035489,795.402138396783,921.700871146649
20495.0650867079,718.059621163212,903.600749781748,798.390967619505,923.853701092723
20518.8651622904,716.482191917601,900.493334033297,801.391884620482,925.962773897658
20542.4652372378,714.994441359913,897.413059096766,804.35246983007,927.99117384423
20566.0653121852,713.583883438525,894.335837974616,807.296033027692,929.955461303463
20589.6653871326,712.251563127092,891.263698765488,810.220612889028,931.854246956007
20613.2654620799,710.998480665571,888.198672214671,813.124254069479,933.686177513818
20636.8655370273,709.825590811458,885.142790618185,816.0050082977,935.44993662243
20660.6656126098,708.724898715233,882.072337717434,818.885026629389,937.158303961099
20684.2656875572,707.715770887806,879.040964189794,821.713960972042,938.781319066499
20707.8657625045,706.789426420949,876.024847851027,824.514200834727,940.332434192747
20731.4658374519,705.946630473697,873.026015953368,827.283837460699,941.810489964318
20755.0659123993,705.188099151805,870.046491617389,830.020974780435,943.214368360222
20778.6659873466,704.514498834683,867.088292659134,832.723730558838,944.542993573658
20802.4660629292,703.921829226384,864.128664151196,835.412674861704,945.805617062308
20826.0661378765,703.42061990497,861.219365525309,838.040751233591,946.980022622186
20849.6662128239,703.006039991176,858.337418846217,840.628878496827,948.076201515615
20873.2662877713,702.678550088696,855.48480864518,843.175241548889,949.093255590316
20896.8663627186,702.438557940122,852.663508090798,845.678044985611,950.030333066412
20920.466437666,702.286417853287,849.875477744506,848.135514293086,950.886629332603
20944.2665132485,702.222265312689,847.099491403818,850.566117844032,951.66760299086
20967.8665881959,702.24742581168,844.384149467777,852.927263895306,952.359415697247
20991.4666631432,702.361176623128,841.70788733249,855.237875285149,952.96831876684
21015.0667380906,702.563652501986,839.072602319962,857.496273314901,953.493704381597
21038.666813038,702.854932199807,836.480172757903,859.700806225176,953.935015668537
21062.2668879854,703.235038018386,833.932456677267,861.849850415307,954.291747406008
21086.0669635679,703.708288295854,831.410298300567,863.95929172805,954.565384706349
21109.6670385152,704.266636511192,828.9579130715,865.992102824809,954.750926150236
21133.2671134626,704.91353344267,826.555695556797,867.964722734223,954.85068637425
21156.86718841,705.648771130891,824.205409211043,869.875653004477,954.864373917088
21180.4672633573,706.472083310429,821.908790568293,871.723429468583,954.791752219675
21204.0673383047,707.383145120888,819.667547905043,873.506623465277,954.632640210758
21227.8674138872,708.390406206071,817.465098374925,875.238109942673,954.384460073564
21251.4674888346,709.476491623537,815.340117196961,876.887424874939,954.051314228787
21275.067563782,710.648993565682,813.275467425583,878.468085576861,953.631473435783
21298.6676387293,711.90734999489,811.272730606073,879.978817891672,953.124984440233
21322.2677136767,713.250939287653,809.33345330874,881.418389217729,952.531952038703
21345.8677886241,714.679082267649,807.459146249671,882.785608884612,951.852537653507
21369.6678642066,716.204298628766,805.636269536517,884.08994243033,951.080027840412
21393.2679391539,717.800197028582,803.896916614246,885.308339323013,950.227645488449
21416.8680141013,719.478386885846,802.226883471162,886.451013503237,949.28959757467
21440.4680890487,721.237956455408,800.627526909523,887.516951707486,948.266276615465
21464.068163996,723.077934502343,799.100161032891,888.505188955125,947.158135109885
21487.6682389434,724.99729039139,797.646055948277,889.4148096658,945.965685803603
21511.4683145259,727.012194701639,796.255066487134,890.251641828579,944.678330750578
21535.0683894733,729.087626122999,794.951757028642,891.00080199919,943.318344788354
21558.6684644207,731.23897813399,793.725251293355,891.668899952176,941.875958950409
21582.268539368,733.46498373808,792.576630267911,892.255228949683,940.351929369736
21605.8686143154,735.764317605173,791.506924650597,892.759136951649,938.747073187939
21629.4686892628,738.135596405645,790.517113645882,893.180027606659,937.062268594888
21653.2687648453,740.598369293078,789.600768375743,893.519861499933,935.28317245035
21676.8688397927,743.109736130123,788.774168226548,893.772441867987,933.440693108824
21700.46891474,745.68854048061,788.030086299346,893.940556136657,931.52127525296
21724.0689896874,748.333170748899,787.369283730431,894.023840577205,929.526041351789
21747.6690646348,751.041959674011,786.792464473023,894.021991684699,927.456174488565
21771.2691395821,753.813184935743,786.300274243798,893.934766985327,925.312918137846
21794.8692145295,756.64506981039,785.893299501392,893.761985806511,923.097575893648
21818.669290112,759.560527492177,785.569711910323,893.500973397635,920.791839534229
21842.2693650594,762.508661787547,785.335417959255,893.156061486394,918.435894061844
21865.8694400068,765.511789811666,785.187736776496,892.72542933619,916.012143515047
21889.4695149541,768.567924395366,785.127007747226,892.209150913351,913.522128702188
21913.0695899015,771.675028047481,785.153506436064,891.607365209797,910.967448392262
21936.6696648489,774.831013940029,785.267443801743,890.920276745218,908.349758711727
21960.4697404314,778.061082308558,785.4710478092,890.141250177718,905.647812294949
21984.0698153787,781.308748352015,785.760976402931,889.283717927929,902.908801537525
22007.6698903261,784.598731825015,786.138581602998,888.341897570554,900.112102652387
22031.2699652735,787.928759268084,786.603808493949,887.316260243644,897.259594352797
22054.8700402208,791.296513765935,787.156534375056,886.20734429249,894.353208716829
22078.4701151682,794.699652410815,787.796571799813,885.015749241981,891.39491619607
22102.2701907507,798.165165173607,788.530225060508,883.730954011262,888.360933120287
22125.8702656981,801.632379782856,789.344842600623,882.375284501658,885.304325751111
22149.4703406455,805.127806914568,790.245827149014,880.93909497314,882.20193942516
22173.0704155928,808.648936066163,791.232715340478,879.423256913761,879.055954069393
22196.6704905402,812.193221911648,792.304974032137,877.828709146218,875.868596420804
22220.2705654876,815.758086088131,793.462000210917,876.156457575275,872.64213858625
22244.0706410701,819.371351314203,794.713996226483,874.392429564653,869.351091449849
22267.6707160174,822.969632919673,796.039171849501,872.567419965132,866.053141755348
22291.2707909648,826.58055597646,797.446879733145,870.668133497349,862.723185175145
22314.8708659122,830.201429318207,798.936237404762,868.695840762792,859.363659438549
22338.4709408595,833.829538949261,800.506293228574,866.651876921634,855.977039095386
22362.0710158069,837.462150331926,802.15602679378,864.537640926895,852.565833540387
22385.8710913894,841.127309983936,803.899328756301,862.335804552331,849.103402766478
22409.4711663368,844.760630504906,805.705735005269,860.084908371104,845.65053001241
22433.0712412842,848.390126378856,807.588339642291,857.768324319154,842.180810365645
22456.6713162315,852.013005303692,809.545852223202,855.387697541753,838.696871279966
22480.2713911789,855.626467084212,811.576916795205,852.944731764765,835.201363835634
22503.8714661263,859.227706378786,813.680112819863,850.441187976488,831.696960247404
22527.6715417088,862.844234854948,815.87267609807,847.856922786185,828.156581588334
22551.2716166562,866.412443537127,818.116199047366,845.237253879031,824.642455929713
22574.8716916035,869.959987513042,820.427201034256,842.562635473185,821.127574617987
22598.4717665509,873.484069625253,822.804013727356,839.835043031235,817.614668072584
22622.0718414983,876.981902209511,825.244910199504,837.056501319646,814.106474284733
22645.6719164456,880.45071015385,827.748106391814,834.229082560645,810.605735927689
22669.4719920281,883.916717632591,830.333741542575,831.330353403775,807.085668021367
22693.0720669755,887.318912400726,832.956452390723,828.411208724977,803.608193949896
22716.6721419229,890.683840555445,835.635767204546,825.449687567535,800.146425047427
22740.2722168702,894.008850369273,838.369698807479,822.448015994859,796.70305625925
22763.8722918176,897.291402107891,841.156232328614,819.408423546867,793.280697762542
22787.472366765,900.528867947532,843.993281369843,816.333218717934,789.882050507071
22811.2724423475,903.745469353282,846.903367051459,813.198266026381,786.48134656344
22834.8725172949,906.884565206217,849.835389885293,810.058643890042,783.138430397088
22858.4725922422,909.970868984022,852.811386625593,806.890547144368,779.82725779524
22882.0726671896,913.001900863364,855.82910307593,803.696402640587,776.550452653594
22905.672742137,915.975226668583,858.886248907963,800.478660194376,773.310610933038
22929.2728170843,918.888460729024,861.980499947405,797.239790059417,770.11029771946
22953.0728926669,921.763154731262,865.136159146672,793.954601863347,766.925466365757
22976.6729676142,924.54869821218,868.297788392984,790.68083007608,763.812155645329
23000.2730425616,927.267292814035,871.489350198454,787.39345975318,760.745875428001
23023.873117509,929.916774407807,874.70840848059,784.095017296078,757.72903859757
23047.4731924563,932.495040433661,877.952505325675,780.788036630967,754.764013309926
23071.0732674037,935.000052206817,881.21916346432,777.475056620276,751.853120454905
23094.8733429862,937.450101547766,884.533820947981,774.130505569894,748.974688033311
23118.4734179336,939.802093493478,887.838242941805,770.813153404452,746.179327646019
23142.0734928809,942.075104425167,891.15768180678,767.497443890902,743.444772901113
23165.6735678283,944.267372432104,894.489607723769,764.185909982697,740.773131674337
23189.2736427757,946.377209180103,897.831484011311,760.881076867828,738.166453351966
23212.873717723,948.403001451223,901.180769603284,757.585459521652,735.626726919835
23236.4737926704,950.343212545115,904.534921509747,754.301560300266,733.15587917014
23260.2738682529,952.211712435825,907.919844627968,751.004225092462,730.735740627886
23283.8739432003,953.975708321476,911.27609200365,747.751358769994,728.408795829093
23307.4740181477,955.649973278741,914.629567996594,744.517639229012,726.156135179506
23331.074093095,957.233288585354,917.977746114819,741.305495037875,723.979420598643
23354.6741680424,958.724516957235,921.31810986347,738.117330836611,721.880244655896
23378.2742429898,960.12260312456,924.648155018875,734.955525247413,719.86012950237
23402.0743185723,961.437315745461,927.993464886883,731.79596897263,717.904352252694
23425.6743935197,962.645752490237,931.295349106869,728.694063299609,716.047091307474
23449.274468467,963.758549852036,934.579526220154,725.625419177227,714.272876989111
23472.8745434144,964.774981318273,937.843566455951,722.592288912125,712.5829425562
23496.4746183618,965.694402696254,941.085062729737,719.596889659021,710.978447868407
23520.0746933091,966.516251961163,944.301632605941,716.641401739046,709.460478996074
23543.8747688916,967.245762705206,947.517824811571,713.703462633634,708.018302410552
23567.474843839,967.870273291814,950.677241907841,710.834566010724,706.677100336482
23591.0749187864,968.396013555806,953.804732722357,708.011902050994,705.425243893216
23614.6749937337,968.822747543139,956.898032270019,705.237487800807,704.263521176345
23638.2750686811,969.150319355285,959.954909227284,702.513296016322,703.192645857041
23661.8751436285,969.378652464974,962.97316755472,699.841253878199,702.213257316448
23685.675219211,969.508419110402,965.975700597973,697.201291387621,701.318795872295
23709.2752941584,969.537519098666,968.909909936894,694.6396228571,700.524789164139
23732.8753691057,969.467620736997,971.79912209067,692.135615106819,699.823747353392
23756.4754440531,969.298957341003,974.641297528569,689.691001057522,699.216014881866
23780.0755190005,969.031837130873,977.434439221164,687.307462605247,698.70186366323
23803.6755939478,968.666642165379,980.176593900059,684.986629724125,698.281493624747
23827.4756695304,968.199489374057,982.888412198659,682.711235414635,697.952668200576
23851.0757444777,967.638760441632,985.52244216008,680.521055827387,697.720971771572
23874.6758194251,966.981539967615,988.09988439722,678.398164356513,697.583230198852
23898.2758943725,966.228494395852,990.618972510439,676.343975049562,697.539361335574
23921.8759693198,965.380358034422,993.077989283807,674.35984643123,697.58921451357
23945.4760442672,964.437931761924,995.475267595292,672.447080953793,697.732571362858
23969.2761198497,963.3929067153,997.82869504603,670.591643669186,697.971548924928
23992.8761947971,962.26378322633,1000.09714296435,668.825915433927,698.301776832524
24016.4762697444,961.043167251648,1002.29914730419,667.135125901279,698.724452004186
24040.0763446918,959.73211305093,1004.4332497752,665.520348295414,699.239093596215
24063.6764196392,958.331752518274,1006.49805021489,663.98259082528,699.845141766607
24087.2764945865,956.84336373709,1008.49222467633,662.522768139061,700.541896733816
24111.0765701691,955.254467118702,1010.4304618991,661.130409125911,701.335734785899
24134.6766451164,953.593052883148,1012.2789393092,659.829760807408,702.212587848024
24158.2767200638,951.847466619919,1014.0530687996,658.609568518119,703.177965644831
24181.8767950112,950.019092811279,1015.75172415138,657.470554603255,704.231029478802
24205.4768699585,948.109367283177,1017.37383564961,656.413382617877,705.37088372326
24229.0769449059,946.119775757879,1018.91839039676,655.438657326318,706.596576924128
24252.8770204884,944.033997390645,1020.39651855715,654.539723765235,707.918568583036
24276.4770954358,941.888679814831,1021.78247303103,653.732180596971,709.313572889501
24300.0771703832,939.668252218203,1023.08816856037,653.008549634393,710.791228428241
24323.6772453305,937.374385715542,1024.31282227017,652.369200751389,712.35037132329
24347.2773202779,935.008794013245,1025.45570902722,651.814445599758,713.989787604912
24370.8773952253,932.573231946766,1026.51616150308,651.344537829257,715.708214389824
24394.6774708078,930.047989788437,1027.50149684179,650.956775620564,717.519890660402
24418.2775457551,927.477354415637,1028.39459944825,650.65781515733,719.393001148116
24441.8776207025,924.842261343699,1029.20360874246,650.444118146935,721.341039872781
24465.4776956499,922.144615615529,1029.92808898683,650.315708595912,723.362559908549
24489.0777705972,919.386356101995,1030.56766201126,650.272554086631,725.456071453744
24512.6778455446,916.569454053604,1031.1220070625,650.314566180294,727.620043056036
24536.4779211271,913.671323359138,1031.59446800347,650.443040199246,729.872115174054
24560.0779960745,910.742718274708,1031.97689659701,650.655616108393,732.172815236479
24583.6780710219,907.761581843243,1032.27347644954,650.952759223151,734.539129282162
24607.2781459692,904.730000667583,1032.48411481908,651.334161119072,736.969371288963
24630.8782209166,901.650086553856,1032.60877516273,651.799459756219,739.461819779969
24654.478295864,898.523975097386,1032.64747680781,652.348240030358,742.014719068059
24678.0783708113,895.353824275819,1032.60029459653,652.980034345633,744.626280501592
24701.8784463939,892.114420014435,1032.46586597481,653.700727422009,747.317534919389
24725.4785213412,888.862420267026,1032.24663649146,654.497631736792,750.041387093588
24749.0785962886,885.572994288746,1031.94207909494,655.375832905979,752.818334079575
24772.678671236,882.248375811811,1031.55248709289,656.334659073565,755.646467596566
24796.2787461833,878.890814025659,1031.07820716297,657.37338905418,758.523852636729
24819.8788211307,875.502572220724,1030.51963885776,658.491253017515,761.448528706846
24843.6788967132,872.056856977202,1029.87143313573,659.697902527825,764.443868284345
24867.2789716606,868.613883163901,1029.14499172963,660.972186438692,767.457507481537
24890.8790466079,865.147109899987,1028.33577752293,662.323002128303,770.51239840788
24914.4791215553,861.658843578792,1027.4443966468,663.749391952714,773.606490824854
24938.0791965027,858.151398048792,1026.47150533583,665.250353275361,776.737715185278
24961.67927145,854.627093317444,1025.41780932174,666.824839236307,779.903983855597
24985.4793470326,851.058208655655,1024.27411538626,668.486022799905,783.130438973423
25009.0794219799,847.507070281331,1023.06045400325,670.204843768327,786.360719183617
25032.6794969273,843.946076639583,1021.76840320444,671.99378118936,789.619666291978
25056.2795718747,840.377559630434,1020.3988607313,673.851618886205,792.905132343318
25079.879646822,836.803850983327,1018.95277055766,675.777100478358,796.214957346505
25103.4797217694,833.227281026364,1017.4311221964,677.768930213756,799.546970466617
25127.2797973519,829.61986740107,1015.82110770991,679.843478605994,802.927477406512
25150.8798722993,826.044579204956,1014.15087244218,681.964497467609,806.297458436721
25174.4799472467,822.473419760935,1012.4083233332,684.147737342987,809.683043210745
25198.080022194,818.908701648983,1010.5946252349,686.391753182539,813.082029276366
25221.6800971414,815.352730050881,1008.71098488742,688.695064856021,816.49220921962
25245.2801720888,811.807801586155,1006.7586501575,691.056158031232,819.911371820745
25269.0802476713,808.246337840317,1004.72150854977,693.494206682134,823.366359107646
25292.6803226186,804.730487444907,1002.63513509335,695.966643813851,826.796873003437
25316.280397566,801.232526324114,1000.48406159517,698.492109333203,830.22970575198
25339.8804725134,797.754705310409,998.269692935923,701.068960759186,833.66264235486
25363.4805474607,794.299261007333,995.993471164298,703.695525903807,837.09346970241
25387.0806224081,790.868414690026,993.656874679735,706.370103786857,840.51997769176
25410.8806979906,787.435644194512,991.240869803659,709.114216482438,843.968909058123
25434.480772938,784.060845899536,988.787621375966,711.879976117642,847.380082265691
25458.0808478854,780.717224902379,986.27865679201,714.688466816655,850.780316368132
25481.6809228327,777.406930204136,983.715591790159,717.537881475891,854.167424414475
25505.2809977801,774.132090123922,981.100074241562,720.426388860424,857.539227968161
25528.8810727275,770.894818455398,978.433784952612,723.352131790946,860.893551815858
25552.68114831,767.670284376398,975.695219418488,726.338469940376,864.25640031057
25576.2812232574,764.514756200613,972.932155720489,729.33330104099,867.569093434093
25599.8812982047,761.403001151273,970.123554360976,732.359654526122,870.857843073455
25623.4813731521,758.337028630688,967.271211312796,735.415592301329,874.120529411178
25647.0814480995,755.31882127039,964.376949361536,738.499157895584,877.355047547074
25670.6815230468,752.35033394687,961.442617191867,741.608377438177,880.559308547464
25694.4815986293,749.408999954665,958.444739735359,744.767905890664,883.757977230966
25718.0816735767,746.546163213207,955.435612720713,747.922621965612,886.895226137717
25741.6817485241,743.738750574126,952.39212405102,751.096958651725,889.996040164549
25765.2818234714,740.988595953053,949.316216889946,754.288882250256,893.058404811409
25788.8818984188,738.297500710881,946.209855599326,757.496346640389,896.080326725818
25812.4819733662,735.667232720841,943.075024774667,760.717294290986,899.059834723235
25836.2820489487,733.078037430638,939.886830302784,763.977093028655,902.019659833625
25859.8821238961,730.575140719415,936.700891797095,767.21886429697,904.90811978852
25883.4821988434,728.138178676757,933.492566519187,770.467870276076,907.748379437005
25907.0822737908,725.768775744849,930.263910305338,773.722017982372,910.538566606202
25930.6823487382,723.468518331773,927.016994255756,776.979208187583,913.276836334134
25954.2824236855,721.238953929187,923.753903713167,780.23733647096,915.961371863231
25978.0824992681,719.063620249676,920.448910515024,783.521884575093,918.612423102076
26001.6825742154,716.980554771873,917.159686468525,786.775523443356,921.183664881067
26025.2826491628,714.972594489893,913.860637070947,790.02374868765,923.695886788764
26048.8827241102,713.041122219792,910.553894295578,793.26444578449,926.147395005345
26072.4827990575,711.187477575909,907.241599085731,796.49550040065,928.536528821736
26096.0828740049,709.412956143346,903.92590026938,799.71479949135,930.861661604506
26119.6829489523,707.718808660363,900.608953462502,802.92023240655,933.12120175549
26143.4830245348,706.092926328046,897.264828078393,806.136647048096,935.331881949327
26167.0830994821,704.56380152884,893.951909098791,809.307868667721,937.455018643106
26190.6831744295,703.118535007751,890.644256960999,812.458899974314,939.507995249436
26214.2832493769,701.758189740352,887.344043250327,815.587651186709,941.48937012594
26237.8833243242,700.483779922403,884.053440672973,818.692040582779,943.397741383164
26261.4833992716,699.296270219802,880.774621888934,821.76999565517,945.231747806622
26285.2834748541,698.187633335925,877.48215583867,824.84516949877,947.004643706116
26308.8835498015,697.17737111944,874.233562434418,827.863813488369,948.685346532585
26332.4836247489,696.256605187972,871.003277007509,830.849855388176,950.287843769683
26356.0836996962,695.426094405367,867.793460076364,833.801271392353,951.810946345645
26379.6837746436,694.686544553349,864.606266087731,836.716052819114,953.253510359573
26403.283849591,694.038607667261,861.443842177979,839.592207313659,954.614437951153
26427.0839251735,693.478567469357,858.281875843208,842.451611057124,955.903154460097
26450.6840001209,693.016382618409,855.175653141376,845.244237026365,957.096990681684
26474.2840750682,692.647441858079,852.100603400552,847.99235277738,958.206173797268
26497.8841500156,692.372175457678,849.058831789083,850.694043616481,959.229799005966
26521.484224963,692.190956876304,846.052429790595,853.347417303339,960.167011730361
26545.0842999103,692.104102208936,843.083473899096,855.950605291875,961.017008412265
26568.8843754928,692.112340431614,840.129373134929,858.523156414858,961.785117223846
26592.4844504402,692.215734039747,837.241833181423,861.020004361802,962.457724861102
26616.0845253876,692.414091385769,834.397882748588,863.461200567635,963.041014383231
26639.6846003349,692.707493499001,831.599524953774,865.84498400943,963.534394418685
26663.2846752823,693.095961605045,828.848741249461,868.169623635012,963.937328360949
26686.8847502297,693.579456711549,826.147490066244,870.43341962407,964.249335062661
26710.6848258122,694.163186333466,823.475475052395,872.653087788517,964.471468002486
26734.2849007596,694.837177926952,820.879525698811,874.789677802745,964.599623265562
26757.8849757069,695.605712350403,818.33884818412,876.860511338079,964.635744850223
26781.4850506543,696.468505613268,815.855294912678,878.864026433258,964.579580468068
26805.0851256017,697.425211845979,813.430688386147,880.798698673398,964.430936447314
26828.685200549,698.47542305718,811.066819818576,882.663042444228,964.189678292903
26852.4852761315,699.628753522372,808.746216614943,884.470492698963,963.8525049984
26876.0853510789,700.865282664013,806.509617038337,886.189258099107,963.425068932343
26899.6854260263,702.193712817316,804.338941629378,887.833472104968,962.904976169687
26923.2855009737,703.613385190312,802.235842269149,889.401817117905,962.292334515328
26946.885575921,705.123578147462,800.201932612801,890.893020532777,961.587313350091
26970.4856508684,706.723507170303,798.238786711688,892.305855948673,960.790144021663
26994.2857264509,708.427014148438,796.33222673017,893.650100233697,959.893194566178
27017.8858013983,710.204551751105,794.515796786734,894.902022853876,958.911898879821
27041.4858763456,712.069132243132,792.774623564657,896.072160951379,957.839487945918
27065.085951293,714.019811077851,791.110130311628,897.159449356178,956.6763638651
27088.6860262404,716.055498469687,789.52367733514,898.162904877088,955.42306425494
27112.2861011877,718.175042392948,788.016577451546,899.081597154066,954.080190366479
27136.0861767703,720.396241097051,786.578353845429,899.921341295736,952.635895329825
27159.6862517176,722.680478682985,785.234400628231,900.667197215949,951.1151869005
27183.286326665,725.044734881251,783.973450600652,901.32582121021,949.507096658508
27206.8864016124,727.487611273366,782.796613194733,901.896506062599,947.812481204999
27230.4864765597,730.007648820299,781.704943939746,902.378602832904,946.032260970587
27254.0865515071,732.60332829096,780.699443239156,902.771521845529,944.167420181809
27277.8866270896,735.296007511554,779.773647047642,903.076918521899,942.2021408204
27301.486702037,738.038781376673,778.944007563131,903.289188802444,940.170572474582
27325.0867769843,740.852268640925,778.203201971208,903.410874170446,938.057728286122
27348.6868519317,743.734713992637,777.551997910215,903.441631849666,935.864847008725
27372.2869268791,746.684304752399,776.991102143775,903.381182826071,933.593230370001
27395.8870018265,749.699171578449,776.521159500877,903.229312642633,931.244242768519
27419.687077409,752.803740895251,776.139937679688,902.983417517629,928.798440342153
27443.2871523563,755.943840473229,775.85436507433,902.647546722984,926.298428441407
27466.8872273037,759.143258445854,775.661301948663,902.220006244093,923.725524422163
27490.4873022511,762.399906429446,775.561134935677,901.700847571429,921.081339847998
27514.0873771984,765.711643674189,775.554183971887,901.090190112832,918.36754666857
27537.6874521458,769.076278082381,775.640701469981,900.388221726615,915.585876599881
27561.2875270932,772.491567283001,775.820871537423,899.595199203982,912.738120446488
27585.0876026757,775.984772757514,776.097531616246,898.703572671948,909.801180373749
27608.6876776231,779.494828957828,776.466077326069,897.728726440227,906.826337157842
27632.2877525704,783.048502399272,776.928410503044,896.664018310378,903.791143996126
27655.8878275178,786.643361158941,777.484434611618,895.509985136722,900.697620516909
27679.4879024652,790.276929318708,778.133981665546,894.267234283778,897.547841108551
27703.0879774125,793.946688407714,778.876811768763,892.936443758252,894.343933856507
27726.888052995,797.681599882039,779.720092010007,891.505973917911,891.060271792257
27750.4881279424,801.416274804896,780.649261780101,890.000691708132,887.754290339775
27774.0882028898,805.179421966985,781.670577663113,888.409797679092,884.400808776142
27797.6882778372,808.968447171352,782.783528670583,886.734220818128,881.002087736592
27821.2883527845,812.780644014913,783.987514476827,884.974988620546,877.560503528103
27844.8884277319,816.613274702501,785.281861716596,883.133198000131,874.078477427891
27868.6885033144,820.496267355448,786.67793275039,881.193373234905,870.528489849457
27892.2885782618,824.361543424138,788.151437961308,879.189361624378,866.972731618717
27915.8886532091,828.238836569694,789.712836498951,877.106510920871,863.384079281794
27939.4887281565,832.1252960636,791.361161451958,874.946195071671,859.765123501993
27963.0888031039,836.018048337105,793.095373251706,872.709855639335,856.118492678828
27986.6888780512,839.914199271168,794.914360068048,870.399001028631,852.446850968261
28010.4889536338,843.843852626738,796.833415498226,867.994696921799,848.721503953654
28034.0890285811,847.738015001152,798.819022510588,865.539003072792,845.007811326978
28057.6891035285,851.626769478318,800.885629204822,863.013725934743,841.277317215929
28081.2891784759,855.507164121047,803.031839815813,860.42063226619,837.532807488174
28104.8892534232,859.376239075948,805.256189621188,857.76155042465,833.777092552365
28128.4893283706,863.231029317756,807.557145873327,855.038369040824,830.013004865947
28152.2894039531,867.101006760267,809.953559902508,852.229171186357,826.211435133146
28175.8894789005,870.918141921099,812.403478150065,849.383189519844,822.439164401657
28199.4895538479,874.712069612429,814.92499222137,846.479138883651,818.667148965402
28223.0896287952,878.479832935345,817.516307907451,843.519134336439,814.898283086686
28246.6897037426,882.218484507233,820.175569033981,840.50534317994,811.135469457191
28270.28977869,885.925089550245,822.900858947132,837.439983086035,807.381616278749
28294.0898542725,889.627686880501,825.714108526819,834.298720592463,803.60798163263
28317.6899292198,893.26112739,828.565988850597,831.136679031146,799.880918775956
28341.2900041672,896.85379980025,831.477783389326,827.930023928668,796.171568662673
28364.8900791146,900.402851531459,834.44734975431,824.681154387016,792.482831262578
28388.4901540619,903.905458514066,837.472493834907,821.392509269723,788.817596731592
28412.0902290093,907.358836398605,840.550973588007,818.066561757221,785.178735280301
28435.8903045918,910.788951725191,843.707260286967,814.677150639307,781.538537954035
28459.4903795392,914.135456243615,846.885965832263,811.28378501287,777.961010588381
28483.0904544866,917.424720430546,850.111023964904,807.860697045944,774.418253783747
28506.6905294339,920.654111028687,853.380017090776,804.41048476909,770.913059884431
28530.2906043813,923.821041556274,856.690488757241,800.93577134538,767.448193088057
28553.8906793287,926.922975323868,860.039946028551,797.43920243622,764.026386351261
28577.6907549112,929.982848756791,863.45470461386,793.893574623851,760.621930925443
28601.2908298585,932.946790199203,866.874796818554,790.361179948839,757.294724529516
28624.8909048059,935.838433036713,870.326179399506,786.814997820934,754.018581221846
28648.4909797533,938.655469198637,873.806238014941,783.257737011942,750.796078440572
28672.0910547006,941.395654482858,877.312334430709,779.692115186392,747.629747550914
28695.691129648,944.056811093687,880.841809135062,776.12085614814,744.522071080652
28719.4912052305,946.658342040054,884.422150960297,772.516392890278,741.449929340629
28743.0912801779,949.15447219599,887.99047283136,768.942051755193,738.467348441993
28766.6913551253,951.565446107468,891.574070226739,765.370277270104,735.550569586866
28790.2914300726,953.889375355912,895.170224931918,761.803790340114,732.701853572687
28813.89150502,956.124448875345,898.77621075764,758.245304369086,729.923399904733
28837.4915799674,958.268934746802,902.389296199237,754.69752260645,727.217344628959
28861.2916555499,960.338175075834,906.037414279254,751.133248000427,724.563780702869
28884.8917304973,962.29581316733,909.656498546879,747.615078306713,722.009322816159
28908.4918054446,964.158146340501,913.274459287564,744.115658115263,719.533286904428
28932.091880392,965.923775097143,916.888570083702,740.637624133913,717.137535298337
28955.6919553394,967.591385923646,920.496112253797,737.183590262871,714.82385784624
28979.2920302867,969.159752218108,924.094377372189,733.756145225389,712.593970494101
29002.8921052341,970.627735072027,927.680669750212,730.357850259257,710.449513994645
29026.6921808166,972.005428568264,931.282506755176,726.962848806367,708.374992690489
29050.292255764,973.268710020897,934.836671611478,723.630716853788,706.406769680826
29073.8923307114,974.428753025675,938.37086360988,720.335237992944,704.528416690573
29097.4924056587,975.484911424632,941.88249566194,717.078786914032,702.741142088026
29121.0924806061,976.436499550943,945.368977234148,713.863748529175,701.046187678282
29144.6925555535,977.282911021516,948.827742243258,710.692471618517,699.444723902748
29168.492631136,978.029452551001,952.285171844589,707.540982059594,697.925477894054
29192.0927060833,978.663145345323,955.680633388713,704.464526070035,696.514999781231
29215.6927810307,979.190370963576,959.040838566321,701.438641031579,695.201048946254
29239.2928559781,979.610876547899,962.363347715049,698.465499496272,693.984473014283
29262.8929309254,979.924496259479,965.645757535567,695.547226068638,692.866038773922
29286.4930058728,980.131150624029,968.88570289418,692.685895957802,691.846432240145
29310.2930814553,980.231233803202,972.107738191737,689.860042431281,690.918887185028
29333.8931564027,980.223155661955,975.255411944889,687.119144923299,690.099520991628
29357.4932313501,980.10838589775,978.353753071653,684.441122649602,689.380561315414
29381.0933062974,979.887182908172,981.400566195668,681.827839767221,688.762372801185
29404.6933812448,979.559886915302,984.393702140864,679.281104889429,688.245240928233
29428.2934561922,979.126918843922,987.331059335712,676.802670072955,687.829372559971
29452.0935317747,978.583770815425,990.234735022595,674.374123187613,687.512664980666
29475.693606722,977.940154522394,993.053911567364,672.037927650888,687.300492585618
29499.2936816694,977.192606935964,995.81128701321,669.774953017077,687.189738520849
29522.8937566168,976.341860082127,998.504963378562,667.586715841563,687.180301311699
29546.4938315641,975.388720263405,1001.13309633018,665.474672065189,687.272004540262
29570.0939065115,974.334066645435,1003.69389619634,663.440216397286,687.46459773597
29593.893982094,973.168632980477,1006.20644531912,661.468450356937,687.760670372181
29617.4940570414,971.913034421232,1008.62682679968,659.593792228799,688.154847603628
29641.0941319888,970.55899163136,1010.97482986256,657.800543652645,688.648724367982
29664.6942069361,969.107661026723,1013.24889286992,656.08984890479,689.24176313927
29688.2942818835,967.560264363593,1015.4475129958,654.462788829135,689.933357404271
29711.8943568309,965.91808717009,1017.56924687724,652.920380565045,690.722832774865
29735.6944324134,964.167374197193,1019.62969062273,651.45159959955,691.617373882016
29759.2945073608,962.339054668204,1021.59290422986,650.081992243876,692.601056544023
29782.8945823081,960.420325456593,1023.47528810459,648.799655515268,693.680074014463
29806.4946572555,958.412702783088,1025.27564344548,647.605350393159,694.853498687127
29830.0947322029,956.317759832396,1026.99283349434,646.49977325123,696.120339907983
29853.6948071502,954.137124079189,1028.62578356671,645.483556269735,697.479546218339
29877.4948827327,951.852929629777,1030.18623035727,644.549803358513,698.942685299924
29901.0949576801,949.505309917642,1031.64699168884,643.714715147354,700.483988796614
29924.6950326275,947.077204520618,1033.02065679776,642.970502727276,702.11414023586
29948.2951075748,944.570442134557,1034.3064022088,642.317541961486,703.831857217896
29971.8951825222,941.986897560432,1035.50346747969,641.756145222557,705.635802983921
29995.4952574696,939.328490067641,1036.61115525615,641.28656165217,707.524587740938
30019.2953330521,936.573729260738,1037.63706934019,640.906171121351,709.513835547257
30042.8954079995,933.770931284033,1038.56339252246,640.621490963294,711.568611056695
30066.4954829468,930.89929613706,1039.39862054959,640.428995416814,713.703738110071
30090.0955578942,927.960904943392,1040.14230865932,640.328683501038,715.91762782367
30113.6956328416,924.957875130301,1040.7940748295,640.320492840685,718.208645053041
30137.2957077889,921.89235881101,1041.35359959238,640.404300131461,720.575109766011
30161.0957833715,918.739799833348,1041.8241877956,640.581801638951,723.036288000208
30184.6958583188,915.555414848218,1042.1977342185,640.849768520516,725.549037079046
30208.2959332662,912.315210888174,1042.47845289904,641.209000146811,728.131922536647
30231.8960082136,909.021462992448,1042.66627254445,641.659134243517,730.783098275768
30255.4960831609,905.676472884362,1042.76118296591,642.199750370795,733.50068024398
30279.0961581083,902.282567397715,1042.76323469279,642.830370553941,736.282747823705
30302.8962336908,898.812748173492,1042.67137406229,643.556943058473,739.151713513926
30326.4963086382,895.327720743876,1042.48731710373,644.366661104776,742.057355612393
30350.0963835855,891.800913865222,1042.21091525668,645.264605017577,745.021498710787
30373.6964585329,888.234739420913,1041.84245798855,646.250072990422,748.042089572084
30397.2965334803,884.631626670051,1041.38229312992,647.322309179884,751.11704534894
30420.8966084277,880.994020735144,1040.83082632693,648.480504465017,754.244254966764
30444.496683375,877.324381101291,1040.18852047014,649.723797225031,757.421580503686
30468.2967589575,873.593711743117,1039.44930206531,651.062880951335,760.674390100884
30491.8968339049,869.867214355708,1038.62617483664,652.474278780419,763.945811624894
30515.4969088523,866.116154241247,1037.71394022975,653.96787344754,767.260769138025
30539.0969837996,862.343033631957,1036.71328442435,655.542601030072,770.617030875239
30562.697058747,858.550361788076,1035.62494766213,657.19734924492,774.012345072866
30586.2971336944,854.740653571457,1034.44972355305,658.930958318243,777.444441320509
30610.0972092769,850.883964519124,1033.17740453875,660.757899841837,780.940550614649
30633.6972842243,847.047652620379,1031.83027890165,662.646207770252,784.439594782878
30657.2973591716,843.201889862815,1030.39896802473,664.609609995155,787.968491611368
30680.897434119,839.349199509085,1028.88447213953,666.646765352665,791.524909389999
30704.4975090664,835.492103479021,1027.28784112303,668.756289721704,795.106504436401
30728.0975840137,831.633121003674,1025.61017370964,670.93675696023,798.710922407419
30751.8976595962,827.742079251828,1023.83738413751,673.206059761989,802.366599547422
30775.4977345436,823.886901481898,1022.00046986739,675.52454041283,806.009707334991
30799.097809491,820.037386754374,1020.08611117866,677.909429604884,809.668503870544
30822.6978844383,816.19603028635,1018.09559447857,680.359142327508,813.340605087278
30846.2979593857,812.365318070639,1016.03025089479,682.872056363785,817.023622708884
30869.8980343331,808.54772561183,1013.89145541519,685.446513273782,820.715165513351
30893.6981099156,804.71356987374,1011.66158650734,688.103394840214,824.444196175038
30917.298184863,800.929758517032,1009.37959155189,690.796307313854,828.145631625475
30940.8982598103,797.166438649393,1007.02853696639,693.54556486563,831.848393163038
30964.4983347577,793.426031316368,1004.60996471362,696.349373850321,835.55009027715
30988.0984097051,789.710940946352,1002.12545616003,699.205909414281,839.24833571608
31011.6984846524,786.023554166354,999.576631158727,702.113316512731,842.940746700742
31035.498560235,782.335379662211,996.942752970041,705.094969002879,846.656126283395
31059.0986351823,778.710767600017,994.269794634029,708.098829076976,850.329644149962
31082.6987101297,775.120920169428,991.537615844598,711.147808099989,853.990198094788
31106.2987850771,771.56814100906,988.747981358125,714.239940313643,857.635435286466
31129.8988600244,768.054710214837,985.902689703134,717.373234933712,861.263013322621
31153.4989349718,764.582883230466,983.003572215746,720.545677194567,864.870601395248
31177.2990105543,761.126032588348,980.027266264255,723.782581693933,868.486163248766
31200.8990855017,757.744477584749,977.025701962694,727.027471431355,872.046610402453
31224.499160449,754.411166503108,973.976012735475,730.305307840323,875.580124293212
31248.0992353964,751.128246207164,970.880152146196,733.613989875796,879.084431083102
31271.6993103438,747.897832467809,967.740101422422,736.95139820785,882.557275143988
31295.2993852911,744.722010011363,964.55786865506,740.315395880219,885.996419257767
31319.0994608737,741.576645610732,961.308013777357,743.732643153112,889.428326862866
31342.699535821,738.516636203881,958.047229618684,747.143522923477,892.793106353656
31366.2996107684,735.517292334303,954.750456391172,750.574467648363,896.117577552293
31389.8996857158,732.580563996944,951.419799571923,754.023280573194,899.399588204919
31413.4997606631,729.708365076034,948.057386330152,757.487752752314,902.637009992373
31437.0998356105,726.902572368065,944.665364471845,760.965664147944,905.827739610715
31460.899911193,724.142121858888,941.216811854422,764.484395052601,908.996112341216
31484.4999861404,721.475219968107,937.771888764761,767.982552354948,912.08681378156
31508.1000610878,718.880137277619,934.303932362857,771.487414207528,915.124656932332
31531.7001360351,716.358592318183,930.815162415244,774.996727249707,918.107649482536
31555.3002109825,713.912261794248,927.307813912517,778.508232615227,921.033829453996
31578.9002859299,711.542779668786,923.784135961982,782.019667065229,923.901266244517
31602.7003615124,709.232660274764,920.216356163783,785.558485761054,926.731583575264
31626.3004364597,707.022285666817,916.666727318472,789.062928144898,929.475335296653
31649.9005114071,704.893408421007,913.10760923765,792.560475852307,932.154735264658
31673.5005863545,702.847482196973,909.541296308949,796.04885961845,934.767988993579
31697.1006613018,700.885913488756,905.970091346399,799.525811577698,937.313338504316
31720.7007362492,699.010060774487,902.396304424158,802.989066436395,939.789063329328
31744.5008118317,697.206449643672,898.791968618827,806.465502373132,942.213548501404
31768.1008867791,695.506661528701,895.21999849314,809.894419351296,944.544392466199
31791.7009617265,693.896378449568,891.652428084301,813.302851571822,946.800671957986
31815.3010366738,692.376758114583,888.091584648915,816.688555966436,948.98082682117
31838.9011116212,690.948906137193,884.539796702275,820.049298020384,951.083339338018
31862.5011865686,689.613875260015,880.999392787192,823.382852988581,953.106735189017
31886.1012615159,688.372664592669,877.472700231656,826.687007119057,955.049584404714
31909.9013370985,687.216910755912,873.932367739956,829.987151060167,956.92591882838
31933.5014120458,686.166933854768,870.440234225104,833.225616723868,958.702855709473
31957.1014869932,685.213452115914,866.96879377607,836.428100243299,960.395220790203
31980.7015619406,684.357242307627,863.520356154666,839.59244435753,962.001771245944
32004.3016368879,683.599023974389,860.09722351676,842.716509033335,963.521313226002
32027.9017118353,682.939458769375,856.701689102736,845.798172730401,964.952702744655
32051.7017874178,682.374827163772,853.307647627859,848.860876187645,966.305836278824
32075.3018623652,681.915166298738,849.97442925835,851.851050037685,967.5569233111
32098.9019373125,681.555793618879,846.675641164006,854.792564645201,968.716725684154
32122.5020122599,681.29713239416,843.413527485792,857.683385420672,969.784307986921
32146.1020872073,681.13954494602,840.19031673027,860.521502692702,970.758788941308
32169.7021621546,681.083332099548,837.008220397885,863.304933006006,971.639342210505
32193.5022377372,681.129552171925,833.843022990857,866.054581210816,972.431450231056
32217.1023126845,681.277605614869,830.75010972661,868.722294112802,973.12108135922
32240.7023876319,681.527562714725,827.704847640975,871.329524079461,973.714637952104
32264.3024625793,681.879472761994,824.709366117012,873.874405843072,974.211521675301
32287.9025375266,682.333321167523,821.765770531532,876.355106901306,974.611192920354
32311.502612474,682.889029064972,818.876140835188,878.769828830136,974.913171501591
32335.3026880565,683.552458432501,816.018761670129,881.136403814804,975.118344681199
32358.9027630039,684.312248944133,813.243695229928,883.413319104785,975.222902552
32382.5028379513,685.173270539523,810.528684466467,885.61906344638,975.228688113862
32406.1029128986,686.135183290684,807.875693048778,887.751988185204,975.135465918774
32429.702987846,687.197581445593,805.286652034148,889.810485304583,974.943063084679
32453.3030627934,688.359993214704,802.763458424519,891.792988725612,974.651369846793
32477.1031383759,689.632997949261,800.287459109894,893.713784053343,974.256601790847
32500.7032133232,690.994591684583,797.902104827724,895.539100422905,973.765412088231
32524.3032882706,692.454379851336,795.58808515202,897.283977454276,973.174987459032
32547.903363218,694.01162450433,793.347146084317,898.947030097168,972.485476102755
32571.5034381653,695.665521121454,791.18099235081,900.526921644452,971.697091658701
32595.1035131127,697.415198608206,789.09128597091,902.022364981655,970.810113574737
32618.9035886952,699.275753331772,787.062935145166,903.443701360405,969.816119366212
32642.5036636426,701.214904011696,785.131613065727,904.76585038966,968.73223005121
32666.10373859,703.246814131376,783.281466667714,905.999990363415,967.55098780438
32689.7038135373,705.370346593843,781.513972559502,907.145045223859,966.272938866394
32713.3038884847,707.584311720747,779.830560474784,908.19998945489,964.898684983641
32736.9039634321,709.88754509112,778.232629641804,909.163819307829,963.428815302405
32760.7040390146,712.299374730698,776.70908041005,910.042609454751,961.850390201343
32784.304113962,714.777865181492,775.286802067431,910.820731667337,960.190750721463
32807.9041889093,717.34145797915,773.953841254706,911.505169384781,958.43790829132
32831.5042638567,719.988633886506,772.711361036817,912.095190964137,956.592804705635
32855.1043388041,722.717810069965,771.560466964635,912.590126740098,954.656448975039
32878.7044137514,725.527340608254,770.50220581549,912.989370031089,952.629917235915
32902.5044893339,728.440324167257,769.529792177608,913.29453333523,950.496047061322
32926.1045642813,731.406019869263,768.66050097077,913.500006940284,948.291920598492
32949.7046392287,734.446743639384,767.886625202903,913.608352313802,946.001258820731
32973.304714176,737.560602718066,767.208963931584,913.619224717239,943.625405126073
32996.9047891234,740.745644515299,766.628251534304,913.532346952091,941.165768900703
33020.5048640708,743.9998574071,766.145156622138,913.347510161137,938.623825147827
33044.3049396533,747.349599004438,765.757440617351,913.061757385003,935.978547112128
33067.9050146007,750.736428739465,765.472157202871,912.679821062787,933.276009797291
33091.505089548,754.186030474753,765.286095832346,912.199716895918,930.49599361084
33115.1051644954,757.696164967232,765.199651329572,911.621517176754,927.640231824822
33138.7052394428,761.264538700762,765.213147882641,910.945365908438,924.710520688559
33162.3053143901,764.888804996567,765.326838199856,910.171479335801,921.708718737327
33186.1053899727,768.597954256001,765.543146097247,909.292346823743,918.610418147172
33209.70546492,772.327180844984,765.858544002351,908.323108695251,915.469686267224
33233.3055398674,776.104931538939,766.274457169598,907.25722597398,912.262822654799
33256.9056148148,779.928658832099,766.790844294622,906.095208741194,908.991927397724
33280.5056897621,783.795768470481,767.407589121633,904.837641158746,905.659158512303
33304.1057647095,787.703620910371,768.124499916096,903.485181658057,902.266730884625
33327.7058396569,791.649532838578,768.941308997592,902.03856306492,898.816915145607
33351.5059152394,795.6646612317,769.865862391918,900.485145620356,895.2821055892
33375.1059901867,799.678739166731,770.882197360246,898.851925457205,891.724106301572
33398.7060651341,803.72255625667,771.997163628956,897.127199706334,888.115873804176
33422.3061400815,807.793270283258,773.210185687691,895.3119992902,884.459889502012
33445.9062150288,811.888044276268,774.520619591073,893.40741355543,880.758648675109
33469.5062899762,816.004096317565,775.927765361872,891.414570740917,877.014615841097
33493.3063655587,820.173600657254,777.443966686842,889.316722161667,873.198171793034
33516.9064405061,824.323491599861,779.042854526658,887.150455630578,869.376142360254
33540.5065154535,828.48573672052,780.735806925975,884.89990230708,865.51933116187
33564.1065904008,832.657313604008,782.521788946439,882.566527399841,861.63048747381
33587.7066653482,836.835176443001,784.399688973023,880.15186734889,857.712399804182
33611.3067402956,841.016258350456,786.368319108065,877.657529049889,853.767893895517
33635.1068158781,845.232899482896,788.444235677748,875.063061124543,849.766110579728
33658.7068908255,849.411108108869,790.591200602369,872.413825832227,845.777221206796
33682.3069657728,853.583206459667,792.824867193108,869.690162256287,841.770617899434
33705.9070407202,857.746067868985,795.143747486208,866.893950111185,837.74925390782
33729.5071156676,861.896557294744,797.546280535495,864.027134314013,833.716108445181
33753.1071906149,866.031534073758,800.030833345543,861.091723655591,829.674184186967
33776.9072661974,870.182650103299,802.617776251749,858.064071044864,825.592186417713
33800.5073411448,874.27697313102,805.261844458956,854.997208911815,821.54178350567
33824.1074160922,878.346329766219,807.982595978698,851.86816564712,817.49175035711
33847.7074910395,882.387585805442,810.778120263945,848.679190840414,813.445156999772
33871.3075659869,886.397616195684,813.64644080808,845.432589882266,809.405083229229
33894.9076409343,890.373308153078,816.585516643939,842.130722073809,805.374615661745
33918.7077165168,894.344770586526,819.619020360365,838.747349931058,801.322858918647
33942.3077914642,898.242155825021,822.693788110542,835.341815562242,797.321022787542
33965.9078664115,902.095943925799,825.832798768759,831.888416931939,793.338089423077
33989.5079413589,905.90310341658,829.033769881455,828.389708694099,789.377142035971
34013.1080163063,909.660631276037,832.294363417548,824.848288641925,785.441255075987
34036.7080912536,913.365556229788,835.612187804582,821.266795316316,781.533490998674
34060.5081668362,917.045623399967,839.013608529786,817.617084918539,777.624186391092
34084.1082417835,920.636064706161,842.438948802478,813.963229030703,773.782093864315
34107.7083167309,924.165265783587,845.91404142792,810.277428437359,769.977164804068
34131.3083916783,927.630513205322,849.436326998937,806.562420118732,766.212294045521
34154.9084666256,931.02904326577,853.003183047151,802.821005273143,762.490434286189
34178.508541573,934.358144727431,856.611947664643,799.056009540598,758.814505697103
34202.3086171555,937.642446446293,860.290996381549,795.238118218448,755.156872708178
34225.9086921029,940.82413130825,863.975742929413,791.434385758181,751.581876549618
34249.5087670502,943.928567456622,867.694174992018,787.615697613844,748.0613772953
34273.1088419976,946.953277444544,871.443496650576,783.784952565399,744.59813865387
34296.708916945,949.895849493846,875.220885232181,779.945060445566,741.194877533971
34320.3089918923,952.7539402632,879.023494055673,776.098939228869,737.854261056929
34344.1090674749,955.548386368236,882.880957402539,772.216884091968,734.551432602537
34367.7091424222,958.230008530188,886.725537120604,768.367085857628,731.344478634973
34391.3092173696,960.820538504874,890.586656206665,764.519856895199,728.207864157987
34414.909292317,963.317932960017,894.461399818989,760.678118542363,725.144028324559
34438.5093672643,965.720229224719,898.346843194186,756.844785715028,722.155346793824
34462.1094422117,968.025547354877,902.240054486809,753.022764046208,719.244129294773
34485.9095177942,970.250364562674,906.171144111836,749.182746365297,716.388968299134
34509.5095927416,972.355568396279,910.07108504533,745.392169683541,713.640035778904
34533.109667689,974.358655825662,913.969959300183,741.621561387889,710.975095744767
34556.7097426363,976.258096409344,917.864834981562,737.873761855982,708.396171559032
34580.3098175837,978.052450622528,921.752787163866,734.15158840463,705.905210261492
34603.9098925311,979.740371042084,925.630900625566,730.457832684692,703.504080881791
34627.7099681136,981.333531619134,929.528967217977,726.764360451726,701.175397246633
34651.3100430609,982.803988464295,933.378565107994,723.135998806291,698.960017118137
34674.9101180083,984.164522788628,937.209639396769,719.544273435883,696.839606509124
34698.5101929557,985.414165180184,941.019340447853,715.991848201904,694.815707523226
34722.110267903,986.552041973346,944.804841416564,712.481349212096,692.889777837256
34745.7103428504,987.577380869788,948.563341963751,709.015360544415,691.06318511133
34769.3104177978,988.4896296055,952.292099103863,705.596375368461,689.337101492223
34793.1104933803,989.29453110297,956.019561243286,702.198535638267,687.699355539949
34816.7105683277,989.978061929943,959.680354685667,698.881416589621,686.178594273076
34840.310643275,990.547072308755,963.30327065402,695.618654913431,684.761648688058
34863.9107182224,991.001261071955,966.885672065452,692.412604361375,683.449457630173
34887.5107931698,991.340421317446,970.424960329368,689.2655675261,682.242872614354
34911.1108681171,991.564439829831,973.918577357193,686.179794198529,681.142657771782
34934.9109436997,991.67372693919,977.392993048445,683.132144306108,680.141532406936
34958.511018647,991.666518786795,980.787325238601,680.175993331553,679.256915578937
34982.1110935944,991.544385786753,984.128553632895,677.287540611837,678.48044193469
35005.7111685418,991.307582384742,987.414301250831,674.468809418182,677.812526860185
35029.3112434891,990.956452312762,990.642240612171,671.721763205279,677.253499599322
35052.9113184365,990.49142744904,993.81009531618,669.048304449314,676.803603772763
35076.711394019,989.907642092791,996.941687233658,666.428583800595,676.460578776575
35100.3114689664,989.215516858915,999.982199657775,663.908419820639,676.230264149767
35123.9115439137,988.41131505603,1002.95610172202,661.467188634079,676.109304004773
35147.5116188611,987.495809037331,1005.86133616804,659.106538161719,676.097605490309
35171.1116938085,986.469852580487,1008.69590363568,656.828050667445,676.194993843843
35194.7117687558,985.334379379044,1011.4578638095,654.63324204282,676.401213325243
35218.5118443384,984.079398703187,1014.16778813994,652.506050276982,676.719057771782
35242.1119192857,982.727099516432,1016.77830001009,650.483617250031,677.142767313382
35265.7119942331,981.268558614653,1019.3107337067,648.549017247087,677.674060527508
35289.3120691805,979.705014059091,1021.76339570855,646.703494297968,678.312367493067
35312.9121441278,978.037775685761,1024.13465624647,644.948223489508,679.057042737355
35336.5122190752,976.268223390219,1026.42295004361,643.284310643214,679.907366445152
35360.3122946577,974.381527658518,1028.64508839759,641.69987173213,680.87108608686
35383.9123696051,972.410923441452,1030.7622802555,640.222509082397,681.931133536708
35407.5124445524,970.342561540975,1032.79219163991,638.839411230667,683.0942283201
35431.1125194998,968.178123379573,1034.73353120719,637.551389340734,684.359331331984
35454.7125944472,965.919408955112,1036.5850897527,636.359160706811,685.725284904286
35478.3126693946,963.568177003303,1038.34570318541,635.263410715076,687.190953649337
35502.1127449771,961.105164349646,1040.02801888902,634.25670945917,688.76881261711
35525.7128199244,958.573649121364,1041.6027270026,633.356526856919,690.431071996512
35549.3128948718,955.955239508274,1043.08339637111,632.55446781071,692.189250621138
35572.9129698192,953.251911896971,1044.4691356543,631.850939775687,694.0419628257
35596.5130447665,950.465693163846,1045.75912208326,631.246281069156,695.987763542478
35620.1131197139,947.598658859364,1046.95260152656,630.74076115425,698.025149769687
35643.9131952964,944.627637498853,1048.05776193953,630.331563687049,700.170971088851
35667.5132702438,941.6047451882,1049.05540827561,630.025699358584,702.387537209501
35691.1133451912,938.507556771946,1049.9546926435,629.819372809774,704.690832735812
35714.7134201385,935.338324708554,1050.75513575087,629.712581178069,707.079137410245
35738.3134950859,932.099341065956,1051.45632656977,629.705254774422,709.550680557558
35761.9135700333,928.792935725239,1052.05792213082,629.797257599837,712.103642609219
35785.7136456158,925.392631733258,1052.56347177673,629.990430517823,714.758800574944
35809.3137205632,921.957994322101,1052.96427006151,630.28125782597,717.469603467334
35832.9137955105,918.463154626499,1053.26484896514,630.670611092538,720.2560717462
35856.5138704579,914.910576215902,1053.46513546268,631.158094368525,723.116205249382
35880.1139454053,911.302751592755,1053.56512296925,631.743248470024,726.047962616665
35903.7140203526,907.642200447755,1053.56487090842,632.425551681002,729.049262831873
35927.5140959351,903.899813938418,1053.46322637078,633.211431908693,732.144274872883
35951.1141708825,900.141076462706,1053.26208930212,634.087031698157,735.278810626687
35974.7142458299,896.337339431726,1052.96128461164,635.05784145052,738.476404948936
35998.3143207772,892.491214232229,1052.56113133366,636.123096367289,741.734833331096
36021.9143957246,888.605330874719,1052.06201187303,637.28197301813,745.051839316754
36045.514470672,884.682336321536,1051.46437139138,638.53359018788,748.425136032684
36069.3145462545,880.691215611147,1050.76240454396,639.888784140239,751.881676352155
36092.9146212019,876.701741290666,1049.96848210598,641.323777073412,755.361007342097
36116.5146961492,872.683204685585,1049.07774973851,642.848519814324,758.889581005204
36140.1147710966,868.638304205442,1048.09089748736,644.461908414224,762.4650038213
36163.714846044,864.56974704968,1047.00867470557,646.162785667401,766.084859448841
36187.3149209913,860.480247622461,1045.83188929688,647.949942065627,769.746710223242
36210.9149959387,856.372525962823,1044.56140693868,649.822116767331,773.448098648121
36234.7150715212,852.214305222965,1043.18620358112,651.794927689486,777.218381913029
36258.3151464686,848.078217422505,1041.73037786419,653.833847967732,780.99168349454
36281.9152214159,843.932108968284,1040.1837998143,655.953693776412,784.797024726863
36305.5152963633,839.778707043904,1038.54755851649,658.153008501491,788.631883430776
36329.1153713107,835.620736842788,1036.82279666296,660.430289242996,792.493724943695
36352.7154462581,831.460920094043,1035.01070967205,662.783987856234,796.380003560585
36376.5155218406,827.266739773468,1033.09609449985,665.233407811222,800.321370145485
36400.1155967879,823.111415892256,1031.11243712022,667.735735162831,804.249001573064
36423.7156717353,818.96239823391,1029.04535982546,670.309560642772,808.193359195141
36447.3157466827,814.822380170414,1026.89626025764,672.953165379343,812.151867315955
36470.91582163,810.694044471209,1024.66658416586,675.664790603262,816.121946269143
36494.5158965774,806.58006192683,1022.35782444728,678.442638737889,820.101013799645
36518.3159721599,802.448450148807,1019.95097039715,681.309231050827,824.120281606174
36541.9160471073,798.371309387342,1017.48806901421,684.214504229624,828.10959737125
36565.5161220547,794.316470945572,1014.95084981955,687.180369428067,832.100131210964
36589.116197002,790.286544104199,1012.34098486262,690.204884577867,836.089304157754
36612.7162719494,786.284119512728,1009.66018838264,693.286074352412,840.074541420933
36636.3163468968,782.311767908592,1006.91021579055,696.421931289981,844.053273706293
36660.1164224793,778.338797966155,1004.06870405957,699.637656982305,848.056533691497
36683.7164974266,774.434527199549,1001.18525749885,702.877122518859,852.014467280756
36707.316572374,770.567930693162,998.238153814988,706.165033428552,855.958212505563
36730.9166473214,766.741486817466,995.229303070521,709.49926479791,859.885235143325
36754.5167222688,762.957647844352,992.160651279372,712.87766526666,863.793012922633
36778.1167972161,759.218838756285,989.034179341797,716.298058174844,867.679036781766
36801.9168727986,755.496382620919,985.82470088698,719.787730002557,871.573428304766
36825.516947746,751.855225228239,982.588218798818,723.28579117315,875.408239161836
36849.1170226934,748.266216899626,979.300075577149,726.819155408335,879.213839821653
36872.7170976407,744.731661840052,975.962381194119,730.385556114534,882.987786361273
36896.3171725881,741.253841349467,972.577277431442,733.982703286208,886.727645256292
36919.9172475355,737.834996948567,969.146933306038,737.608290519137,890.431008531363
36943.717323118,734.449142975429,965.643930960204,741.291047621466,894.12637618766
36967.3173980654,731.155364965385,962.129381583005,744.966725110678,897.74926540917
36990.9174730127,727.927075568788,958.576273966753,748.663810464205,901.328562953263
37014.5175479601,724.766363909682,954.986878511875,752.379937322995,904.861959209255
37038.1176229075,721.675279624799,951.363488312543,756.112726892925,908.347171007233
37061.7176978548,718.655831832668,947.708418007466,759.859789135359,911.781942767587
37085.5177734373,715.685343400414,943.992660088795,763.650623189808,915.192478185129
37109.1178483847,712.81567697553,940.281035252414,767.419091545329,918.519244942882
37132.7179233321,710.02343692164,936.544812066892,771.194586451416,921.788963618671
37156.3179982794,707.310459839973,932.786379843589,774.974684834317,924.999500603651
37179.9180732268,704.678536834864,929.008143567343,778.756958405311,928.148755515045
37203.5181481742,702.129412556286,925.212522700042,782.538974879006,931.234662297579
37227.3182237567,699.644263394055,921.369600080472,786.350308894692,934.280502904513
37250.9182987041,697.266516934314,917.546424778482,790.124450575945,937.233078662402
37274.5183736514,694.976528377005,913.713218893698,793.891005936179,940.116308570076
37298.1184485988,692.77584679621,909.872447735189,797.647539005996,942.92827507162
37321.7185235462,690.665970201544,906.026584965047,801.39161600261,945.667100336578
37345.3185984935,688.648344655593,902.178111347984,805.120806581732,948.330947313625
37369.1186740761,686.708462509876,898.296904848566,808.864060788048,950.939612014839
37392.7187490234,684.880275643727,894.450704646718,812.556030011004,953.447486760237
37416.3188239708,683.148368358715,890.609387008137,816.225834615145,955.875112861929
37439.9188989182,681.513969896451,886.775448420057,819.871070729563,958.220827138436
37463.5189738655,679.978253333464,882.951386061342,823.48934428517,960.483012336184
37487.1190488129,678.542334781731,879.139696491801,827.078272304322,962.660098130174
37510.9191243954,677.196392399551,875.310768533751,830.665487778055,964.767903508631
37534.5191993428,675.964053733894,871.531462871431,834.188327859849,966.769519453431
37558.1192742901,674.834519579215,867.772023749715,837.674733234686,968.681604599229
37581.7193492375,673.808669993487,864.034931878875,841.122378458896,970.502786574612
37605.3194241849,672.887324304261,860.322660627176,844.528955735102,972.231744792689
37628.9194991323,672.071240408241,856.637674646807,847.892176239496,973.867211386325
37652.5195740796,671.361114089441,852.982428489341,851.209771454927,975.407972130719
37676.3196496621,670.752920804415,849.328805770656,854.506993080689,976.864699376461
37699.9197246095,670.257455636917,845.740659201968,857.726186114934,978.211798514491
37723.5197995569,669.869660206906,842.189561915405,860.893065029473,979.460871368694
37747.1198745042,669.589974875968,838.677913870539,864.005456195765,980.610927722806
37770.7199494516,669.418774783508,835.208097839671,867.061213046829,981.661035410703
37794.320024399,669.356369292473,831.782477964126,870.058217439105,982.610321148943
37818.1200999815,669.403863138321,828.374967569211,873.018997867001,983.464718321524
37841.7201749289,669.560635310106,825.045174583904,875.891721700911,984.209109153234
37865.3202498762,669.826730972913,821.766563209667,878.699505836398,984.850413937728
37888.9203248236,670.202190761955,818.541408242736,881.440359794419,985.388003410617
37912.520399771,670.686987141882,815.371958493691,884.112328379484,985.821311076818
37936.1204747183,671.281024011673,812.260435297869,886.713493052836,986.149833923653
37959.9205503008,671.99056039839,809.183434769048,889.263085213266,986.374574719035
37983.5206252482,672.803435069693,806.194848255235,891.71640061165,986.491379937203
38007.1207001956,673.724844163942,803.270690383059,894.093375062201,986.502276636161
38030.7207751429,674.754413386438,800.413057300163,896.392250724417,986.407022947105
38054.3208500903,675.891698368009,797.62401014963,898.611313266723,986.205443685414
38077.9209250377,677.136184464756,794.90557355882,900.748893223063,985.897430908743
38101.7210006202,678.499190377534,792.23762758069,902.820418471126,985.478976897116
38125.3210755676,679.957147855239,789.666972305781,904.789486829636,984.957143079771
38148.9211505149,681.520332954209,787.172783239917,906.672334136831,984.328961620794
38172.5212254623,683.187948064751,784.756923476978,908.467484244487,983.594599108327
38196.1213004097,684.959124861242,782.421212042569,910.173512547619,982.754291701184
38219.721375357,686.832924333158,780.1674223975,911.789047285962,981.808345492737
38243.5214509396,688.825508814574,777.979252199294,913.325287764985,980.747779711846
38267.1215258869,690.902301430642,775.895166945823,914.755143905755,979.590869364928
38290.7216008343,693.078466475628,773.898049198044,916.090711100239,978.329665883516
38314.3216757817,695.352782767829,771.989474907034,917.330842184072,976.964758599488
38337.921750729,697.723959244557,770.170967094669,918.474449122459,975.496808034419
38361.5218256764,700.19063525829,768.443994419777,919.520504208104,973.926546029189
38385.3219012589,702.773480259219,766.796523276013,920.475647454494,972.240176657766
38408.9219762063,705.427654661186,765.257624700686,921.322886070126,970.466854304535
38432.5220511536,708.172960464953,763.814370954303,922.069801116356,968.593728487068
38456.122126101,711.007769765012,762.468003662144,922.715612600519,966.621809631779
38479.7222010484,713.930388630751,761.219703655204,923.259605736587,964.552178313622
38503.3222759957,716.93905651926,760.070589410607,923.701132497058,962.385986063909
38527.1223515783,720.058512350724,759.013258227591,924.042039253936,960.104885938658
38550.7224265256,723.234422754199,758.066477027808,924.276081659002,957.748518093911
38574.322501473,726.490690402296,757.221857684261,924.406120684789,955.299479574349
38597.9225764204,729.825294423444,756.480256076064,924.431785726283,952.759204134685
38621.5226513677,733.23615093678,755.842459568959,924.352777652474,950.12919512808
38645.1227263151,736.721113927766,755.309185883306,924.168869633128,947.411025081661
38668.9228018976,740.308419871623,754.877905108094,923.877009899113,944.582201787453
38692.522876845,743.935494172587,754.556444602088,923.4820234899,941.691990266691
38716.1229517924,747.629853681699,754.341235394152,922.981898351358,938.718760640629
38739.7230267397,751.389113171431,754.232705440242,922.376704897486,935.66435738936
38763.3231016871,755.210830463176,754.231207975572,921.666589315917,932.530691233162
38786.9231766345,759.092507625093,754.337020634003,920.851774114848,929.319738378596
38810.723252217,763.065212194687,754.552612273655,919.92432355422,926.005375001096
38834.3233271643,767.059551751335,754.874484038271,918.900204608545,922.645424528034
38857.9234021117,771.106012943449,755.304037215461,917.772520332851,919.214519108028
38881.5234770591,775.201887508503,755.841238569043,916.54180355545,915.714888690099
38905.1235520064,779.344418282441,756.485975629491,915.208665324708,912.14882403331
38928.7236269538,783.530800743008,757.23805613888,913.773795106827,908.518675585324
38952.5237025363,787.794176857581,758.104945083516,912.224516301959,904.795309124271
38976.1237774837,792.059978221028,759.071716805181,910.587720166988,901.043786122392
38999.7238524311,796.360924833254,760.144767828706,908.851740117156,897.235598211575
39023.3239273784,800.694039053517,761.32358176372,907.01758060164,893.373322510911
39046.9240023258,805.056304535749,762.60756061969,905.08632445897,889.459589203854
39070.5240772732,809.444668146521,763.996024652157,903.059132693963,885.497080005712
39094.1241522205,813.856041948328,765.48821228299,900.93724417775,881.488526558413
39117.9242278031,818.324942054048,767.097236328836,898.702803721407,877.40218779894
39141.5243027504,822.773215239113,768.795151188983,896.39471899117,873.309476141884
39165.1243776978,827.235197285873,770.594048828014,893.996059001005,869.179065084333
39188.7244526452,831.707684047833,772.492845006305,891.508365779379,865.013865834868
39212.3245275925,836.187447445456,774.490374443963,888.93325645025,860.816830460883
39235.9246025399,840.671237203972,776.58539107378,886.272422737381,856.590950349365
39259.7246781224,845.193781736769,778.795544754734,883.504015587496,852.303121203011
39283.3247530698,849.675761236524,781.082273606,880.676414421555,848.028492821848
39306.9248280171,854.151879622794,783.46225890685,877.76861909311,843.734234692687
39330.5249029645,858.618822681219,785.933936337245,874.782610814936,839.423473844225
39354.1249779119,863.073266855065,788.495664030677,871.72044017143,835.099365246024
39377.7250528592,867.511882024797,791.145723498595,868.584225792647,830.765089289614
39401.5251284418,871.968695914435,793.905876650143,865.348665201663,826.387038467962
39425.1252033891,876.365445869212,796.727852244836,862.070404121364,822.042039704844
39448.7252783365,880.736337668444,799.632538322316,858.724868650551,817.696568429688
39472.3253532839,885.078044128622,802.617920454498,855.314434943569,813.353880052582
39495.9254282312,889.387246408152,805.681913661802,851.841539118644,809.017241607859
39519.5255031786,893.660637160699,808.822363915353,848.308675358026,804.689928777961
39543.3255787611,897.930631041127,812.064603561267,844.687729856755,800.338720812098
39566.9256537085,902.12216566877,815.351837485053,841.042181727037,796.040054274978
39590.5257286559,906.268040492872,818.708648341173,837.344498926318,791.76058936424
39614.1258036032,910.365026840674,822.132622321601,833.597387460914,787.503605278124
39637.7258785506,914.409923985955,825.621285523523,829.803600515624,783.272374043381
39661.325953498,918.39956252492,829.172106013939,825.965936022095,779.070157209429
39685.1260290805,922.363864990956,832.813339539421,822.054196644153,774.865011026563
39708.7261040278,926.233086138961,836.481128538444,818.137026251782,770.730863534308
39732.3261789752,930.037736633478,840.203129758537,814.184639975294,766.635445790542
39755.9262539226,933.774806691125,843.976601100877,810.199989170402,762.581943564651
39779.5263288699,937.441361619549,847.79876009099,806.186046250323,758.573491781475
39803.1264038173,941.034623330128,851.66680561663,802.14577074828,754.613101797643
39826.9264793998,944.581224600763,855.61119141916,798.047663040535,750.670950585166
39850.5265543472,948.018742831946,859.562696458775,793.96367682658,746.816368540484
39874.1266292946,951.374573143641,863.551344299211,789.862544978724,743.019020728965
39897.7267042419,954.646044488623,867.574157302131,785.747360925299,739.281877025989
39921.3267791893,957.830552749779,871.628127409295,781.621232110103,735.607860430774
39944.9268541367,960.925563732219,875.710219008472,777.487276934633,731.999843864394
39968.7269297192,963.953665826884,879.852276506812,773.313537204285,728.430955862637
39992.3270046665,966.861564284548,883.981581634335,769.173313045701,724.963960447709
40015.9270796139,969.672791763586,888.129738954281,765.034679221926,721.571274958412
40039.5271545613,972.385122506009,892.293631871763,760.900767107572,718.25554079323
40063.1272295087,974.996414182433,896.470131064379,756.774703585588,715.019334323149
40086.727304456,977.504610237804,900.656097496481,752.659607981299,711.86516418013
40110.5273800385,979.927653229444,904.883931305984,748.523903637499,708.769822081233
40134.1274549859,982.22292833978,909.079404768517,744.440215121288,705.787712455406
40157.7275299333,984.409459494972,913.274873566318,740.376802857401,702.894752239532
40181.3276048806,986.485554751513,917.4671899844,736.336725617982,700.093153577235
40204.927679828,988.4496175796,921.653211639452,732.32301970177,697.38504903361
40228.5277547754,990.300148335562,925.829804433536,728.338696084379,694.772489614883
40252.3278303579,992.049959098396,930.029071420654,724.353393221269,692.236551107508
40275.9279053053,993.668330414286,934.177305973156,720.437063740748,689.82174977252
40299.5279802526,995.169254644893,938.306762027626,716.558994485825,687.508154333654
40323.1280552,996.551632108735,942.414367681654,712.722067494982,685.297471773762
40346.7281301474,997.814464997148,946.497073571287,708.929126128614,683.191319695829
40370.3282050947,998.956857893178,950.55185557668,705.182972613965,681.191225188641
40394.1282806773,999.986151938194,954.609677361029,701.455258007596,679.283048087976
40417.7283556246,1000.88435393759,958.599353653565,697.811364875011,677.500210927025
40441.328430572,1001.66011383864,962.552203578359,694.222390538721,675.827407356256
40464.9285055194,1002.31306015927,966.465358624211,690.690903823084,674.265694264588
40488.5285804667,1002.84280943421,970.33596301696,687.219464531735,672.81613517837
40512.1286554141,1003.24908089631,974.161201297649,683.810578183853,671.47969886758
40535.7287303615,1003.53169503096,977.938300209447,680.466694600444,670.257260074627
40559.528805944,1003.69139061247,981.695884001231,677.162734001454,669.140705009543
40583.1288808913,1003.7255052944,985.368098785881,673.956574591275,668.149490365429
40606.7289558387,1003.63602639937,988.984106770636,670.822434952809,667.27433781098
40630.3290307861,1003.42317311948,992.541324826178,667.762524716681,666.515745550095
40653.9291057334,1003.08726182339,996.037222113856,664.778989788152,665.874118450699
40677.5291806808,1002.62870494107,999.469321870073,661.873911001574,665.34976848952
40701.3292562633,1002.04256834492,1002.86343776109,659.025714988823,664.939969900466
40724.9293312107,1001.33930856768,1006.16014577593,656.284231070108,664.651738472381
40748.5294061581,1000.51521065399,1009.38594780464,653.627058817878,664.481168529251
40772.1294811054,999.571059170614,1012.53860016725,651.056006432775,664.428205990522
40795.7295560528,998.507727916636,1015.61592100851,648.572811574308,664.492707440759
40819.3296310002,997.326178350948,1018.61579160924,646.179140513676,664.674441072524
40843.1297065827,996.01595434254,1021.56056100927,643.85746797147,664.976117092777
40866.7297815301,994.600216662083,1024.39873467767,641.648345367607,665.392256583627
40890.3298564774,993.06966509369,1027.15347671856,639.533321691755,665.924408370634
40913.9299314248,991.425595619912,1029.82293311065,637.513770101737,666.571997076527
40937.5300063722,989.669383245925,1032.40531838781,635.59098926873,667.334364577948
40961.1300813195,987.802480155309,1034.8989164984,633.766202975361,668.210771289011
40984.930156902,985.809205563626,1037.32205640438,632.026362468556,669.209265444956
41008.5302318494,983.724672407427,1039.63242729865,630.401789103658,670.312160453351
41032.1303067968,981.534263756005,1041.84927445176,628.878437414267,671.526392008551
41055.7303817441,979.239722096707,1043.9711672638,627.457228300688,672.850907691529
41079.3304566915,976.842857476102,1045.99674780194,626.13900674961,674.284580637609
41102.9305316389,974.345553652666,1047.92473321229,624.924538671,675.826203775157
41126.7306072214,971.727441087755,1049.76901384953,623.805516895725,677.488833550674
41150.3306821688,969.03455777391,1051.49745553817,622.801359212723,679.243157078815
41173.9307571161,966.247369511109,1053.12491483197,621.902760506045,681.101292872742
41197.5308320635,963.367987211506,1054.65040415792,621.110186999681,683.061770231269
41221.1309070109,960.398577556641,1056.07301023308,620.42402980792,685.123053227033
41244.7309819582,957.341360996356,1057.39189416241,619.844605225908,687.283542318608
41268.5310575407,954.171617367716,1058.61613446698,619.368608906677,689.561123795322
41292.1311324881,950.944958298626,1059.72446107554,619.004209373922,691.915784657349
41315.7312074355,947.637476589527,1060.72699045716,618.747046504827,694.364472270228
41339.3312823829,944.251588175289,1061.62318181251,618.597140525445,696.905348522328
41362.9313573302,940.789752770824,1062.41256843016,618.554438980469,699.536519940762
41386.5314322776,937.254471888938,1063.094757478,618.61881728711,702.256039368532
41410.3315078601,933.617430340372,1063.67383965675,618.791986722355,705.086049350351
41433.9315828075,929.942352465756,1064.13983518292,619.070767663501,707.97692251667
41457.5316577548,926.20158703715,1064.49789399503,619.455824898351,710.949978995885
41481.1317327022,922.397783369898,1064.74791640478,619.946751040468,714.003073388755
41504.7318076496,918.533622773315,1064.88987489337,620.543069904449,717.134015086797
41528.3318825969,914.611816624278,1064.92381364725,621.244237271302,720.340569971557
41552.1319581795,910.601176772868,1064.84876061514,622.056910678231,723.64856459644
41575.7320331268,906.571894384885,1064.66616486377,622.966748802602,727.000069821752
41599.3321080742,902.493285647202,1064.37610943885,623.97939609498,730.420221694099
41622.9321830216,898.368163379046,1063.97892055955,625.094043899483,733.906628731237
41646.5322579689,894.199361015094,1063.47499328599,626.309819791125,737.456864434621
41670.1323329163,889.98973076158,1062.86479084887,627.625788504534,741.068468976064
41693.9324084988,885.705991287512,1062.14232639782,629.053366702499,744.770301060002
41717.5324834462,881.423042957753,1061.32034414402,630.567495662738,748.497605613793
41741.1325583936,877.107942392216,1060.39388420012,632.178634502583,752.278694609228
41764.7326333409,872.763598853368,1059.36367574602,633.885605828618,756.110991441126
41788.3327082883,868.392931383308,1058.23051235001,635.687174380625,759.991894536647
41811.9327832357,863.998867059566,1056.99525113699,637.582048081317,763.918779003516
41835.7328588182,859.546848974429,1055.64705658934,639.586105631301,767.92282175864
41859.3329337655,855.114659746524,1054.20957629691,641.66425274239,771.934042400585
41882.9330087129,850.667910866347,1052.67295134078,643.831486041396,775.983223345124
41906.5330836603,846.209544473059,1051.0382848174,646.086296555717,780.067662594008
41930.1331586076,841.742502277032,1049.30673889027,648.427123982439,784.184642949263
41953.733233555,837.269723925402,1047.47953383588,650.852357823327,788.331433604448
41977.3333085024,832.794145386458,1045.55794707252,653.360338531025,792.505291725105
42001.1333840849,828.280778755108,1043.52584531697,655.971640825981,796.739137752049
42024.7334590323,823.808423421678,1041.41878032051,658.640610503753,800.959032842015
42048.3335339796,819.342062526703,1039.22151122653,661.387050283107,805.197686864779
42071.933608927,814.884601454437,1036.93553444208,664.209115709968,809.452324409873
42095.5336838744,810.438934103482,1034.56239842385,667.104919165342,813.720165782644
42119.1337588217,806.00794138505,1032.10370262122,670.072531064267,817.998428514626
42142.9338344042,801.557170730838,1029.53919515557,673.136014872564,822.320674723969
42166.5339093516,797.164295608128,1026.91368742825,676.241859190202,826.611458397417
42190.133984299,792.79466912379,1024.2077284741,679.413465969163,830.904290737477
42213.7340592464,788.451105433034,1021.42311130601,682.648749567011,835.196393070512
42237.3341341937,784.136398464511,1018.56167446915,685.945588471087,839.484991327675
42260.9342091411,779.853320530489,1015.62530092111,689.301826530708,843.767317480633
42284.7342847236,775.568769745701,1012.59010726276,692.744439850273,848.076778838878
42308.334359671,771.357499518354,1009.50908764165,696.213331818477,852.338176366683
42331.9344346183,767.186054698592,1006.35905253026,699.734939826254,856.585024934119
42355.5345095657,763.05710736049,1003.14205150084,703.306981326015,860.81459488784
42379.1345845131,758.973301270007,999.860172804775,706.927145361034,865.024169619007
42402.7346594604,754.937250601273,996.515542205056,710.593093818988,869.211046924943
42426.534735043,750.917983879355,993.081211351241,714.334076745114,873.407691132654
42450.1348099903,746.985620919068,989.617113035676,718.084814826437,877.540882247115
42473.7348849377,743.108686959159,986.096872446741,721.874152101276,881.643346819743
42497.3349598851,739.289665006388,982.522753854086,725.699654244942,885.712453824118
42520.9350348324,735.531002296377,978.89705308936,729.558866097403,889.745593282178
42544.5351097798,731.835109108211,975.222096338684,733.449312933187,893.740177555979
42568.3351853623,728.173878886492,971.468505375821,737.401828819493,897.726958874224
42591.9352603097,724.611204263825,967.701768458462,741.3474530056,901.636366566442
42615.5353352571,721.118331361525,963.892948620805,745.316755496827,905.499568030853
42639.1354102044,717.697510825078,960.044481828066,749.307195615263,909.314077755682
42662.7354851518,714.350950657468,956.158828260491,753.316219511119,913.077438856931
42686.3355600991,711.080815119309,952.238471065914,757.341261451197,916.787224310766
42710.1356356817,707.862517862597,948.252288489007,761.414019594478,920.471756732011
42733.735710629,704.752235935661,944.269818460668,765.463440270136,924.066730965353
42757.3357855764,701.724615205372,940.260241134262,769.521101394284,927.601020164305
42780.9358605238,698.781633891897,936.226119077476,773.584402580763,931.072329119163
42804.5359354711,695.925221205603,932.170031480939,777.650738054791,934.478398478323
42828.1360104185,693.157256337831,928.094572869613,781.71749796097,937.817005916587
42851.936086001,690.45726607301,923.967607828473,785.81649836979,941.113366580635
42875.5361609484,687.872416920759,919.861137005256,789.87621594766,944.309919643791
42899.1362358958,685.381357540052,915.743180102201,793.928494899832,947.432559851235
42922.7363108431,682.985756774327,911.616380019255,797.970722229564,950.479224832595
42946.3363857905,680.687228605435,907.483388417466,802.000287476239,953.447894951553
42969.9364607379,678.487331229623,903.346864381327,806.014584050726,956.33659441664
42993.7365363204,676.370203585919,899.174414363489,810.044794806312,959.166823399135
43017.3366112677,674.372881529183,895.038852360392,814.020571964836,961.889117083184
43040.9366862151,672.478532609652,890.907788872014,817.973275458119,964.5257713996
43064.5367611625,670.688482430059,886.783899131576,821.900327724589,967.074997259918
43088.1368361099,669.003996404178,882.669858959567,825.799161841241,969.535054833992
43111.7369110572,667.426278924491,878.568343370375,829.667222891204,971.90425459955
43135.5369866397,665.944480819714,874.447467934684,833.534317588409,974.199852652577
43159.1370615871,664.584593548577,870.379179108478,837.332908157511,976.381670719121
43182.7371365345,663.334722140419,866.331443542622,841.093125501997,978.467861829541
43206.3372114818,662.195818367737,862.306918835583,844.812476671479,980.456948427213
43229.9372864292,661.168769069905,858.308254652407,848.488487654973,982.347508346168
43253.5373613766,660.254395427138,854.338091271656,852.118704781581,984.138175788246
43277.3374369591,659.447151326359,850.365817007709,855.730838998717,985.841523729299
43300.9375119065,658.76129623577,846.460828335874,859.261756463249,987.4276656939
43324.5375868538,658.190184388678,842.592212302232,862.739635085951,988.910155719096
43348.1376618012,657.734366890948,838.762556774802,866.16211688979,990.287863479781
43371.7377367486,657.394325863876,834.974432809675,869.526871326471,991.55971969402
43395.3378116959,657.170473847657,831.230393140023,872.83159670449,992.724717008192
43418.9378866433,657.063153229228,827.532970656211,876.074021620587,993.781910864302
43442.7379622258,657.073215802146,823.85397620658,879.278555491553,994.737991753028
43466.3380371732,657.200694026263,820.257747744135,882.389118620697,995.576069149676
43489.9381121206,657.445305336036,816.715621530387,885.430744908862,996.30388849157
43513.5381870679,657.807105689911,813.23003549312,888.401298782668,996.920765253299
43537.1382620153,658.286078426859,809.803399984428,891.298682159668,997.426081750457
43560.7383369626,658.882133860571,806.438096216098,894.120835888857,997.819287881232
43584.5384125452,659.601650061736,803.10877362849,896.888667315779,998.101797569322
43608.1384874925,660.432295501762,799.873721695883,899.553667491807,998.26844731866
43631.7385624399,661.379309892727,796.706973782288,902.137492344548,998.321746327774
43655.3386373873,662.442307398513,793.610778485713,904.638253209168,998.261422336988
43678.9387123346,663.620827616439,790.587347359749,907.054107537148,998.087273995902
43702.538787282,664.914335375156,787.638853327663,909.383260318403,997.799171442525
43726.3388628645,666.334638651196,784.743430339055,911.64257168226,997.393161895204
43749.9389378119,667.857176470712,781.951846477781,913.792362538596,996.876084186254
43773.5390127593,669.492639491618,779.241488001829,915.850352458399,996.245097986452
43797.1390877066,671.240191580134,776.614357074897,917.81495111487,995.500365166403
43820.739162654,673.098921410793,774.072409303807,919.684622720473,994.64212149612
43844.3392376014,675.067842507144,771.617552167418,921.457887391758,993.670677020368
43868.1393131839,677.163967061318,769.231978677976,923.147099113244,992.576746922401
43891.7393881312,679.350921251444,766.957601602421,924.722494338057,991.379179720275
43915.3394630786,681.644646862972,764.775747863152,926.19738103902,990.069795524007
43938.939538026,684.04385748897,762.68811640806,927.570516818327,988.649205090999
43962.5396129734,686.547192458877,760.696350320735,928.84072177684,987.118094736516
43986.1396879207,689.153217158857,758.802035312895,930.006879772042,985.4772264625
44009.9397635032,691.883793724078,756.99191070306,931.076479715369,983.712146448429
44033.5398384506,694.691437274626,755.297875377503,932.030553505489,981.85344027111
44057.139913398,697.597012682798,753.705700848175,932.877619180422,979.887725613409
44080.7399883453,700.598827291582,752.216735462145,933.616815259968,977.81603855164
44104.3400632927,703.69518222786,750.83227859368,934.247324318775,975.639432882798
44127.9401382401,706.884220233911,749.553546290368,934.768431354502,973.359113817733
44151.7402138226,710.192187679188,748.372215569062,935.182505559016,970.955738074103
44175.34028877,713.561474162774,747.309227802861,935.482014103195,968.471066565849
44198.9403637173,717.01742699178,746.355210745041,935.670408119051,965.886768235127
44222.5404386647,720.557909413555,745.511102687846,935.747266532421,963.204350476568
44246.1405136121,724.180717825871,744.77776963123,935.712243751146,960.425394423421
44269.7405885594,727.883582716734,744.156004087087,935.565070535933,957.551554486689
44293.5406641419,731.696533836887,743.642688001686,935.302875098456,954.559020819681
44317.1407390893,735.553072447493,743.247094854315,934.929949515937,951.49990050411
44340.7408140367,739.48245264629,742.96499891007,934.444531983038,948.351309925167
44364.3408889841,743.482151269285,742.796886897022,933.846667159477,945.115191481511
44387.9409639314,747.549584785067,742.743166678838,933.136479728519,941.793557697177
44411.5410388788,751.682110570869,742.804166318106,932.31417497874,938.388490417736
44435.3411144613,755.912837161269,742.982116245006,931.371646046573,934.872253561756
44458.9411894087,760.167883422318,743.274192381454,930.325104730958,931.306177357492
44482.541264356,764.479729101827,743.681485512298,929.167554744546,927.663339820093
44506.1413393034,768.845508678906,744.203995461504,927.899529190558,923.946091378914
44529.7414142508,773.262304803424,744.841638360886,926.521643829006,920.156846837377
44553.3414891981,777.727149923019,745.594246047779,925.034597300598,916.298084194794
44577.1415647807,782.27543098025,746.469404969755,923.425190013044,912.338795599571
44600.741639728,786.827621580594,747.452065510587,921.72134210745,908.348142962148
44624.3417146754,791.41864795566,748.548671558051,919.910935862472,904.29579541636
44647.9417896228,796.045358866584,749.758712309712,917.995003028758,900.184471121063
44671.5418645701,800.704561935827,751.081590642262,915.974658322187,896.016944523861
44695.1419395175,805.393025643389,752.516622919215,913.851099220255,891.796044774102
44718.9420151,810.147536043141,754.076617668275,911.606313818647,887.488248436883
44742.5420900474,814.884858322859,755.734493122327,909.279401664677,883.168909920886
44766.1421649947,819.641504335501,757.501943386034,906.853373486462,878.805022447892
44789.7422399421,824.414106981375,759.37793765257,904.329754874071,874.399617054474
44813.3423148895,829.199346545924,761.361375503353,901.710122813267,869.955704613568
44836.9423898369,833.993903869274,763.45107895768,898.996122699852,865.476314968239
44860.5424647842,838.794335634712,765.6457636654,896.189515768301,860.964607638996
44884.3425403667,843.637881227472,767.963976099671,893.267204277851,856.385183975249
44907.9426153141,848.439629866617,770.365290046402,890.280232759571,851.818267923819
44931.5426902615,853.236779968538,772.867210422091,887.206419129461,847.228767177803
44955.1427652088,858.025819478351,775.468114961368,884.047831926652,842.619986200609
44978.7428401562,862.803225456583,778.166298796722,880.806613767543,837.995259974218
45002.3429151036,867.565466898838,780.959975362023,877.484980030614,833.357951452852
45026.1429906861,872.349117085373,783.872140620065,874.056078730244,828.672042252484
45049.7430656335,877.070215092987,786.851889642301,870.579911993508,824.019722308435
45073.3431405808,881.76550638463,789.921274496976,867.030418617691,819.365079260692
45096.9432155282,886.431457254134,793.078192153129,863.410090492949,814.711561036775
45120.5432904756,891.064541027815,796.320463874155,859.721484221121,810.06262960139
45144.1433654229,895.66124125993,799.645836711572,855.967219215204,805.421757948166
45167.9434410054,900.256491617533,803.081189125742,852.117364856332,800.753254689387
45191.5435159528,904.769550229803,806.566370356834,848.23938314691,796.139092484023
45215.1435909002,909.235740790998,810.127443827459,844.303981286036,791.543473653085
45238.7436658475,913.65162095153,813.761876097553,840.314009459338,786.969883844674
45262.3437407949,918.013775320315,817.467068480461,836.272369715196,782.421803685815
45285.9438157423,922.318818916986,821.240359123073,832.182013504977,777.902705410341
45309.7438913248,926.599103805925,825.11182769236,828.010700971309,773.37817543551
45333.3439662722,930.779355440512,829.013605993743,823.831602449759,768.927725739322
45356.9440412195,934.892531113196,832.975115897989,819.612938676607,764.516618873054
45380.5441161669,938.935402771858,836.993465070602,815.357832769798,760.148258788246
45404.1441911143,942.904790281319,841.065709783422,811.069443709944,755.826023621906
45427.7442660616,946.797564908444,845.188857516388,806.750963419949,751.553262160548
45451.5443416442,950.642620492461,849.395413520239,802.368682238519,747.297760562301
45475.1444165915,954.372412614103,853.61160193438,797.999478994212,743.134241411071
45498.7444915389,958.016697512346,857.869466703591,793.609885763971,739.029904332643
45522.3445664863,961.572586697642,862.165851320191,789.203192630786,734.987944122408
45545.9446414336,965.037260328736,866.497564628037,784.782707012352,731.011508444785
45569.544716381,968.407969404205,870.861383562848,780.351750911466,727.103695271506
45593.3447919635,971.709364785866,875.291396146619,775.87602579932,723.235354665087
45616.9448669109,974.883344764497,879.709847317989,771.434119112883,719.47451023594
45640.5449418582,977.95554806139,884.150545819356,766.991791566849,715.791275407746
45664.1450168056,980.923540150072,888.610171403185,762.552391143206,712.188515914099
45687.745091753,983.784972097941,893.085387417403,758.119264135226,708.669031647938
45711.3451667003,986.537583195121,897.572843984812,753.695751884365,705.23555367505
45735.1452422829,989.2011097762,902.107314069408,749.247874705835,701.862781813884
45758.7453172302,991.728695515218,906.609197513752,744.853731978191,698.61000411996
45782.3453921776,994.141215601198,911.113195925377,740.479193854465,695.451005529196
45805.945467125,996.436786733102,915.615938516218,736.127549399463,692.388213332059
45829.5455420723,998.613624983099,920.114057283092,731.802066685621,689.423972662527
45853.1456170197,1000.67004757895,924.604190179099,727.505989695406,686.560544206923
45876.9456926022,1002.62034236878,929.120882124598,723.206552845036,683.777154581387
45900.5457675496,1004.43024554733,933.584858045038,718.979224694144,681.12268327627
45924.145842497,1006.1152959603,938.030800932425,714.790886041697,678.575295218415
45947.7459174443,1007.67423097905,942.455403920886,710.644654277515,676.136892371367
45971.3459923917,1009.10589562231,946.855381540727,706.543608029903,673.809282886667
45994.9460673391,1010.40924335502,951.2274726757,702.490784438795,671.594179674441
46018.7461429216,1011.59273188921,955.605089183923,698.455491892253,669.475886286975
46042.3462178689,1012.6356373648,959.911431398103,694.508517363643,667.491533355466
46065.9462928163,1013.54773689598,964.180251928671,690.61862622581,665.624253539204
46089.5463677637,1014.32842336115,968.408415837146,686.78866354356,663.87536663176
46113.146442711,1014.97722206726,972.592831753524,683.021411735182,662.246072429078
46136.7465176584,1015.49388570868,976.730477956765,679.319550206005,660.737365980539
46160.5465932409,1015.8808448245,980.852771789516,675.655248656517,659.33901529231
46184.1466681883,1016.13142347988,984.88744707639,672.092724198559,658.075446098738
46207.7467431357,1016.24937205832,988.866445352831,668.603443669625,656.935206957184
46231.346818083,1016.23473497484,992.786902010267,665.189894787146,655.919012953421
46254.9468930304,1016.08766293913,996.646004800439,661.854499775226,655.027478351311
46278.5469679778,1015.80841202673,1000.44099593704,658.599613707491,654.261116802039
46302.1470429251,1015.39734263676,1004.16917411418,655.427522943743,653.62034166794
46325.9471185077,1014.84976176668,1007.85859833161,652.314651428845,653.101641785322
46349.547193455,1014.17544238281,1011.44466082588,649.315475808536,652.71395008422
46373.1472684024,1013.37100573016,1014.95614315487,646.405545296358,652.452488572447
46396.7473433498,1012.43721785148,1018.3905889767,643.586856990937,652.317273998609
46420.3474182971,1011.37494239462,1021.74560726525,640.861332839321,652.30822600431
46443.9474932445,1010.18513901392,1025.01887381838,638.230818622996,652.425168036898
46467.747568827,1008.85716957443,1028.23479501268,635.676029142556,652.670421025014
46491.3476437744,1007.4145079807,1031.33712021877,633.241604418466,653.039494199404
46514.9477187217,1005.84776730335,1034.35111821966,630.907274465763,653.533456608465
46538.5477936691,1004.15827462828,1037.27474612084,628.674571312888,654.151756826626
46562.1478686165,1002.34744407072,1040.10603414365,626.544947027055,654.893752929994
46585.7479435638,1000.41677482634,1042.84308663508,624.51977320065,655.758713826208
46609.5480191464,998.349984774038,1045.5060488109,622.584529506483,656.75470537487
46633.1480940937,996.183485339102,1048.04840829917,620.772958664662,657.864076227244
46656.7481690411,993.902150311478,1050.49128515709,619.069475427608,659.09368892229
46680.3482439885,991.507799614306,1052.8330894181,617.475125170891,660.442469316504
46703.9483189358,989.002327964261,1055.07230912698,615.990871343571,661.90926149561
46727.5483938832,986.387702740727,1057.2075108912,614.617595388479,663.492829373388
46751.3484694657,983.64244448842,1059.25408832511,613.345885818349,665.206746334688
46774.9485444131,980.814813432377,1061.17636159372,612.197838079972,667.020805380885
46798.5486193605,977.884430146928,1062.99079883625,611.162899863304,668.947395705721
46822.1486943078,974.853602082927,1064.69630422915,610.241594861347,670.984914095059
46845.7487692552,971.72461857078,1066.29184432679,609.434395851992,673.131755768206
46869.3488442026,968.49983024664,1067.77646645093,608.741693995321,675.386244314173
46893.1489197851,965.1531330536,1069.16045243446,608.159393606722,677.76708570627
46916.7489947324,961.743255309893,1070.41974483309,607.697512590955,680.232441438875
46940.3490696798,958.244983068063,1071.56573779723,607.350820264738,682.799995848182
46963.9491446272,954.660884659198,1072.59780074811,607.119386645271,685.467809466399
46987.5492195745,950.993577257761,1073.5153832568,607.003202838327,688.233881727546
47011.1492945219,947.245724708822,1074.31801485289,607.002181612912,691.096152795953
47034.9493701044,943.387289493602,1075.01063544734,607.117614691519,694.077955090508
47058.5494450518,939.485889589864,1075.58129115889,607.347317978487,697.12698582812
47082.1495199992,935.512218287931,1076.03605997969,607.691455511692,700.265679561147
47105.7495949465,931.46910484443,1076.37478900503,608.149632682429,703.491757380962
47129.3496698939,927.359414423093,1076.59740357691,608.721380056238,706.802890369487
47152.9497448413,923.186045977576,1076.70390680284,609.406154188983,710.196701458943
47176.7498204238,918.915796672882,1076.69380285993,610.210572707534,713.700544443273
47200.3498953712,914.623416700679,1076.56742002421,611.120421916027,717.253045777602
47223.9499703185,910.276262764247,1076.32539861329,612.141225420197,720.88080226256
47247.5500452659,905.877348284004,1075.96804778936,613.272151976845,724.581262490555
47271.1501202133,901.429710077978,1075.49575145737,614.512300912667,728.351836208568
47294.7501951606,896.936406334325,1074.90896754952,615.86070312683,732.189896166832
47318.5502707431,892.361901696513,1074.20180351701,617.329112923814,736.126124564551
47342.1503456905,887.786195473182,1073.38675275319,618.891740220912,740.091651377501
47365.7504206379,883.174132904328,1072.45903074585,620.559303163715,744.116555864592
47389.3504955852,878.528837843568,1071.41938432028,622.33056893142,748.198080917705
47412.9505705326,873.853445630872,1070.26863026266,624.204241664612,752.33344159821
47436.55064548,869.151101176461,1069.00765442111,626.178963605865,756.519826943487
47460.3507210625,864.384812327737,1067.62533449783,628.271317073784,760.790485754332
47483.9507960099,859.637865524295,1066.14593144045,630.444647699623,765.070764317595
47507.5508709572,854.873466583055,1064.55937863796,632.714581287516,769.393471959163
47531.1509459046,850.094779948708,1062.86682924281,635.079523773657,773.75571133675
47554.751020852,845.304970346073,1061.06950059948,637.537825169447,778.154567979636
47578.3510957993,840.507200988171,1059.16867320666,640.087780798861,782.587112030811
47602.1511713818,835.663920586315,1057.14828266283,642.750383174756,787.088347378217
47625.7512463292,830.859706001898,1055.043698916,645.479059363207,791.579646601758
47649.3513212766,826.057021278109,1052.83983883676,648.293944203883,796.095743407441
47672.951396224,821.259006011965,1050.53822528651,651.193126469384,800.63366349761
47696.5514711713,816.468789637713,1048.14043881298,654.174646615119,805.190425721572
47720.1515461187,811.689489764699,1045.64811651095,657.236498080048,809.763043738876
47743.7516210661,806.924210536931,1043.06295086908,660.37662859531,814.348527668562
47767.5516966486,802.135884204873,1040.36362425293,663.620517839997,818.98286307024
47791.1517715959,797.408080878423,1037.59731621633,666.911491620376,823.58514872018
47814.7518465433,792.703539557426,1034.7435788556,670.274307927291,828.191300340234
47838.3519214907,788.025294378012,1031.80431487644,673.706744546054,832.798330125503
47861.951996438,783.376358119326,1028.7814764198,677.206540205618,837.403254774774
47885.5520713854,778.759720691871,1025.67706384025,680.771395922259,842.003097052893
47909.3521469679,774.139681572311,1022.46580806026,684.429979832422,846.633757931079
47932.9522219153,769.596848880293,1019.20378784289,688.118415855512,851.214429802485
47956.5522968627,765.095157297229,1015.86648979435,691.864781692239,855.781114449433
47980.15237181,760.637490309818,1012.45609508704,695.666640754485,860.330874341896
48003.7524467574,756.226701276674,1008.97482685629,699.52152552648,864.860785621445
48027.3525217048,751.865612039622,1005.42494892894,703.426938928362,869.367939576358
48051.1525972873,747.520730191786,1001.7778422458,707.414057058926,873.887305113663
48074.7526722347,743.267853015217,998.097160807191,711.413299257144,878.340032210303
48098.352747182,739.072961354039,994.35491279145,715.45539318287,882.761357162098
48121.9528221294,734.938737167555,990.553512236012,719.537736982604,887.148446496032
48145.5528970768,730.86782423395,986.69540740092,723.657706101084,891.498489062637
48169.1529720241,726.862826875975,982.783079458365,727.812654657261,895.808697427838
48192.9530476066,722.893248250771,978.785233917413,732.035532509957,900.112285583648
48216.553122554,719.02834328255,974.77162261566,736.252663459853,904.334169199725
48240.1531975014,715.236939950437,970.711438260262,740.496698509744,908.507988182411
48263.7532724487,711.521483765137,966.607283448586,744.764915562606,912.631053458327
48287.3533473961,707.884365103857,962.461785042412,749.054581572107,916.700714871407
48310.9534223435,704.327925459532,958.27759438645,753.362951280432,920.714355910139
48334.753497926,700.825383332406,954.021475715162,757.723974767987,924.702652651731
48358.3535728734,697.437865278073,949.767676729119,762.061570759956,928.596007957238
48381.9536478207,694.137777406456,945.483298619437,766.409546842315,932.425675843986
48405.5537227681,690.927262550504,941.171078983486,770.76511950654,936.189180164333
48429.1537977155,687.80841121418,936.833773501728,775.125499201672,939.884082967058
48452.7538726628,684.783260501914,932.47415455389,779.487891736465,943.507985741182
48476.5539482453,681.82938149547,928.057823000525,783.886451103507,947.088299883566
48500.1540231927,678.998359770876,923.661824374472,788.244432876488,950.56251990201
48523.7540981401,676.266834729133,919.251939572502,792.596007418286,953.958774194787
48547.3541730875,673.636618998697,914.830993881027,796.938376076273,957.274834604272
48570.9542480348,671.109466686877,910.401822247837,801.268742629682,960.508518472846
48594.5543229822,668.687072405293,905.967267854166,805.584314712768,963.657689819081
48618.3543985647,666.351902353394,901.492575587529,809.918645801499,966.745838560816
48641.9544735121,664.144786709408,897.055825909433,814.196089989771,969.719009680231
48665.5545484594,662.047158986473,892.622282257576,818.450376579889,972.601535343954
48689.1546234068,660.06046585494,888.194806318514,822.678743029103,975.391478249648
48712.7546983542,658.186089855893,883.776260735752,826.87843784185,978.08695349037
48736.3547733016,656.425348526997,879.369507630729,831.046722019454,980.686129661146
48760.1548488841,654.766039992246,874.940256712788,835.215752039352,983.208001657017
48783.7549238314,653.237244865211,870.565825966049,839.312731435273,985.608452009354
48807.3549987788,651.825647706441,866.211780141907,843.370150006306,987.907427109155
48830.9550737262,650.532297076321,861.880964237921,847.385333495788,990.103320869343
48854.5551486735,649.358172428622,857.576215182979,851.355627476815,992.19458605587
48878.1552236209,648.304183349541,853.300360302224,855.278398830626,994.179735315268
48901.9552992034,647.363781109802,849.020391980616,859.18363455483,996.072790612168
48925.5553741508,646.553543564773,844.811065706605,863.003096200454,997.840561936211
48949.1554490982,645.865749432218,840.639066038905,866.767256980064,999.498113848401
48972.7555240455,645.301021024168,836.507166207031,870.473584117781,1001.04420903617
48996.3555989929,644.859907299524,832.418122006923,874.119573615542,1002.47767498147
49019.9556739403,644.542883238341,828.374670210174,877.702751755901,1003.79740489091
49043.7557495228,644.349250551997,824.345883973784,881.250203775137,1005.01207678742
49067.3558244701,644.282590797092,820.402186864271,884.699883102537,1006.10029679884
49090.9558994175,644.34099769012,816.512184811634,888.079506711032,1007.07185639177
49114.5559743649,644.524643909929,812.678522190312,891.386737402434,1007.92592117885
49138.1560493122,644.833625421669,808.903816258796,894.619275822736,1008.66172685888
49161.7561242596,645.267961017173,805.190655521961,897.774861975997,1009.27858002199
49185.356199207,645.82759188652,801.541598087203,900.851276738005,1009.77585893066
49209.1562747895,646.518718788247,797.929102330375,903.871371539431,1010.15569578131
49232.7563497369,647.329509117946,794.416392307462,906.782240744005,1010.41122755593
49256.3564246842,648.264946059535,790.975281671596,909.607524041015,1010.54575423271
49279.9564996316,649.324656102593,787.60819007924,912.345181302826,1010.55894868899
49303.556574579,650.508186496617,784.317498486284,914.993220823843,1010.45055898566
49327.1566495263,651.815005033208,781.105547481843,917.549700815541,1010.22040898027
49350.9567251089,653.257136528334,777.948455248814,920.033199406336,1009.86489491963
49374.5568000562,654.809646624331,774.901552775794,922.400126859003,1009.38996915901
49398.1568750036,656.483363025624,771.940172318038,924.669968889849,1008.79321588694
49421.756949951,658.277433635527,769.066475932481,926.840998660366,1008.07476828156
49445.3570248983,660.190926419855,766.282576975966,928.911546615204,1007.23483788147
49468.9570998457,662.222829441376,763.590538451969,930.880001919903,1006.27371498762
49492.7571754282,664.390762711824,760.970759768374,932.760170182807,1005.18208491894
49516.3572503756,666.657110296375,758.46924179632,934.518952532405,1003.97874678634
49539.9573253229,669.038342988353,756.065470599442,936.171164397094,1002.65556787586
49563.5574002703,671.533129848201,753.761290898286,937.715444449677,1001.21315742505
49587.1574752177,674.140060919787,751.55848890734,939.150497042332,999.652204825908
49610.757550165,676.857647557385,749.458790743521,940.47509353673,997.973479770031
49634.5576257476,679.708739186419,747.447406986918,941.697872973471,996.162117968336
49658.1577006949,682.643761499825,745.559754671968,942.797186297711,994.249499938947
49681.7577756423,685.684490439287,743.780021023408,943.782764266964,992.221909974111
49705.3578505897,688.82912628046,742.109675629712,944.653659701623,990.080440136048
49728.957925537,692.075793051402,740.550120286368,945.408998704494,987.826262780698
49752.5580004844,695.422546505303,739.102689088264,946.047979019297,985.460624071399
49776.3580760669,698.897068702625,737.757849124851,946.573758179137,982.96331942764
49799.9581510143,702.438883295873,736.539410973033,946.976832991222,980.37771115107
49823.5582259616,706.074608963953,735.436711871584,947.261544184875,977.684762333371
49847.158300909,709.802007994412,734.450798023862,947.427395201407,974.886035104131
49870.7583758564,713.618771391066,733.582639694701,947.473968964793,971.983169926215
49894.3584508038,717.522519856166,732.833129933446,947.400928816269,968.977885120569
49918.1585263863,721.544957949714,732.198256607922,947.20587179756,965.845230384967
49941.7586013336,725.615946871989,731.689429660942,946.891902098499,962.63974131819
49965.358676281,729.766349724821,731.301460164872,946.457799250829,959.337465909705
49988.9587512284,733.993516489768,731.034919653712,945.903557380924,955.940428591033
50012.5588261757,738.294732671868,730.890296679911,945.229254992756,952.450728367145
50036.1589011231,742.667220640941,730.867995802847,944.435055603285,948.870537978192
50059.9589767056,747.146060123238,730.969711777005,943.51295347184,945.170644059526
50083.559051653,751.653056103681,731.19397012177,942.478784075838,941.415563844755
50107.1591266004,756.222601164475,731.541251827022,941.325727752052,937.576965311367
50130.7592015477,760.851679271407,732.01161568303,940.054294008488,933.657307082999
50154.3592764951,765.537218878698,732.605032239708,938.66507966365,929.659116365037
50177.9593514425,770.276094633555,733.321383137252,937.158769115019,925.584987719839
50201.759427025,775.105919319508,734.168094972529,935.521888721926,921.402128890208
50225.3595019724,779.942268763445,735.130636873963,933.782815626559,917.183584909307
50248.9595769197,784.822245457397,736.215215185011,931.929235059829,912.897301472503
50272.5596518671,789.742526710638,737.421349762973,929.962183779721,908.546129489548
50296.1597268144,794.699745489611,738.748469215876,927.882786408927,904.132980070769
50319.7598017618,799.690492494564,740.195910652335,925.692255267208,899.66082288873
50343.5598773443,804.753986252046,741.77670782352,923.371930068549,895.094079972885
50367.1599522917,809.801613851325,743.46344000042,920.962204949563,890.512606929335
50390.7600272391,814.872279890155,745.267946813801,918.445519185119,885.881395841339
50414.3601021864,819.962427760597,747.189197666529,915.823433326414,881.203633231846
50437.9601771338,825.068469941558,749.226070407589,913.097593556291,876.4825548896
50461.5602520812,830.186790457434,751.377351573894,910.269731020062,871.721443790234
50485.3603276637,835.357249162594,753.661411586961,907.316413842768,866.882798240625
50508.9604026111,840.489390703054,756.038488619482,904.289137806163,862.051216775294
50532.5604775584,845.622963791881,758.525821083559,901.165479518603,857.189584379121
50556.1605525058,850.754266657859,761.121838384685,897.947497695907,852.301347656349
50579.7606274532,855.879581866352,763.824881106572,894.63733143762,847.38998928283
50603.3607024005,860.99517891982,766.633201740652,891.23719912368,842.45902566581
50626.9607773479,866.097317129472,769.544965553859,887.74939712111,837.512004363945
50650.7608529304,871.225256932777,772.584216022035,884.145660355193,832.51042869136
50674.3609278778,876.289035725396,775.697852570109,880.489021529391,827.541986125172
50697.9610028251,881.32807036733,778.908896844773,876.752077299018,822.568319267011
50721.5610777725,886.338609462963,782.215175182512,872.937421666236,817.59307304915
50745.1611527199,891.316906778736,785.614432542069,869.047718649918,812.619909448463
50768.7612276673,896.259224490238,789.104333976396,865.085700394436,807.652504441611
50792.5613032498,901.203203744857,792.713159319252,861.019710710671,802.652579209442
50816.1613781971,906.062015230983,796.377748174416,856.92096839855,797.707886822808
50839.7614531445,910.8736861771,800.125491032077,852.758520669007,792.780064798444
50863.3615280919,915.634546132352,803.953749475993,848.53535176798,787.872813252327
50886.9616030392,920.340950089078,807.859814091964,844.25450311103,782.989830017448
50910.5616779866,924.989282010936,811.840906549342,839.919070807918,778.134807209412
50934.3617535691,929.614554888893,815.928831743147,835.494815571258,773.270697372285
50957.9618285165,934.135460723888,820.051954670586,831.059315164054,768.482946327284
50981.5619034639,938.587626409608,824.241353787182,826.578849180166,763.734193555421
51005.1619784112,942.967587991498,828.49399735714,822.056706320927,759.028072829862
51028.7620533586,947.271928501469,832.806796595045,817.496216262754,754.368194345127
51052.362128306,951.497281576462,837.17660830699,812.900746677113,749.758141061866
51076.1622038885,955.67508465406,841.63794672595,808.234362791101,745.163087320577
51099.7622788358,959.731845444182,846.11256447087,803.578950089435,740.663803121676
51123.3623537832,963.699832529774,850.634438233108,798.898887472027,736.224922209785
51146.9624287306,967.575974681949,855.200247669667,794.197641773877,731.849832237328
51170.5625036779,971.357327901445,859.806647933404,789.47867782369,727.541822624934
51194.1625786253,975.040906654538,864.450233377591,784.74552122489,723.304232737988
51217.9626542078,978.653724231931,869.16733697921,779.961476193443,719.105387745282
51241.5627291552,982.132207335709,873.875184546301,775.210525637917,715.019111422249
51265.1628041026,985.504394227471,878.609779345792,770.456070101286,711.012975044706
51288.7628790499,988.767616687869,883.367598889436,765.701677588039,707.090088744987
51312.3629539973,991.919293606758,888.145099735767,760.950918099366,703.253496761317
51335.9630289447,994.956933892337,892.938720821605,756.207360184746,699.506174182143
51359.7631045272,997.902391037282,897.78566039159,751.434515261833,695.820449940445
51383.3631794746,1000.70384289094,902.600845649581,746.716179625601,692.261116032002
51406.9632544219,1003.38433401151,907.421365391362,742.015738034145,688.799553653069
51430.5633293693,1005.94176092161,912.243621753548,737.336718713464,685.438429907782
51454.1634043167,1008.37412285138,917.0640161765,732.682631310308,682.180327922051
51477.763479264,1010.67952384605,921.87895278753,728.056963548924,679.027744230721
51501.5635548465,1012.87406585093,926.725520730042,723.424393626545,675.957751989786
51525.1636297939,1014.91917375601,931.518659393899,718.866238041661,673.024279739082
51548.7637047413,1016.83226762756,936.295572174176,714.346829642092,670.203290140622
51572.3637796887,1018.61188961364,941.052707569967,709.869535629441,667.496909119502
51595.963854636,1020.2566948031,945.786533390173,705.437685273732,664.907164997842
51619.5639295834,1021.76545233997,950.493539967223,701.054566903825,662.435986739705
51643.3640051659,1023.14808097277,955.209737004122,696.686951667404,660.065799925335
51666.9640801133,1024.38033657191,959.852381199429,692.411464994192,657.838176994601
51690.5641550606,1025.47353783905,964.457814814285,688.194327147864,655.734308741007
51714.164230008,1026.42691881471,969.02264969113,684.038633688202,653.755711356037
51737.7643049554,1027.23983057952,973.543535476076,679.94742535766,651.903795223245
51761.3643799027,1027.91174134061,978.017162475634,675.923685575481,650.179864098624
51785.1644554853,1028.44612797624,982.477523471381,671.937143674498,648.572153821598
51808.7645304326,1028.83382333538,986.846438875598,668.057637388041,647.108680057744
51832.36460538,1029.07980488832,991.15845739301,664.254131652931,645.776302885428
51855.9646803274,1029.18400419798,995.41046270012,660.529354738205,644.575895754086
51879.5647552747,1029.14646870098,999.599392386916,656.885966307705,643.508223004024
51903.1648302221,1028.96735956288,1003.72223995561,653.326556046243,642.573941132113
51926.9649058046,1028.64363263797,1007.81010819188,649.824587036272,641.767390089611
51950.564980752,1028.18111762778,1011.79138533044,646.441377270578,641.102569449409
51974.1650556993,1027.57818962088,1015.69789498543,643.149497005841,640.572466749513
51997.7651306467,1026.83545514773,1019.52687675256,639.951238242186,640.177309047423
52021.3652055941,1025.95362865391,1023.27563665639,636.848814926592,639.917217559102
52044.9652805414,1024.9335310142,1026.94154897889,633.844361638381,639.792208395671
52068.5653554888,1023.77608795187,1030.52205799642,630.939932372382,639.802193401652
52092.3654310713,1022.47078496033,1034.04389560358,628.114191302004,639.948783374051
52115.9655060187,1021.04069865843,1037.44544362418,625.41653244484,640.2292183111
52139.5655809661,1019.47666693913,1040.75433765725,622.824580302491,640.643763374112
52163.1656559134,1017.78001825244,1043.96831814906,620.340055552922,641.191922734615
52186.7657308608,1015.95217676942,1047.08520286889,617.964593618013,641.873101845414
52210.3658058082,1013.99466035956,1050.10288810235,615.699744003715,642.686608782678
52234.1658813907,1011.89086164152,1053.04362736787,613.529208795581,643.640224164675
52257.7659563381,1009.67784996122,1055.8560396233,611.490852977823,644.717031813027
52281.3660312854,1007.34027366152,1058.56340754354,609.567247738315,645.923512993385
52304.9661062328,1004.88000489878,1061.16395237682,607.75959327896,647.258600196844
52328.5661811802,1002.29899869415,1063.65597856778,606.069001844054,648.721136175245
52352.1662561275,999.599290663342,1066.03787444206,604.496497550483,650.30987561916
52375.96633171,996.75863581491,1068.32687079861,603.031209750928,652.038538616561
52399.5664066574,993.826981951257,1070.48304509707,601.698618398652,653.876645399692
52423.1664816048,990.783213101813,1072.52475187177,600.486663236808,655.836695687568
52446.7665565522,987.62966469484,1074.45072097852,599.396014882676,657.917108813283
52470.3666314995,984.368764470976,1076.25977408893,598.427246981462,660.116204109788
52493.9667064469,981.003087478791,1077.95083945985,597.580812862076,662.432152170738
52517.7667820294,977.505352872519,1079.53572069635,596.851508895168,664.884225836019
52541.3668569768,973.936953616161,1080.9868515036,596.251915500655,667.429320729505
52564.9669319241,970.271575673412,1082.31721962149,595.775617544023,670.085605970551
52588.5670068715,966.511925383168,1083.5260753254,595.422763109562,672.851060228795
52612.1670818189,962.660763903395,1084.61275527154,595.193414821471,675.723594547613
52635.7671567662,958.720904846024,1085.5766823457,595.087550419832,678.701054319415
52659.5672323488,954.660737385811,1086.42396201994,595.105738533112,681.80775679104
52683.1673072961,950.551431867775,1087.13994645398,595.247481679647,684.989192152389
52706.7673822435,946.362186002088,1087.73195931568,595.512136470355,688.268695083756
52730.3674571909,942.096000033421,1088.19976646035,595.8993471601,691.643867859429
52753.9675321382,937.755914913759,1088.54321836158,596.408676728323,695.112257140605
52777.5676070856,933.345009987247,1088.76224963131,597.039607731362,698.671355996707
52801.3676826681,928.828166044412,1088.8571490658,597.798430727509,702.349884086583
52824.9677576155,924.284468080662,1088.82642404153,598.671711701906,706.083390711064
52848.5678325628,919.679422830272,1088.67158344043,599.664561638995,709.899762104243
52872.1679075102,915.016240570254,1088.3928933718,600.776150050889,713.796296828922
52895.7679824576,910.298158591917,1087.99070098215,602.005570860152,717.770249986918
52919.3680574049,905.528438979273,1087.46543370854,603.351843466175,721.818835234685
52943.1681329875,900.669338102635,1086.81158622699,604.826795923778,725.97444404354
52966.7682079348,895.805850063746,1086.04073767129,606.404504514136,730.164350632216
52990.3682828822,890.900665701398,1085.14857619934,608.095676617557,734.420276974168
53013.9683578296,885.957124563786,1084.13584283989,609.899044195879,738.739290713107
53037.5684327769,880.978580157989,1083.00335462081,611.813270451621,743.118428049749
53061.1685077243,875.968397849537,1081.75200361278,613.83695105324,747.554695714176
53084.9685833068,870.887142998011,1080.37065127531,615.98713742202,752.083349495252
53108.5686582542,865.823621671912,1078.88356044369,618.226145196321,756.625209576342
53132.1687332016,860.738637754043,1077.2807330125,620.569987864068,761.215036808365
53155.7688081489,855.635583508408,1075.56335168283,623.017003100022,765.849739375498
53179.3688830963,850.517852876448,1073.73266898866,625.565467481755,770.526205705037
53202.9689580437,845.388839514272,1071.79000618192,628.213597826364,775.241306369632
53226.7690336262,840.208377736705,1069.71888317548,630.983235975374,780.032297831419
53250.3691085735,835.066945359849,1067.55557458997,633.825921081442,784.815477335477
53273.9691835209,829.924418864394,1065.2846636435,636.762560822222,789.627787653946
53297.5692584683,824.784171542817,1062.90773542476,639.791146161666,794.466046603845
53321.1693334157,819.649566934326,1060.42643784765,642.90961519678,799.32706346115
53344.769408363,814.523957007654,1057.8424804207,646.115854566959,804.207640775021
53368.5694839455,809.367409737564,1055.13445412469,649.435957395763,809.146136350878
53392.1695588929,804.269936699036,1052.3497141372,652.811895771634,814.056322053465
53415.7696338403,799.191454965977,1049.46781609009,656.268950534758,818.976426225015
53439.3697087876,794.135252377865,1046.49070373748,659.8048163734,823.903242340852
53462.969783735,789.104596470178,1043.42037604628,663.417143696332,828.833565993955
53486.5698586824,784.102732803639,1040.25888588412,667.103540084997,833.764196611347
53510.1699336297,779.132883317499,1037.00833869638,670.861571750576,838.691939153754
53533.9700092123,774.156585286685,1033.64224265508,674.721487217262,843.655279772805
53557.5700841596,769.260666128325,1030.21939321318,678.615883884145,848.56759959377
53581.170159107,764.406295625624,1026.71412448368,682.574359116511,853.467469367828
53604.7702340544,759.596584978981,1023.12873919138,686.59432800065,858.351732961564
53628.3703090017,754.834613875199,1019.46558587012,690.673171606702,863.21724803563
53651.9703839491,750.123428981175,1015.72705748651,694.808238465431,868.060887643886
53675.7704595316,745.426811514567,1011.88298486129,699.032563772905,872.920262242638
53699.370534479,740.82669331701,1008.00046963245,703.272419047879,877.710588456989
53722.9706094263,736.286313225276,1004.05003247396,707.560339390744,882.469740532792
53746.5706843737,731.808570875618,1000.03423050327,711.893557760841,887.194668949626
53770.1707593211,727.396325673939,995.955658274497,716.269282000924,891.882347343802
53793.7708342684,723.052395420822,991.816946362952,720.684696323211,896.529774010458
53817.570909851,718.74365606942,987.584961138889,725.174843180814,901.17279885628
53841.1709847983,714.545273078546,983.333545978614,729.661379028583,905.730419175398
53864.7710597457,710.423417922516,979.030108016699,734.179006223048,910.238920786236
53888.3711346931,706.380728240702,974.677407896357,738.724829192317,914.695415596637
53911.9712096404,702.419793506942,970.278235112761,743.295936185516,919.097047450053
53935.5712845878,698.543162414092,965.835408571737,747.889397447704,923.440985887141
53959.3713601703,694.721591885589,961.313609768554,752.541437175166,927.760470882374
53982.9714351177,691.02176441569,956.791723340386,757.170897328051,931.980134842879
54006.5715100651,687.413578651931,952.234810682217,761.813830748284,936.133822031346
54030.1715850124,683.899364357511,947.645784221412,766.467266836877,940.218857100565
54053.7716599598,680.481395877753,943.027576449939,771.128227802478,944.23260491143
54077.3717349072,677.161890998334,938.383138442227,775.793730162149,948.172471861234
54101.1718104897,673.91616720628,933.675790709018,780.500335652435,952.068314365812
54124.771885437,670.800890405482,928.987653276407,785.165930143237,955.852131942747
54148.3719603844,667.790397098794,924.282260873942,789.827071115359,959.554529493618
54171.9720353318,664.886667255073,919.562624061,794.480767378494,963.173092981369
54195.5721102792,662.091618835451,914.831764461454,799.124029600494,966.705456360237
54219.1721852265,659.407106759169,910.09271324239,803.75387182265,970.14930282565
54242.972260809,656.813608690586,905.308291161808,808.40633133669,973.530387533664
54266.5723357564,654.356450565095,900.561975903885,813.000219881017,976.789655464955
54290.1724107038,652.015018997321,895.816630334071,817.571740886248,979.953745731921
54313.7724856511,649.790906184569,891.075308454389,822.11793719051,983.02055119944
54337.3725605985,647.685636373991,886.341066078281,826.635862643785,985.988020039058
54360.9726355459,645.700664937922,881.616959263024,831.122583643858,988.854156900553
54384.7727111284,643.822110688352,876.866184810601,835.612760411488,991.639991489202
54408.3727860758,642.082869888385,872.171661049959,840.028003436761,994.296811084664
54431.9728610231,640.467881600418,867.496452483345,844.40330752166,996.846647875846
54455.5729359705,638.978316219041,862.843600239185,848.735804859046,999.287744388759
54479.1730109179,637.61527092603,858.216137709719,853.022647942215,1001.61840528653
54502.7730858652,636.37976888573,853.617088931175,857.261011124942,1003.83699845532
54526.5731614477,635.263928638772,849.010901180541,861.483348821005,1005.95930476619
54550.1732363951,634.287382455375,844.478010973295,865.615900607258,1007.94814238581
54573.7733113425,633.441003617878,839.982559397024,869.691619184101,1009.82039401137
54597.3733862898,632.725510962209,835.527516543668,873.707782270741,1011.57469153587
54620.9734612372,632.141545616193,831.115834901233,877.661697317567,1013.2097352686
54644.5735361846,631.689670335315,826.75044768046,881.550703087786,1014.72429491883
54668.3736117671,631.368230646778,822.397907885123,885.404260517799,1016.12849195577
54691.9736867145,631.183035538705,818.134277386624,889.154991883655,1017.39763041759
54715.5737616618,631.13114468246,813.925632591841,892.833012477672,1018.5430115649
54739.1738366092,631.212800549295,809.774812474647,896.435802506271,1019.56369276919
54762.7739115566,631.428164321351,805.684628228171,899.960881443856,1020.45880542177
54786.3739865039,631.777315397873,801.657861544803,903.405809624583,1021.2275557887
54810.1740620865,632.264915108894,797.663989042063,906.796325073683,1021.87411879378
54833.7741370338,632.882682023115,793.772871211733,910.073074711862,1022.38698210328
54857.3742119812,633.633977504706,789.953344307803,913.262596308994,1022.77155489791
54880.9742869285,634.518548829671,786.208054385049,916.362629948455,1023.02735164728
54904.5743618759,635.536059520478,782.539609299335,919.370964528171,1023.15396558477
54928.1744368233,636.686089061007,778.950576958965,922.285439339721,1023.15106939762
54951.7745117707,637.968132650339,775.443483573935,925.103945642242,1023.01841588557
54975.5745873532,639.394139277918,771.992173968875,927.847058530784,1022.7530578639
54999.1746623005,640.939463369103,768.657107950095,930.466661248293,1022.35936974606
55022.7747372479,642.61477275208,765.411311861499,932.984280454429,1021.83566978843
55046.3748121953,644.419223125938,762.257127184166,935.398031375161,1021.18203785288
55069.9748871426,646.351885300087,759.196844935837,937.706088969569,1020.39863669357
55093.57496209,648.41174520761,756.232703929569,939.9066894483,1019.48571239919
55117.3750376725,650.616764559546,753.343028769862,942.015384682624,1018.43421234534
55140.9751126199,652.928691885018,750.578529449827,943.995086328754,1017.26222601033
55164.5751875673,655.364255231042,747.916574573568,945.862408940167,1015.96196320271
55188.1752625146,657.92210141366,745.359176352628,947.615849195565,1014.53400765694
55211.775337462,660.600793178512,742.908286189869,949.253972392598,1012.9790280179
55235.3754124094,663.398809517507,740.565792995822,950.775413860392,1011.29777801851
55259.1754879919,666.339753944427,738.315080044052,952.190266458391,1009.47525233953
55282.7755629393,669.372499186095,736.195745537963,953.473522366795,1007.54301281218
55306.3756378866,672.519492095607,734.190097223364,954.636427092545,1005.48728460777
55329.975712834,675.778880229288,732.299756945385,955.677910367305,1003.30916331464
55353.5757877814,679.14872981549,730.526275890709,956.596978641696,1001.00982973863
55377.1758627287,682.627026413341,728.871133023556,957.392716330343,998.590549768353
55400.9759383112,686.24250231802,727.323237234391,958.069445488968,996.030664028065
55424.5760132586,689.932203955212,725.909942597308,958.61503145404,993.374641745542
55448.176088206,693.723877743549,724.618998803982,959.034989735467,990.602936234444
55471.7761631533,697.615269928516,723.451598884398,959.328698825588,987.71708426353
55495.3762381007,701.603981415604,722.408842399041,959.495645664783,984.718766359407
55518.9763130481,705.687539418682,721.491748463191,959.535400881325,981.609744706957
55542.7763886306,709.899172604974,720.695098492717,959.446330789542,978.364133872604
55566.376463578,714.165458428983,720.033140898517,959.229673213306,975.03842208046
55589.9765385253,718.518708997386,719.499411727701,958.885050711226,971.607801742815
55613.5766134727,722.956161379834,719.094593452617,958.412381484686,968.074361060908
55637.1766884201,727.474983423763,718.819281554872,957.811672489182,964.440267753188
55660.7767633674,732.072275144939,718.673983421515,957.083020141564,960.707768200252
55684.5768389499,736.784984153123,718.659549674075,956.218808063383,956.846337153711
55708.1769138973,741.530852316634,718.776552927966,955.233840406557,952.923290800329
55731.7769888447,746.346071578676,719.024554916717,954.121765128229,948.909061089161
55755.3770637921,751.227485284523,719.403699907763,952.883043162379,944.806199807917
55778.9771387394,756.171876865386,719.914039377662,951.518227541563,940.617332126624
55802.5772136868,761.175971610047,720.555531256327,950.027963728851,936.345155339867
55826.3772892693,766.279555054518,721.335145178641,948.398773062318,931.955214002317
55849.9773642167,771.393443085149,722.239545182326,946.658874213866,927.524146498337
55873.577439164,776.556850608993,723.274400369635,944.796028641571,923.018305809424
55897.1775141114,781.766288915411,724.439287459684,942.81125422214,918.44066431439
55920.7775890588,787.018220981988,725.733686873058,940.705661842881,913.794259164566
55944.3776640061,792.309063628677,727.156982403879,938.480455288061,909.082190601682
55968.1777395887,797.680466703455,728.722154596588,936.116568982891,904.266899833151
55991.777814536,803.038459622368,730.402081764902,933.655131240373,899.43256023536
56015.3778894834,808.424327547561,732.208466483311,931.078258642112,894.542246604443
56038.9779644308,813.834325182874,734.140303541504,928.387524557382,889.599293724811
56062.5780393781,819.264672823046,736.196490684369,925.584593433451,884.607089942951
56086.1781143255,824.711558891076,738.375828786621,922.671220170832,879.569075041057
56109.978189908,830.217453410028,740.697040553366,919.623180896406,874.445513564569
56133.5782648554,835.685925419651,743.119711786812,916.49365078402,869.326076969396
56157.1783398028,841.159305358777,745.661345948802,913.25949498468,864.171463444039
56180.7784147501,846.633795513693,748.320384827681,909.922778445315,858.985195854452
56204.3784896975,852.105525355034,751.095166723466,906.48567133302,853.770882450178
56227.9785646449,857.570550411994,753.983923851672,902.950449554656,848.532220401518
56251.7786402274,863.071080866672,757.010700198568,899.288298926113,843.228293472544
56275.3787151747,868.510676414759,760.122658456033,895.563227189746,837.952033608185
56298.9787901221,873.931637572162,763.342716516894,891.74738517218,832.662745280583
56322.5788650695,879.32998727442,766.668739430295,887.843375056295,827.364248425292
56346.1789400168,884.701747877861,770.098503400933,883.853876636029,822.060386669984
56369.7790149642,890.042944410495,773.629697118928,879.781645548543,816.755024323518
56393.3790899116,895.349607881195,777.259923194685,875.629511403833,811.452043289887
56417.1791654941,900.662248371298,781.018687850349,871.364215089748,806.110490589745
56440.7792404415,905.887603071133,784.840235255707,867.060435105956,800.824075441483
56464.3793153888,911.066554314167,788.75309953772,862.685690530707,795.551794139617
56487.9793903362,916.19519139978,792.754554783285,858.243086659715,790.297566686537
56511.5794652836,921.269626980215,796.841797773553,853.735791858902,785.065314155435
56535.1795402309,926.286000667039,801.011950051207,849.167035086555,779.85895519563
56558.9796158134,931.282194450277,805.29841105082,844.500652962946,774.638671932512
56582.5796907608,936.170416485665,809.626095415433,839.818438273865,769.496130871707
56606.1797657082,940.989162133543,814.02759800163,835.084814808403,764.391221907273
56629.7798406556,945.734715935782,818.499761569158,830.303227617305,759.32781781152
56653.3799156029,950.403407904401,823.039365518417,825.4771685198,754.309770663682
56676.9799905503,954.991617266114,827.643128553747,820.610173080339,749.340908086025
56700.7800661328,959.533577795101,832.347492023665,815.664105836216,744.383606680345
56724.3801410802,963.94941831913,837.069972421403,810.725733352745,739.524976265605
56747.9802160275,968.274217635678,841.846402401879,805.757293342385,734.726860044251
56771.5802909749,972.504589726292,846.673285890037,800.762464838771,729.992949442166
56795.1803659223,976.637216388738,851.547080758536,795.744954370752,725.32689235974
56818.7804408696,980.668866038364,856.464205398334,790.708486642369,720.732276123893
56842.5805164522,984.629329968892,861.463232593221,785.613895654684,716.174561646788
56866.1805913995,988.448957548826,866.456467724909,780.550586640803,711.73384363091
56889.7806663469,992.158464917737,871.482066009251,775.479585398526,707.374933977094
56913.3807412943,995.75492687993,876.536307489481,770.404680129946,703.101205059501
56936.9808162416,999.235506180587,881.615445846837,765.329665597992,698.915964088977
56960.580891189,1002.59745668391,886.715711867109,760.258339509818,694.822449601831
56984.3809667715,1005.86506412062,891.876749696787,755.151627825234,690.790355789969
57007.9810417189,1008.98083830005,897.007987766283,750.099177133421,686.890561419914
57031.5811166663,1011.97030185597,902.148911262364,745.06182138738,683.091788300569
57055.1811916136,1014.83110365562,907.295694617605,740.043333648726,679.396966038053
57078.781266561,1017.56099791045,912.444507141175,735.04747176897,675.808939256971
57102.3813415083,1020.15784661677,917.59151660344,730.077974808145,672.330464662158
57126.1814170909,1022.63990159167,922.776428783205,725.096839156078,668.936167584646
57149.7814920382,1024.96351883997,927.90825070601,720.191498230365,665.685685378486
57173.3815669856,1027.14833058315,933.02676712137,715.323622239459,662.552491038806
57196.981641933,1029.19265226348,938.128175453593,710.496839689974,659.538961938046
57220.5817168803,1031.09491695936,943.208689365074,705.714742958215,656.647374802082
57244.1817918277,1032.85367684453,948.264542226043,700.980884992756,653.879903605866
57267.9818674102,1034.48065938952,953.334464005652,696.259328275745,651.216778750922
57291.5819423576,1035.94730637229,958.329502790218,691.632915485451,648.704734848901
57315.182017305,1037.26682290739,963.288701825838,687.06516055503,646.322708863942
57338.7820922523,1038.4382496261,968.208407408882,682.55942674493,644.072444940993
57362.3821671997,1039.46075087554,973.085002198951,678.119022506199,641.955576324817
57385.9822421471,1040.33361510245,977.914908363487,673.747198667894,639.973624221486
57409.7823177296,1041.06173577754,982.734871799792,669.411020277194,638.112942239305
57433.3823926769,1041.63240992802,987.460370564598,665.186513660491,636.40610537787
57456.9824676243,1042.05205585985,992.128685662192,661.039993179514,634.838076979234
57480.5825425717,1042.32051076392,996.73643977181,656.974432563268,633.409875878762
57504.1826175191,1042.43781183909,1001.28032944282,652.992703760703,632.122337694861
57527.7826924664,1042.40399270605,1005.75708039932,649.09765366696,630.976293622949
57551.5827680489,1042.21699453331,1010.20050955077,645.260195421521,629.964565204741
57575.1828429963,1041.88023470555,1014.53276123554,641.547540621557,629.104764225469
57598.7829179437,1041.39317375062,1018.78838824268,637.929677785589,628.388273797859
57622.382992891,1040.75632247266,1022.9643671857,634.409146111051,627.815468238555
57645.9830678384,1039.97030865012,1027.0577431206,630.988403291303,627.386608075169
57669.5831427858,1039.0358756356,1031.06563163966,627.669823953741,627.101840643424
57693.3832183683,1037.94408352996,1035.01805252056,624.428912568392,626.960624684126
57716.9832933157,1036.71425896966,1038.84582203663,621.322357690053,626.965255768598
57740.583368263,1035.33893268338,1042.57987138662,618.324595312925,627.113748093814
57764.1834432104,1033.81929506521,1046.21761796343,615.437653536482,627.405803559468
57787.7835181578,1032.15664349657,1049.75655871426,612.663471147755,627.841015536741
57811.3835931051,1030.35238036282,1053.1942716479,610.003896680433,628.418870096285
57834.9836680525,1028.40801099506,1056.52841724528,607.460687572298,629.138747322659
57858.783743635,1026.30690307725,1059.78363996588,605.015465997811,630.007822306257
57882.3838185824,1024.0860866009,1062.9030444686,602.710911952235,631.01065483045
57905.9838935298,1021.73029165159,1065.91235328868,600.52745415818,632.153020387916
57929.5839684771,1019.24141426362,1068.80956974085,598.466478351082,633.43388897337
57953.1840434245,1016.62144219173,1071.59278525445,596.529276363024,634.852132301552
57976.7841183719,1013.8724525254,1074.26018022438,594.71704582967,636.406525536206
58000.5841939544,1010.97170201712,1076.83112655482,593.017142219608,638.110636706101
58024.1842689017,1007.97020749649,1079.26076438005,591.459150770496,639.934402359786
58047.7843438491,1004.84645837724,1081.56965109925,590.029164161738,641.890069036786
58071.3844187965,1001.60286523564,1083.7563305113,588.728001156161,643.97604323503
58094.9844937438,998.241915576862,1085.81943834454,587.556386069517,646.190644275211
58118.5845686912,994.76617129556,1087.75770260141,586.514948947503,648.532106288344
58142.3846442737,991.147390945096,1089.58476068951,585.597066799917,651.020009135232
58165.9847192211,987.449210749859,1091.26883470092,584.818574345763,653.610511495005
58189.5847941685,983.644500087107,1092.8248316287,584.17153477073,656.321950034596
58213.1848691158,979.736084767427,1094.25185212719,583.656204164898,659.152244821645
58236.7849440632,975.726853088724,1095.54908979321,583.272746084191,662.099240217651
58260.3850190106,971.619752519389,1096.71583084358,583.021232374806,665.160707755864
58284.1850945931,967.381780594353,1097.75966855524,582.901193818539,668.361716150878
58307.7851695404,963.087243720874,1098.66252701643,582.914537037153,671.646082207486
58331.3852444878,958.704036372453,1099.43329805679,583.059494258162,675.037798559578
58354.9853194352,954.235317569132,1100.07163697378,583.335776424365,678.534366365177
58378.5853943825,949.684292753908,1100.57729028726,583.743006378988,682.133224755289
58402.1854693299,945.054211274825,1100.95009528164,584.280719736978,685.831753015213
58425.9855449124,940.308169553133,1101.19144439916,584.954577288039,689.659844873095
58449.5856198598,935.529286363826,1101.29729907597,585.752612787577,693.550409235393
58473.1856948072,930.681361673333,1101.27035775867,586.679218089938,697.532420279838
58496.7857697545,925.767795814393,1101.11081588158,587.73358879377,701.60303936561
58520.3858447019,920.792020625559,1100.81895655714,588.914838282842,705.759378968225
58543.9859196493,915.757497026348,1100.39514981422,590.221998843795,709.998504865288
58567.7859952318,910.624352735994,1099.83458547735,591.666689013834,714.354371868721
58591.3860701792,905.482395912365,1099.14723038842,593.223493567895,718.75072950558
58614.9861451265,900.292254004373,1098.32955685721,594.902820628456,723.220786263087
58638.5862200739,895.057480562978,1097.38227480586,596.703389299377,727.761442572682
58662.1862950213,889.78164638342,1096.30617662735,598.623843674662,732.36956303081
58685.7863699686,884.468337208745,1095.10213618382,600.662754140131,737.041978543523
58709.5864455511,879.075701880271,1093.75928812576,602.837384056341,741.815854799162
58733.1865204985,873.69800733648,1092.3012426364,605.109600568023,746.607705531056
58756.7865954459,868.293692789844,1090.71836451901,607.495541248218,751.454135463698
58780.3866703933,862.866381334124,1089.01184348551,609.993494574884,756.35186176402
58803.9867453406,857.419699876384,1087.18294521759,612.601682186375,761.297578478246
58827.586820288,851.957276990264,1085.23301018269,615.31826031289,766.287958602757
58851.3868958705,846.436305033382,1083.14540682973,618.165694899012,771.362464592493
58874.9869708179,840.953224652857,1080.95671813624,621.094145476372,776.432423826366
58898.5870457652,835.465308152689,1078.65146407997,624.125059902058,781.536930961682
58922.1871207126,829.976169768985,1076.23127253083,627.256346911929,786.672595101447
58945.78719566,824.489415052069,1073.69783985956,630.48585723503,791.836014439193
58969.3872706073,819.00863888054,1071.05292962071,633.811385109871,797.023778234031
58993.1873461899,813.491108343541,1068.2745643271,637.260040858273,802.276689848268
59016.7874211372,808.033147903396,1065.41134676272,640.771533132495,807.503018069822
59040.3874960846,802.591897182706,1062.44234881419,644.372081775935,812.743395365927
59063.987571032,797.170888895359,1059.36958977414,648.059270002716,817.994394653337
59087.5876459793,791.773635546974,1056.19514927268,651.830632269596,823.252589538415
59111.1877209267,786.403627612477,1052.92116586729,655.683655841873,828.514556183491
59134.9877965092,781.019224572606,1049.5208554468,659.649436078913,833.821462813588
59158.5878714566,775.714385878199,1046.05363438595,663.658700220773,839.080680405501
59182.1879464039,770.447142826294,1042.49364515546,667.741797462546,844.333403144106
59205.7880213513,765.220879829047,1038.84324813143,671.89604172456,849.576235793704
59229.3880962987,760.038950543349,1035.10485538498,676.118707649572,854.805794738445
59252.988171246,754.904676208003,1031.28092920907,680.407032193136,860.018709735153
59276.5882461934,749.821344006707,1027.37398063709,684.758216216289,865.211625647245
59300.3883217759,744.74982644122,1023.35243989971,689.207057538712,870.424904910586
59323.9883967233,739.778595939657,1019.28651856812,693.675898761569,875.567586189008
59347.5884716707,734.867975544355,1015.14540808258,698.198976746549,880.680282798801
59371.188546618,730.021100006717,1010.93179983041,702.773363692246,885.759717186791
59394.7886215654,725.241062202742,1006.648426411,707.396103702412,890.802635310067
59418.3886965128,720.530911645087,1002.2980601137,712.064214385888,895.805808258811
59442.1887720953,715.85467419564,997.845833815741,716.814780101629,900.80787704819
59465.7888470427,711.293921223725,993.369442222447,721.564907296265,905.721577122007
59489.38892199,706.811953790263,988.83462202439,726.351289071865,910.585985539681
59512.9889969374,702.411633123196,984.244289216543,731.17085290104,915.397990069857
59536.5890718848,698.095769985415,979.601391778684,736.020507779717,920.154511476758
59560.1891468321,693.867123324579,974.908908121684,740.897145828699,924.852505038536
59583.9892224146,689.693716889293,970.129493603358,745.839266533639,929.527982572349
59607.589297362,685.648365444905,965.346531523187,750.7606485991,934.099369365313
59631.1893723094,681.698219874399,960.523115004251,755.699572416549,938.603278342798
59654.7894472567,677.845818925257,955.662329186203,760.652878017578,943.036817446399
59678.3895222041,674.093642559698,950.767281694293,765.617396788354,947.397136922901
59701.9895971515,670.444111287306,945.841101151055,770.589952860935,951.681430291438
59725.789672734,666.870001919258,940.844840590507,775.609557816507,955.922231157281
59749.3897476814,663.433697506057,935.865659085127,780.588640445535,960.04553083271
59772.9898226287,660.106949681212,930.864867479901,785.566178299895,964.08463623169
59796.5898975761,656.891928728914,925.845662549841,790.538982568611,968.036928334412
59820.1899725235,653.790739647563,920.811254051019,795.503865240007,971.899838296951
59843.7900474708,650.805421046638,915.76486310283,800.457640713534,975.670848783336
59867.5901230534,647.914152463535,910.666852236844,805.438917320963,979.37824313356
59891.1901980007,645.167442412304,905.606164217715,810.36077775492,982.957285000278
59914.7902729481,642.542324834773,900.54323654016,815.261977987413,986.437177815998
59938.3903478955,640.040561545386,895.48131950318,820.139358304897,989.815623791915
59961.9904228428,637.66384274198,890.423666566878,824.989769510982,993.090383099757
59985.5904977902,635.413786021965,885.373532693379,829.810074552747,996.25927511621
60009.3905733727,633.274505741508,880.291521586492,834.637567688483,999.345652136188
60032.9906483201,631.283435792767,875.266321154845,839.38798478993,1002.29556944166
60056.5907232675,629.42344707552,870.258424496279,844.098947621589,1005.13342839538
60080.1907982148,627.695856708137,865.271075784047,848.767384194034,1007.85729788612
60103.7908731622,626.101904593471,860.307512266078,853.39024285348,1010.46531201285
60127.3909481095,624.642752562229,855.370962557748,857.964493927306,1012.95567123661
60151.1910236921,623.308852976559,850.423204332659,862.525229707471,1015.34622152928
60174.7910986394,622.123634278793,845.550622010226,866.992797438627,1017.595110678
60198.3911735868,621.076231973694,840.714697338981,871.402792045667,1019.72134254204
60221.9912485342,620.16748680653,835.918607022749,875.752288551069,1021.72339481626
60245.5913234815,619.398157512423,831.165510454204,880.038392248741,1023.59981706832
60269.1913984289,618.768920104989,826.458547956564,884.258240368148,1025.34923178373
60292.9914740114,618.276829600097,821.761586254052,888.443876470244,1026.98352168977
60316.5915489588,617.930668207333,817.156684561645,892.522140223531,1028.47398273625
60340.1916239062,617.726126932994,812.607231715059,896.525745175536,1029.83374191469
60363.7916988535,617.663543612212,808.116273783645,900.451973318447,1031.06172407783
60387.3917738009,617.743170214821,803.686828839874,904.298146945325,1032.1569319149
60410.9918487483,617.965172307881,799.321885154568,908.061630323626,1033.11844686494
60434.7919243308,618.333325934762,794.98827666308,911.770630816867,1033.95186122854
60458.3919992781,618.841434483533,790.761780880126,915.360247700406,1034.64240459971
60481.9920742255,619.491890730964,786.608578533428,918.859514735137,1035.1969752623
60505.5921491729,620.284509174157,782.531520193726,922.265981229154,1035.6149789698
60529.1922241202,621.219015725942,778.533417502827,925.57724683179,1035.89590440106
60552.7922990676,622.295047389399,774.617041337924,928.790963195924,1036.03932390653
60576.5923746501,623.523067763918,770.753014665763,931.930791285709,1036.04435157261
60600.1924495975,624.881892004219,767.008981732626,934.941705907253,1035.91064324271
60623.7925245449,626.380610519201,763.354747126351,937.848336568388,1035.63865395068
60647.3925994922,628.018501466037,759.792899852589,940.648559951598,1035.22829827272
60670.9926744396,629.794753082349,756.325978936358,943.34031297539,1034.67957768824
60694.592749387,631.70846361756,752.956471584685,945.921594411467,1033.99258111472
60718.1928243343,633.758641311573,749.686811352868,948.390466490138,1033.1674854026
60741.9928999169,635.963301383785,746.492977155113,950.76451708034,1032.19580732667
60765.5929748642,638.284210404933,743.4309838162,953.002027594293,1031.09423452969
60789.1930498116,640.738060698859,740.475817006111,955.121697609063,1029.85562920135
60812.793124759,643.323500488566,737.629676931253,957.121859555565,1028.48052478395
60836.3931997063,646.039088639004,734.894701064765,959.00091713587,1026.96954448035
60859.9932746537,648.883294947504,732.272962364428,960.757346826534,1025.32340147864
60883.7933502362,651.880218069506,729.745724077792,962.402998665182,1023.52723847245
60907.3934251836,654.977769856063,727.357412856002,963.908831691188,1021.612143414
60930.9935001309,658.198802955656,725.088168519576,965.287906932736,1019.56457534749
60954.5935750783,661.541434204518,722.939787842505,966.539007187334,1017.38560939421
60978.1936500257,665.003693695565,720.913994408692,967.660995177643,1015.07641100576
61001.793724973,668.583525423805,719.012436943426,968.652814890379,1012.63823586727
61025.5938005556,672.310590729038,717.222180881789,969.520223762873,1010.05014427392
61049.1938755029,676.120007739641,715.574818900268,970.247747956023,1007.35707972973
61072.7939504503,680.040299854883,714.056185267988,970.842429829755,1004.53935835116
61096.3940253977,684.069073701001,712.667612444325,971.303551838696,1001.5985953611
61119.994100345,688.203878065228,711.410355269122,971.630474621853,998.536473988768
61143.5941752924,692.442260654954,710.28560285996,971.822616380329,995.35469549555
61167.3942508749,696.818800145307,709.286615805654,971.879419635427,992.026663964617
61190.9943258223,701.257216147442,708.431188363295,971.799559805199,988.610285803929
61214.5944007697,705.791078995237,707.711267037266,971.583812212815,985.080136632617
61238.194475717,710.417529447899,707.127671187801,971.231993414025,981.438348019439
61261.7945506644,715.13363372462,706.681129359603,970.744013038894,977.687136416998
61285.3946256118,719.936384926159,706.372278069977,970.119874588029,973.828802308999
61309.1947011943,724.864462157056,706.200806791743,969.35265288528,969.831703350559
61332.7947761416,729.83186941883,706.170049205609,968.455437584346,965.765501178036
61356.394851089,734.876451867471,706.278330816539,967.422647869662,961.599594503149
61379.9949260364,739.994925128385,706.525908179646,966.254670306688,957.336610696965
61403.5950009837,745.183939837562,706.912940591213,964.951988398851,952.979255845554
61427.1950759311,750.440083466065,707.439489228059,963.515183001722,948.530313475684
61450.9951515136,755.805227195932,708.111756348304,961.931057375551,943.953817566119
61474.595226461,761.185642185635,708.9183045709,960.227017909544,939.329639382601
61498.1953014084,766.622558099646,709.863953795717,958.391192534226,934.622700872888
61521.7953763557,772.112328871169,710.948364626343,956.424555043185,929.836081734106
61545.3954513031,777.651255409824,712.17109628582,954.328177551693,924.972931627264
61568.9955262505,783.235587825627,713.531606190929,952.103230455992,920.036468462793
61592.795601833,788.909372005441,715.042525433785,949.730507861372,914.987259003866
61616.3956767804,794.573378291293,716.677707540584,947.25126404702,909.91353684112
61639.9957517277,800.271226081418,718.448418624171,944.647562673098,904.776575754885
61663.5958266751,805.998985501951,720.353705384137,941.920965999518,899.579848513706
61687.1959016225,811.75268800431,722.392511830326,939.073133086961,894.32688641712
61710.7959765698,817.528328981297,724.563679370089,936.105819234264,889.021277126986
61734.5960521523,823.371033129667,726.886014119324,932.994234573681,883.621085452751
61758.1961270997,829.178506217815,729.319111998986,929.792634526978,878.220790834674
61781.7962020471,834.995679905445,731.880468998651,926.477407523883,872.778959268965
61805.3962769944,840.818432595167,734.568518004623,923.050687096632,867.299381030924
61828.9963519418,846.642620695119,737.381591161848,919.514698772718,861.785890739561
61852.5964268892,852.464136728023,740.317932616774,915.871737643068,856.24231686794
61876.3965024717,858.32815810284,743.402130215056,912.091963863518,850.625166617732
61899.9965774191,864.131912803972,746.580373799493,908.241410583324,845.032820478396
61923.5966523664,869.920514042853,749.876009926224,904.291332112032,839.422163302163
61947.1967273138,875.689756005735,753.286882832325,900.244391271105,833.797208150634
61970.7968022612,881.435429063492,756.810741428245,896.103334759736,828.161996115897
61994.3968772085,887.153323093897,760.445240570276,891.87099142408,822.520593265776
62018.196952791,892.887267814222,764.220115454089,887.513284978192,816.829263943053
62041.7970277384,898.536663817804,768.069375527892,883.106463173829,811.187796412273
62065.3971026858,904.145646098892,772.021668171864,878.617341359194,805.552489426932
62088.9971776332,909.710037063719,776.074286182764,874.049058168911,799.927476992051
62112.5972525805,915.22567611148,780.224436311719,869.404824129074,794.316901669935
62136.1973275279,920.688423279087,784.469241191341,864.687919294456,788.724911090776
62159.7974024753,926.094162930478,788.805741371675,859.901690782438,783.155654398367
62183.5974780578,931.483828386244,793.268768767924,855.008158608571,777.566436068681
62207.1975530051,936.762752735674,797.780175065853,850.093065275818,772.055363068646
62230.7976279525,941.9724721999,802.373900426798,845.119095991949,766.579478983387
62254.3977028999,947.109006450835,807.046678972212,840.089839911562,761.142902158536
62277.9977778473,952.168418493731,811.795174543865,835.008939400855,755.74973379908
62301.5978527946,957.14681853289,816.615983370861,829.88008698818,750.404054105526
62325.3979283771,962.081465154743,821.547358705248,824.663004560904,745.065284618008
62348.9980033245,966.885612833435,826.50286445398,819.44918447457,739.827207374393
62372.5980782719,971.597369774588,831.520063936979,814.198791824713,734.648727955942
62396.1981532192,976.213074276337,836.595311070353,808.915687895342,729.533802997034
62419.7982281666,980.729131202572,841.724906939259,803.603767617464,724.486348397846
62443.398303114,985.142015797241,846.905103010251,798.266956054074,719.510235359567
62467.1983786965,989.484305878033,852.176590101308,792.863722029684,714.568084979441
62490.7984536439,993.679625713097,857.446906675938,787.488878886604,709.746754860275
62514.3985285912,997.761727318854,862.75630241653,782.101060923044,705.008019221135
62537.9986035386,1001.72748321273,868.100884217857,776.704245477836,700.355461141723
62561.598678486,1005.57377609119,873.476709790419,771.302450594082,695.79266851091
62585.1987534333,1009.29758188032,878.879808214793,765.89970177894,691.323160399586
62608.9988290158,1012.92592210327,884.352257392455,760.454293699696,686.9137504228
62632.5989039632,1016.39496555446,889.798036846407,755.061804874785,682.641943108931
62656.1989789106,1019.73300907931,895.259004481758,749.680484056417,678.473564135645
62679.7990538579,1022.9374280237,900.731109856485,744.314351496523,674.411826075588
62703.3991288053,1026.0057049585,906.210292033378,738.967416572013,670.459856382138
62726.9992037527,1028.93543245483,911.69248335144,733.643673977675,666.620694128465
62750.7992793352,1031.7473421483,917.22004727742,728.302341143531,662.866235435495
62774.3993542826,1034.39198045613,922.695985034095,723.037170227974,659.262453211436
62797.9994292299,1036.89151566048,928.162691983781,717.807083063147,655.780057433581
62821.5995041773,1039.24400617328,933.616111435613,712.615977771814,652.42170257055
62845.1995791247,1041.44763203839,939.05219885295,707.467719161598,649.189940238355
62868.799654072,1043.50069675688,944.466925573429,702.366135140665,646.087216730734
62892.5997296546,1045.4170842138,949.90183518239,697.272433452967,643.091257661412
62916.1998046019,1047.16313171925,955.261570687817,692.275992421156,640.254659434383
62939.7998795493,1048.75427428918,960.587958016108,687.337484525336,637.553802067966
62963.3999544967,1050.18932501246,965.877068747993,682.460555096777,634.990688031235
62987.000029444,1051.46722685235,971.125008369731,677.648795649274,632.567204490499
63010.6001043914,1052.58705336977,976.327919711915,672.905740746416,630.285121815805
63034.4001799739,1053.55547207585,981.525445304302,668.195599510317,628.128580653473
63058.0002549213,1054.35553907199,986.626432851888,663.600969476096,626.135368703782
63081.6003298686,1054.99553550644,991.671046682969,659.085304130829,624.28816702949
63105.200404816,1055.47506196519,996.655612435258,654.651880232745,622.58826625875
63128.8004797634,1055.79385047823,1001.57650922211,650.303903371588,621.036835302618
63152.4005547108,1055.95177577504,1006.43017534808,646.044500947517,619.634910571795
63176.2006302933,1055.94825798125,1011.25336032588,641.841754088602,618.373332874875
63199.8007052406,1055.78351359756,1015.96154624955,637.769279386097,617.274082555439
63223.400780188,1055.45844441704,1020.59219442661,633.794261014902,616.32659955229
63247.0008551354,1054.97342870801,1025.1419979558,629.919510150327,615.531440976344
63270.6009300827,1054.32897089937,1029.60771959226,626.147753686467,614.889042306997
63294.2010050301,1053.52570031487,1033.9861941329,622.481632394605,614.399717803141
63318.0010806126,1052.55554990705,1038.310276131,618.894016637555,614.061468344051
63341.60115556,1051.43570623852,1042.50425658138,615.447682967231,613.880052375902
63365.2012305074,1050.15968152754,1046.60192437593,612.114393022827,613.851931187309
63388.8013054547,1048.72859052132,1050.60042498971,608.896426123652,613.976939840008
63412.4013804021,1047.14366468897,1054.49698634684,605.79596793049,614.254796136439
63436.0014553495,1045.4062502648,1058.28892058589,602.815109274533,614.685101758409
63459.801530932,1043.50116146893,1062.00438656844,599.932139138488,615.272925300774
63483.4016058793,1041.46199769958,1065.57840752537,597.197421902987,616.007755725096
63507.0016808267,1039.27506639231,1069.04023899032,594.588012459695,616.893149957816
63530.6017557741,1036.94215241166,1072.38754631071,592.105611910659,617.928257630212
63554.2018307214,1034.46514432627,1075.61808633633,589.751822255142,619.112119394136
63577.8019056688,1031.84603199344,1078.72970856963,587.528145841044,620.443668597015
63601.4019806162,1029.08690408871,1081.72035621734,585.435984912788,621.921733027621
63625.2020561987,1026.1648125669,1084.61183903846,583.460607708097,623.559410304338
63648.8021311461,1023.13116343141,1087.35368127004,581.63642296539,625.327788430563
63672.4022060934,1019.96435271547,1089.96893523565,579.947365590403,627.238537270021
63696.0022810408,1016.6668394971,1092.45592837359,578.394433885047,629.290080258213
63719.6023559882,1013.24116866332,1094.81308565902,576.978525153123,631.480744912152
63743.2024309355,1009.68996821981,1097.0389300947,575.700435778362,633.808764903044
63767.0025065181,1005.98429388093,1099.14925095148,574.551797647561,636.293732930914
63790.6025814654,1002.18923201355,1101.10729220446,573.552514479153,638.891923026505
63814.2026564128,998.277020634381,1102.93017181139,572.692840027224,641.621610085487
63837.8027313601,994.250639785752,1104.61682017184,571.973150527326,644.480631855529
63861.4028063075,990.113182031079,1106.16627837683,571.393704278574,647.466705308091
63885.0028812549,985.867710107812,1107.57766506402,570.954697301527,650.577551790464
63908.8029568374,981.480043444569,1108.86038672869,570.654299077138,653.838731167872
63932.4030317848,977.027134517152,1109.99219714933,570.497558635909,657.192983045031
63956.0031067321,972.475798511741,1110.9838809081,570.481259146268,660.664689365864
63979.6031816795,967.829337662497,1111.83495233419,570.605207643319,664.251270900983
64003.2032566269,963.091107277873,1112.54502374543,570.869115921366,667.950079171787
64026.8033315742,958.264513018149,1113.11380503623,571.272601403975,671.758398787016
64050.6034071568,953.3110323987,1113.54411944425,571.820379104133,675.707076181946
64074.2034821041,948.317440365339,1113.8286380854,572.50266976085,679.72688448949
64097.8035570515,943.246006668116,1113.97157710468,573.322827163102,683.847655123215
64121.4036319989,938.10031170867,1113.97303216452,574.280100208936,688.066428060727
64145.0037069462,932.883972796056,1113.83319353854,575.373648530824,692.380188151737
64168.6037818936,927.600641511409,1113.55234535374,576.602543649706,696.785867474852
64192.4038574761,922.208430648464,1113.12669324081,577.977893871114,701.318806945437
64216.0039324235,916.801704275489,1112.56386408809,579.475474833139,705.899633704643
64239.6040073709,911.339151641532,1111.86143769258,581.105090214197,710.562855417158
64263.2040823182,905.82453565965,1111.02006579712,582.86547070642,715.305216216629
64286.8041572656,900.261640629789,1110.04048948124,584.75526523743,720.123419204399
64310.404232213,894.6542697356,1108.92353812862,586.773042337962,725.014128771239
64334.2043077955,888.958215155444,1107.65892593283,588.935999093649,730.016291190906
64357.8043827428,883.273069612781,1106.26891707688,591.20618368482,735.04240616654
64381.4044576902,877.554979035157,1104.74454983354,593.599573738214,740.130782426336
64405.0045326376,871.807797687946,1103.08699642319,596.114429808703,745.277952279533
64428.6046075849,866.035386573395,1101.29751164277,598.748939312413,750.480420782233
64452.2046825323,860.241611087309,1099.3774316229,601.501218046432,755.734667984501
64476.0047581148,854.38102693024,1097.31025816765,604.394106768261,761.082283401598
64499.6048330622,848.556025931584,1095.1322395497,607.376948098954,766.429802573065
64523.2049080096,842.721292840416,1092.82812288075,610.471473834738,771.81838236928
64546.8049829569,836.880687717073,1090.39955727402,613.675528326422,777.244424841798
64570.4050579043,831.038063712526,1087.84826654104,616.98689219123,782.704318046187
64594.0051328517,825.19726490008,1085.17604779479,620.403283932893,788.194438187288
64617.8052084342,819.312708906982,1082.36061187213,623.952616235754,793.758006782083
64641.4052833816,813.48714232334,1079.45123048302,627.572818411904,799.297851555431
64665.0053583289,807.674889618111,1076.42675526516,631.29082660573,804.856971021776
64688.6054332763,801.87973731321,1073.28926273544,635.104126836783,810.431715032603
64712.2055082236,796.105452444054,1070.04089542619,639.010151290933,816.018432042188
64735.805583171,790.355780571579,1066.68386038059,643.006279999622,821.613471134371
64759.6056587535,784.58608959592,1063.19062847778,647.124814864328,827.260648766584
64783.2057337009,778.897071918465,1059.62225774391,651.293798158594,832.861384980723
64806.8058086483,773.243786618058,1055.95223273327,655.544706122656,838.459483473952
64830.4058835956,767.629873820367,1052.18300370477,659.874726706077,844.051315780752
64854.005958543,762.058942667901,1048.31707769732,664.281004198723,849.633263902297
64877.6060334904,756.534569509801,1044.35701695323,668.760640938785,855.201722207221
64901.4061090729,751.014128114511,1040.27071842976,673.349551273366,860.800061647981
64925.0061840203,745.593929094576,1036.12954638579,677.967613012855,866.330591989759
64948.6062589676,740.230831903426,1031.90226489781,682.650080731864,871.836878451505
64972.206333915,734.928263844751,1027.59164148565,687.393905796389,877.315383632574
64995.8064088624,729.689610791898,1023.20049084831,692.196006204838,882.762591702898
65019.4064838097,724.518215547069,1018.73167324027,697.05326830495,888.175010177846
65043.0065587571,719.417376227596,1014.18809284146,701.962548511,893.549171672599
65066.8066343396,714.348067312723,1009.53328422227,706.962892640293,898.926638044691
65090.406709287,709.398713741545,1004.84848787808,711.967040261375,904.213595694759
65114.0067842344,704.529553119531,1000.09791425754,717.013585386109,909.452033523775
65137.6068591817,699.743688779592,995.284627140259,722.099281676228,914.638601963602
65161.2069341291,695.04417168293,990.411725985671,727.220861457349,919.76998503073
65184.8070090765,690.433998960707,985.482344272009,732.375037434037,924.842901961673
65208.607084659,685.878227959074,980.457202889007,737.602547765301,929.896303786486
65232.2071596063,681.45633161639,975.423977247126,742.812190179906,934.842031381873
65255.8072345537,677.132457552375,970.343886368661,748.04443799168,939.719651290924
65279.4073095011,672.909373621733,965.220183479964,753.295942212959,944.52603939032
65303.0073844484,668.78979747588,960.056149912153,758.563338724432,949.258105342657
65326.6074593958,664.776377105179,954.85508939614,763.843256758372,953.912810158387
65350.4075349783,660.839074881407,949.57583032594,769.177171246671,958.525578028275
65374.0076099257,657.046597905305,944.310469309526,774.472029652778,963.015920711406
65397.6076848731,653.367845183009,939.018145658556,779.769233704261,967.420053102595
65421.2077598204,649.805199587925,933.702241327885,785.065393737405,971.735133193345
65444.8078347678,646.360975674095,928.366153694075,790.357119327917,975.958370996489
65468.4079097152,643.037418494515,923.013293838108,795.641021003787,980.087029969159
65492.2079852977,639.810108719816,917.60156124712,800.958338194525,984.152169648038
65515.8080602451,636.735404007146,912.225367051941,806.216297895572,988.082824578297
65539.4081351924,633.787689575338,906.842728046704,811.456259540226,991.911004188029
65563.0082101398,630.968920457384,901.457092893806,816.674854687726,995.634200119702
65586.6082850871,628.280976592265,896.071915271981,821.868724445111,999.249964341491
65610.2083600345,625.725661773275,890.690652122739,827.034521188108,1002.75591047251
65634.008435617,623.284764915299,885.271261847664,832.212278335883,1006.17799043574
65657.6085105644,621.000969254074,879.908309272445,837.311631426189,1009.45641541014
65681.2085855118,618.854759914771,874.559673208027,842.372925560426,1012.6182277578
65704.8086604591,616.847625348104,869.228805932731,847.392875601054,1015.66130119813
65728.4087354065,614.980972924907,863.919154098891,852.368216330843,1018.58357749141
65752.0088103539,613.256128019356,858.634156935596,857.29570418765,1021.38306766406
65775.8088859364,611.661542729904,853.332824138868,862.213217146707,1024.07998266804
65799.4089608838,610.225183371891,848.107696831788,867.034890404559,1026.62713660907
65823.0090358311,608.934115602752,842.917508057184,871.799100691347,1029.04595037271
65846.6091107785,607.789327395175,837.765649087787,876.502708715203,1031.33472457746
65870.2091857259,606.79172049956,832.655494651657,881.142605567008,1033.49183497269
65893.8092606732,605.942109677443,827.590401086658,885.715714470399,1035.51573355217
65917.6093362557,605.235919648939,822.531406416068,890.256848877018,1037.420380389
65941.2094112031,604.685661886053,817.566873092816,894.686658831457,1039.17236284124
65964.8094861505,604.285319570165,812.657368511387,899.040635832481,1040.78694696639
65988.4095610979,604.03535163584,807.806156607142,903.315849513565,1042.26290113749
66012.0096360452,603.93612661648,803.016473563398,907.509410432951,1043.59907522664
66035.6097109926,603.987922054543,798.291525919862,911.618471832197,1044.79440158428
66059.4097865751,604.193290768742,793.59532146362,915.673933126518,1045.8562152014
66083.0098615225,604.548875377461,789.009951627099,919.604859891239,1046.76576461074
66106.6099364698,605.055761340241,784.498766100905,923.44299780221,1047.53176108051
66130.2100114172,605.713856219736,780.064833481904,927.185688840242,1048.1534768793
66153.8100863646,606.522974149206,775.711183156884,930.83032646536,1048.63027125696
66177.4101613119,607.482835456745,771.440803377713,934.374357365915,1048.96159125571
66201.2102368944,608.603116351889,767.221557062453,937.843995977486,1049.14791875488
66224.8103118418,609.864516619284,763.127276427202,941.178470395356,1049.1857448609
66248.4103867892,611.275250090203,759.124988963871,944.40499500359,1049.07697006331
66272.0104617366,612.83465812635,755.217498658795,947.521247312755,1048.82140079668
66295.6105366839,614.541987028583,751.407558689207,950.524966738277,1048.41893484229
66319.2106116313,616.396387920713,747.697869491597,953.413956308513,1047.86956192687
66343.0106872138,618.414491842083,744.060957938543,956.209071645239,1047.16683732514
66366.6107621612,620.561333935014,740.560555834171,958.861257038738,1046.32274842412
66390.2108371085,622.852119871105,737.168191286338,961.392503631307,1045.33228146804
66413.8109120559,625.285619078962,733.886334001357,963.800886347682,1044.19579992349
66437.4109870033,627.860505978384,730.717391334316,966.084552087882,1042.9137615661
66461.0110619506,630.575360173517,727.663706392847,968.241721348012,1041.48671881507
66484.611136898,633.428666702318,724.727556152047,970.270689821024,1039.91531901849
66508.4112124805,636.444736546546,721.88779958832,972.185365113517,1038.18515930415
66532.0112874279,639.571163895198,719.19431763927,973.952007988559,1036.32616217801
66555.6113623753,642.830919038373,716.624803082109,975.585791900389,1034.32533002354
66579.2114373226,646.22211163087,714.181249163815,977.085329570381,1032.18369252834
66602.81151227,649.742758904113,711.865573787204,978.449316569808,1029.90237494282
66626.4115872174,653.390786281016,709.679617730972,979.67653276176,1027.48259803755
66650.2116627999,657.196533356255,707.608298803544,980.774482803447,1024.90342711767
66673.8117377473,661.093765562388,705.688121922895,981.723659356535,1022.20963142634
66697.4118126946,665.111590160508,703.902719728603,982.532916603942,1019.38162368759
66721.011887642,669.247572055142,702.253606506652,983.201386062849,1016.42100591045
66744.6119625894,673.499188419499,700.742210916379,983.728290220124,1013.32947448294
66768.2120375367,677.863829715232,699.369874391042,984.112943741882,1010.10881974965
66792.0121131192,682.377191192631,698.128012365634,984.356190700729,1006.73201251997
66815.6121880666,686.960712676937,697.03868742446,984.453406017945,1003.25771476708
66839.212263014,691.649038835166,696.09194962646,984.406820127906,999.660115938263
66862.8123379614,696.439232503162,695.288780596627,984.216122462177,995.94136917872
66886.4124129087,701.328276799682,694.630067698589,983.881099420776,992.103717738312
66910.0124878561,706.313075924815,694.116602578143,983.401635564741,988.149494627479
66933.8125634386,711.433871683957,693.746590698449,982.771809867714,984.046163317649
66957.412638386,716.601327910136,693.52685096058,982.002292008301,979.865215249725
66981.0127133333,721.854764926778,693.454150867641,981.08858610682,975.575246125581
67004.6127882807,727.190786372794,693.528886077003,980.03097804115,971.178938988612
67028.2128632281,732.605925207478,693.751350682853,978.829855436224,966.679061393382
67051.8129381754,738.096645570677,694.121736233695,977.485708178461,962.078464133319
67075.6130137579,743.706783364027,694.645156491118,975.985924005143,957.339853778048
67099.2130887053,749.33835670603,695.31279769435,974.356410397998,952.54590564385
67122.8131636527,755.034478866207,696.128308931365,972.585966633508,947.660302337457
67146.4132386001,760.791358217022,697.091462222631,970.675496197839,942.68621401707
67170.0133135474,766.60514468924,698.201923180805,968.626006291719,937.626886562942
67193.6133884948,772.471932053797,699.459250467794,966.438607881881,932.485639845414
67217.4134640773,778.438092530608,700.875414070895,964.094239550228,927.221304837017
67241.0135390247,784.399314498395,702.425951275287,961.633630527559,921.925844887253
67264.613613972,790.40147095261,704.121377952629,959.039080228896,916.558880946753
67288.2136889194,796.440454836071,705.960820275923,956.312114361874,911.124010522586
67311.8137638668,802.512115390452,707.943296017751,953.454361355084,905.624895264361
67335.4138388142,808.612260846313,710.067714529509,950.467551876586,900.065258762504
67359.2139143967,814.788654343994,712.352670868299,947.32658994804,894.401056368887
67382.813989344,820.933195176788,714.75844552415,944.086212272585,888.731352720182
67406.4140642914,827.093390872709,717.302229241899,940.722594979409,883.012680285173
67430.0141392388,833.26491359737,719.982498484148,937.237871798146,877.24898725811
67453.6142141861,839.443408964185,722.797622643891,933.634274829079,871.444271561839
67477.2142891335,845.62449911393,725.745864617485,929.914133469575,865.602578173099
67501.014364716,851.856132366396,728.852034547623,926.046898997817,859.67808302857
67524.6144396634,858.029143786508,732.061968947759,922.100099723044,853.774504654569
67548.2145146108,864.191617982726,735.399193862591,918.044280756587,847.846243753494
67571.8145895581,870.339144015677,738.861563470227,913.882135045926,841.897478398127
67595.4146645055,876.467277153211,742.446824262242,909.616455083093,835.932443193928
67619.0147394529,882.571568666018,746.152621878135,905.250122058704,829.955402402621
67642.8148150354,888.698926819973,750.009405464947,900.74786483917,823.919908149087
67666.4148899827,894.741892329214,753.949784483638,896.188427039345,817.931742467512
67690.0149649301,900.747641072394,758.003022468106,891.537521509151,811.94454831311
67713.6150398775,906.711742091506,762.166374752284,886.798366656075,805.962677327418
67737.2151148249,912.629777946326,766.437003421051,881.974259720544,799.990494430973
67760.8151897722,918.49734844518,770.811979182859,877.068574444709,794.032374277606
67784.6152653547,924.359087974533,775.326642308246,872.042199057821,788.042452750431
67808.2153403021,930.112094901245,779.901987794356,866.983154972472,782.125815019588
67831.8154152495,935.801540859727,784.57233726385,861.853118555929,776.236423048687
67855.4154901968,941.423133147782,789.334416214128,856.655744653401,770.378653586097
67879.0155651442,946.972615640074,794.184869839621,851.394751336662,764.55687438632
67902.6156400916,952.445772749358,799.120265575263,846.073916944267,758.775440300419
67926.2157150389,957.838433410983,804.137095747493,840.697077023642,753.038689319239
67950.0157906215,963.191085212869,809.275277918426,835.221901614131,747.302958983542
67973.6158655688,968.409669064423,814.444780462913,829.74437896524,741.668970604612
67997.2159405162,973.535516726841,819.684740084886,824.222702681077,736.092573967975
68020.8160154636,978.564675865608,824.991376738602,818.660905064149,730.577998998411
68044.4160904109,983.493258766743,830.360850086345,813.063058942074,725.129438424111
68068.0161653583,988.317446329948,835.789262743849,807.43327408993,719.751043657088
68091.8162409408,993.07298585955,841.319356674175,801.727641125226,714.402299495645
68115.4163158882,997.676256697965,846.854159215829,796.046255327837,709.177185688699
68139.0163908355,1002.164096028,852.435865877884,790.345480671816,704.034436517539
68162.6164657829,1006.53299924865,858.060384875988,784.629537764691,698.97799649066
68186.2165407303,1010.77958883676,863.723593696335,778.902650133908,694.011714163508
68209.8166156777,1014.90066628442,869.421355518448,773.16902061724,689.139294873466
68233.6166912602,1018.92628400051,875.19813772306,767.384296615436,684.32444090203
68257.2167662075,1022.78563286655,880.952598061188,761.64999609249,679.651771750042
68280.8168411549,1026.5100643914,886.728910055184,755.921780280714,675.084001822105
68304.4169161023,1030.09665639235,892.522804722731,750.20391556997,670.624644685288
68328.0169910496,1033.54259499103,898.329996283728,744.500662772815,666.277129548697
68351.617065997,1036.84517771909,904.146186100196,738.816273108333,662.044797688106
68375.4171415795,1040.0279368693,910.0164038416,733.107117968934,657.896550606433
68399.0172165269,1043.03489285992,915.837647411692,727.473399324941,653.905283743701
68422.6172914742,1045.89106368495,921.654919295488,721.871235367874,650.038687679713
68446.2173664216,1048.59422189277,927.463909173488,716.304798791514,646.299717485474
68469.817441369,1051.14226487401,933.260313772175,710.778232830477,642.691224084133
68493.4175163164,1053.53321706674,939.039840823556,705.295647395809,639.215951407655
68517.2175918989,1055.78346319676,944.846910171025,699.815276810911,635.848821382111
68540.8176668462,1057.85345687764,950.579635508424,694.433288361957,632.648963799731
68564.4177417936,1059.76120194061,956.282675979171,689.10740598121,629.589910515457
68588.017816741,1061.50525065941,961.951822652511,683.841568337301,626.6739511063
68611.6178916884,1063.08429069266,967.582896983416,678.639662321013,623.903256252396
68635.2179666357,1064.49714618207,973.171754546294,673.50551958513,621.279875859281
68659.0180422182,1065.75261761371,978.761049727667,668.40032607948,618.785413066679
68682.6181171656,1066.82869847721,984.252750993453,663.413620508985,616.463607264557
68706.218192113,1067.7358883362,989.69000947328,658.505839111884,614.294538518313
68729.8182670603,1068.47356555219,995.068853707349,653.680559233222,612.2797572867
68753.4183420077,1069.04124755974,1000.38536405026,648.941287071586,610.420686496192
68777.0184169551,1069.43859080928,1005.63567596772,644.291454816383,608.718620723768
68800.8184925376,1069.66658350225,1010.85957425146,639.696204903013,607.162320647762
68824.418567485,1069.72132752119,1015.96549129003,635.23606728591,605.778985472601
68848.0186424323,1069.60562475147,1020.99396928667,630.875186476156,604.55569018893
68871.6187173797,1069.31977708924,1025.94142013317,626.616633088022,603.493128111026
68895.2187923271,1068.86412567724,1030.80430472011,622.463427639814,602.591947609512
68918.8188672744,1068.23914792716,1035.57915718975,618.418501440526,601.852666105436
68942.6189428569,1067.43800915714,1040.30187684253,614.45184076053,601.271476814975
68966.2190178043,1066.47492181157,1044.889754323,610.632879679486,600.858409332134
68989.8190927517,1065.3447409312,1049.3796365662,606.930463547414,600.608023261858
69013.419167699,1064.04846840185,1053.76837403158,603.347149997428,600.520323365289
69037.0192426464,1062.58723286121,1058.05290178732,599.885399243596,600.595188364035
69060.6193175938,1060.96228782059,1062.23024156599,596.547572642059,600.832371938613
69084.4193931763,1059.15917376704,1066.33149357616,593.309259536769,601.235577034618
69108.0194681237,1057.20970342221,1070.28491058733,590.227059992962,601.79753015908
69131.619543071,1055.10102712867,1074.12272115916,587.275279881849,602.520318691621
69155.2196180184,1052.83487795361,1077.84231282713,584.455872187616,603.40320744705
69178.8196929658,1050.41310288786,1081.44116842462,581.770685568883,604.445342897457
69202.4197679131,1047.83766039973,1084.91686747784,579.221463602606,605.645754808337
69226.2198434957,1045.08686571632,1088.29493656011,576.789999141803,607.015531432608
69249.819918443,1042.20914031217,1091.51636276715,574.518699086533,608.530443959445
69273.4199933904,1039.18428600407,1094.60794594788,572.387969574673,610.200028056076
69297.0200683377,1036.01468222797,1097.56766507863,570.399127495137,612.022863747321
69320.6201432851,1032.70280670231,1100.39360122303,568.553382433646,613.997423734691
69344.2202182325,1029.25123264659,1103.08393830141,566.85183652496,616.122075470655
69367.8202931799,1025.66262596373,1105.63696376187,565.295484397702,618.395083288335
69391.6203687624,1021.90762681083,1108.07092966541,563.873888298119,620.835735689664
69415.2204437097,1018.05220758567,1110.34341496342,562.611725464877,623.401063884187
69438.8205186571,1014.06830607864,1112.47406602248,561.49710128858,626.108926854381
69462.4205936045,1009.95893086815,1114.4615901038,560.530580678879,628.957197919142
69486.0206685518,1005.72716872361,1116.30479994484,559.712622065116,631.94365862607
69509.6207434992,1001.37619379207,1118.00261683767,559.043573182153,635.065990233727
69533.4208190817,996.871005344302,1119.56661089458,558.51987060522,638.349857958853
69557.0208940291,992.290662398595,1120.96962613097,558.150450281392,641.737560865946
69580.6209689765,987.601155023846,1122.22466364541,557.930316702688,645.253577035529
69604.2210439238,982.805909692115,1123.33106552272,557.859403795655,648.895270602463
69627.8211188712,977.908413550605,1124.28827868669,557.937542853525,652.659928430794
69651.4211938186,972.912211493144,1125.09585455904,558.164463382854,656.544762600535
69675.2212694011,967.777360565858,1125.75837981556,558.543607685102,660.581322412966
69698.8213443485,962.593838472002,1126.26447743069,559.068128538233,664.69881552024
69722.4214192958,957.322594056175,1126.62021382767,559.740012755597,668.927671835331
69746.0214942432,951.9673745033,1126.82555450143,560.558591497541,673.264828817983
69769.6215691906,946.531970246306,1126.88056672062,561.523099231768,677.707161727182
69793.2216441379,941.020212115423,1126.78541879531,562.632674905804,682.251486147282
69817.0217197204,935.388345805917,1126.53766314741,563.89760053042,686.934321187725
69840.6217946678,929.734955432988,1126.14183472988,565.2955606504,691.67364400731
69864.2218696152,924.016951318613,1125.59695354431,566.835434791289,696.505043703715
69887.8219445625,918.238298004362,1124.90358444643,568.515991683151,701.425121989674
69911.4220195099,912.402986459143,1124.06238884187,570.33591106581,706.430433522218
69935.0220944573,906.51503136012,1123.0741236395,572.293785109479,711.517488404594
69958.8221700398,900.527962419076,1121.92940371,574.406447136234,716.726852144108
69982.4222449872,894.546485433223,1120.6484197173,576.636800125915,721.967375445797
70006.0223199345,888.5245589257,1119.22320791652,579.000359146552,727.278899226153
70029.6223948819,882.46626584561,1117.65489665411,581.495380269946,732.657779908671
70053.2224698293,876.375699637599,1115.94470389714,584.120039592589,738.100341732621
70076.8225447766,870.25696169009,1114.09393594411,586.872434835071,743.602879182778
70100.6226203592,864.062010084418,1112.08653153941,589.77550964491,749.208997313058
70124.2226953065,857.899100474087,1109.95771835562,592.778403862462,754.820691169974
70147.8227702539,851.72038071749,1107.6927790728,595.902854907509,760.481057511936
70171.4228452013,845.52995904433,1105.29336046576,599.146662841457,766.186295617184
70195.0229201486,839.331939310897,1102.76119070682,602.507557686363,771.932586927434
70218.622995096,833.130418636027,1100.09807789754,605.983201144087,777.716097372019
70242.4230706785,826.876948965686,1097.28170020347,609.60206804807,783.582406858302
70266.0231456259,820.680736095542,1094.361369376,613.300849640768,789.429036413063
70289.6232205732,814.493284429932,1091.31600193434,617.106950710105,795.301279954477
70313.2232955206,808.318641003542,1088.14771116695,621.017776637167,801.195264152438
70336.823370468,802.160834763594,1084.8586825991,625.030673293512,807.10711149487
70360.4234454153,796.02387440228,1081.45117239873,629.142928832142,813.032942485028
70384.2235209979,789.860065990924,1077.89715462259,633.38784839604,819.019214436836
70407.8235959452,783.776992674658,1074.25877047589,637.691246731764,824.961413363766
70431.4236708926,777.726681830747,1070.50910198319,642.085515547424,830.905934382571
70455.02374584,771.71303986108,1066.65067216303,646.56772975978,836.84891164333
70478.6238207873,765.739942549293,1062.6860664647,651.134915640849,842.786487974672
70502.2238957347,759.811233089207,1058.61793109032,655.784052644372,848.714816943357
70526.0239713172,753.881102061547,1054.41321815945,660.55247145352,854.680127276037
70549.6240462646,748.053014285418,1050.14537753095,665.356899714629,860.578315838656
70573.224121212,742.280660641218,1045.78231753073,670.233927992575,866.455770269992
70596.8241961593,736.567734536662,1041.32691083971,675.180366460905,872.308707386002
70620.4242711067,730.917887391953,1036.78208234159,680.192987658986,878.13336470546
70644.0243460541,725.33472685664,1032.15080739149,685.26852832919,883.926002369818
70667.8244216366,719.775405741763,1027.39580728887,690.447454858951,889.73152907511
70691.4244965839,714.336897553095,1022.60009099937,695.639373442731,895.448658020873
70715.0245715313,708.975648077332,1017.72716633656,700.884196720253,901.122671430445
70738.6246464787,703.695072213921,1012.78019345974,706.178536382562,906.749938940813
70762.224721426,698.498532608849,1007.76237423509,711.518977521185,912.326862085459
70785.8247963734,693.389338047774,1002.67695047001,716.902080461935,917.849876079138
70809.4248713208,688.370741877157,997.527202142702,722.324382597448,923.315451580957
70833.2249469033,683.404614670259,992.27203553692,727.828797215613,928.765628234749
70856.8250218507,678.577580534607,987.003147619657,733.319285307542,934.105328926856
70880.425096798,673.850582639246,981.680015143244,738.838435574407,939.377204338828
70904.0251717454,669.226636804164,976.3060532357,744.382711849237,944.577884478507
70927.6252466928,664.708695910065,970.88470626576,749.94856418907,949.704043311149
70951.2253216401,660.299648479665,965.419446047788,755.532430699143,954.752400397741
70975.0253972226,655.966391179784,959.866950664266,761.17823158359,959.761457156695
70998.62547217,651.784535764212,954.32408791718,766.787470089547,964.643813047733
71022.2255471174,647.719877418617,948.747908206178,772.403946747332,969.438775408432
71045.8256220648,643.775033052642,943.141975616114,778.024069713107,974.143262446165
71069.4256970121,639.952548507826,937.509872629926,783.64424430422,978.754245859547
71093.0257719595,636.25489728393,931.855198307719,789.260874818924,983.268752364564
71116.825847542,632.654771910922,926.133414194263,794.917863632506,987.720848460564
71140.4259224894,629.215019923215,920.444337169586,800.516517621705,992.032830278014
71164.0259974367,625.90709409051,914.743598052081,806.100822115186,996.239736929334
71187.6260723841,622.733165658219,909.034843984698,811.667195577716,1000.33883058602
71211.2261473315,619.695327524162,903.321729497927,817.212064562448,1004.32743579034
71234.8262222788,616.795593110092,897.607914658725,822.731865530677,1008.20294086961
71258.6262978614,614.013111744984,891.84868931673,828.269449674854,1011.99416121639
71282.2263728087,611.396511743618,886.144538670634,833.728185127805,1015.63488165497
71305.8264477561,608.923582569963,880.450713548723,839.151209825279,1019.15504338786
71329.4265227035,606.596008214295,874.770877506681,844.535018233264,1022.55230425962
71353.0265976508,604.415387894987,869.108690271906,849.876123857445,1025.82439271333
71376.6266725982,602.383235073486,863.467805853527,855.171061071031,1028.96910909646
71400.4267481807,600.485669571356,857.804394999092,860.460617061737,1032.00932034526
71424.0268231281,598.755931433802,852.217303639472,865.652449255908,1034.89186427709
71447.6268980755,597.178687376947,846.662454475603,870.78783104183,1037.64086496448
71471.2269730228,595.755097723629,841.143459476849,875.863398824979,1040.25442371248
71494.8270479702,594.486232487178,835.663915317761,880.875819061229,1042.73071998502
71518.4271229176,593.373070541957,830.227401443146,885.82179009604,1045.06801259392
71542.2271985001,592.409063760938,824.792010040689,890.739061002668,1047.28265069839
71565.8272734474,591.61121337956,819.452656316477,895.541733512904,1049.33582366135
71589.4273483948,590.971453743875,814.166978060892,900.268234702119,1051.2452447306
71613.0274233422,590.490390645459,808.938466076154,904.915409238983,1053.00950228427
71636.6274982895,590.168535017387,803.770584128725,909.480142915854,1054.62726967358
71660.2275732369,590.006302284216,798.666766969244,913.95936449524,1056.09730627516
71684.0276488194,590.004676503843,793.588035398932,918.386869833732,1057.42901539984
71707.6277237668,590.163908751238,788.623140700723,922.685246444597,1058.59894270407
71731.2277987142,590.483431762792,783.732449159145,926.889148901337,1059.61793574524
71754.8278736615,590.963272274738,778.919259205913,930.995696741099,1060.48510876628
71778.4279486089,591.603358777861,774.186830243327,935.002061710415,1061.19966690231
71802.0280235563,592.403521082577,769.538380628755,938.905469604006,1061.7609070644
71825.8280991388,593.372307153907,764.938812029851,942.734927048416,1062.1710112733
71849.4281740861,594.493063145768,760.468580270981,946.423394236616,1062.42256675
71873.0282490335,595.772784150055,756.091742371831,950.000902566862,1062.51925081364
71896.6283239809,597.210900877667,751.811331859801,953.464912855759,1062.46073646573
71920.2283989283,598.80674380941,747.630331077052,956.812949104189,1062.24679240279
71943.8284738756,600.559543021689,743.551669152776,960.04260029973,1061.87728368808
71967.6285494581,602.485269331198,739.545004372986,963.177346545141,1061.34705746806
71991.2286244055,604.55057923042,735.680511942765,966.162211556341,1060.66508559771
72014.8286993529,606.76992269114,731.92682933853,969.021847881371,1059.82773032984
72038.4287743002,609.142126564792,728.286652076589,971.754122879005,1058.83524892401
72062.0288492476,611.66591718164,724.762612348988,974.35697774585,1057.68799773585
72085.628924195,614.339920488809,721.3572770229,976.828429238315,1056.38643262426
72109.4289997775,617.187214941723,718.045838958773,979.185811198913,1054.9181208268
72133.0290747249,620.158361115546,714.886399723534,981.387664145167,1053.30840080806
72156.6291496722,623.274983158778,711.852973370328,983.452619821992,1051.54634162069
72180.2292246196,626.535307191351,708.947845047904,985.379014747371,1049.63280104704
72203.829299567,629.937460529999,706.173224737976,987.165269305859,1047.56873763409
72227.4293745143,633.47947219104,703.531245338282,988.809889330773,1045.35521077862
72251.0294494617,637.159273458633,701.023960766249,990.311467656368,1042.99338075309
72274.8295250442,641.007605773895,698.633843589848,991.679567025574,1040.46262252785
72298.4295999916,644.957512663507,696.402967220598,992.889957230843,1037.8068417746
72322.029674939,649.03840292268,694.312469876762,993.953612030769,1035.00685608271
72345.6297498863,653.247823143314,692.364070338655,994.869487904394,1032.064229096
72369.2298248337,657.583226059413,690.559399294326,995.636635579708,1028.98062451778
72392.8298997811,662.04197153362,688.899997613313,996.254201360271,1025.75780574855
72416.6299753636,666.660643100893,687.375126214614,996.724743575855,1022.36857804618
72440.2300503109,671.358773051078,686.011778583062,997.039690966383,1018.87187894432
72463.8301252583,676.171753829455,684.797777594116,997.203077082618,1015.24186723379
72487.4302002057,681.096634783975,683.734298412229,997.214424348795,1011.48065722208
72511.030275153,686.130416466604,682.822428516668,997.073341387669,1007.59042552982
72534.6303501004,691.269933852803,682.063140027389,996.77956836722,1003.57351461879
72558.4304256829,696.556791129731,681.45282843928,996.328509909448,999.396743371174
72582.0305006303,701.898779517172,681.002525904968,995.727693925228,995.132859018293
72605.6305755777,707.336485576912,680.707118092968,994.974030700614,990.749910368637
72629.230650525,712.866419323519,680.567166299793,994.067678866586,986.250614136919
72652.8307254724,718.485013853377,680.583126193887,993.00890350129,981.63777773443
72676.4308004198,724.188627221158,680.755346696064,991.798076761593,976.914298018601
72700.2308760023,730.022905758472,681.087523927465,990.423486603434,972.041766797054
72723.8309509496,735.885981184917,681.574207884057,988.908827920575,967.105169127451
72747.431025897,741.822686296332,682.21754827079,987.243888386906,962.06716881331
72771.0311008444,747.829098689854,683.017456260769,985.429474228896,956.931007105561
72794.6311757918,753.901231445962,683.973731731897,983.466500778595,951.700007239563
72818.2312507391,760.035035452612,685.086062588356,981.355992636174,946.377572703221
72842.0313263216,766.279105104557,686.365433184116,979.079335280521,940.920968971708
72865.631401269,772.524302112283,687.789799456778,976.676044401908,935.425487636948
72889.2314762164,778.818638215432,689.368601442053,974.128960499482,929.84927617424
72912.8315511637,785.15783979576,691.101073077987,971.439546054186,924.196040741727
72936.4316261111,791.537583771224,692.98633421515,968.609372302685,918.469557851071
72960.0317010585,797.95350035048,695.023390467343,965.640118856732,912.673672145721
72983.831776641,804.455940170364,697.230313845772,962.506665236203,906.762352865367
73007.4318515884,810.931132179362,699.56878114116,959.263583218297,900.838952204382
73031.0319265357,817.429097515746,702.055363113169,955.887122737552,894.858102454994
73054.6320014831,823.945308188555,704.688607921478,952.379392031084,888.823897422115
73078.2320764305,830.47520432186,707.466950225432,948.742604314368,882.740486687854
73101.8321513778,837.014197314354,710.388711640937,944.979076794691,876.612072900852
73125.6322269603,843.613132153878,713.478662075076,941.057757621388,870.390466071852
73149.2323019077,850.156433173539,716.682952983478,937.047091394782,864.184561963718
73172.8323768551,856.694885931716,720.024938240251,932.917272124858,857.946589836222
73196.4324518025,863.223819768665,723.502493113859,928.671021784281,851.680936153569
73220.0325267498,869.738647122488,727.113404756797,924.31112298881,845.391943009419
73243.6326016972,876.234759061282,730.8553525547,919.840457812319,839.083996728811
73267.4326772797,882.762200467908,734.759235745188,915.222779888324,832.707958308289
73291.0327522271,889.206538209238,738.756874992685,910.538816605239,826.37553742743
73314.6328271744,895.61803750041,742.877880435861,905.753404449089,820.037751935381
73338.2329021218,901.992010712897,747.119495276442,900.869820083418,813.699167236901
73361.8329770692,908.32377953504,751.478861906833,895.891426392838,807.364367425627
73385.4330520165,914.608678794928,755.953023707945,890.821670200072,801.037951682198
73409.2331275991,920.894652199821,760.578259103282,885.620006411106,794.671095770224
73432.8332025464,927.071393275603,765.273661592493,880.377491197908,788.375456630529
73456.4332774938,933.187348176905,770.074387207844,875.054464610309,782.102091729434
73480.0333524412,939.237943724572,774.97710285751,869.65468477512,775.855623175078
73503.6334273885,945.218639710053,779.978387209978,864.181980651777,769.640669102091
73527.2335023359,951.12493296933,785.074733194031,858.640249089377,763.461839681088
73551.0335779184,957.001396799136,790.306895597294,852.985669976615,757.271902360517
73574.6336528658,962.744819320901,795.583242019864,847.31733035435,751.179504094519
73598.2337278131,968.400556249914,800.943609034436,841.592065021485,745.137011087162
73621.8338027605,973.964294319327,806.384173245337,835.814011346907,739.148960518487
73645.4338777079,979.431778047011,811.901039717369,829.987358321747,733.219860904282
73669.0339526553,984.798813904568,817.490245131363,824.116343026852,727.354187856293
73692.6340276026,990.061274480566,823.147761039924,818.205247013972,721.556379820918
73716.4341031851,995.258303484035,828.918249106988,812.207855177901,715.782633499348
73740.0341781325,1000.29854529731,834.70054820116,806.229354318803,710.134368498709
73763.6342530799,1005.22223494642,840.538679820382,800.223884188379,704.5670542941
73787.2343280272,1010.02555145762,846.428389022924,794.195866698344,699.084937397244
73810.8344029746,1014.70476046809,852.365373422634,788.149748973319,693.692205743364
73834.434477922,1019.25621818724,858.345286964122,782.089999317283,688.392984458938
73858.2345535045,1023.71327057838,864.414901360312,775.96964273424,683.147671844003
73881.8346284519,1027.99765940331,870.467782164911,769.896023673587,678.04832920248
73905.4347033992,1032.14409232299,876.550336181261,763.822232016264,673.054333480949
73929.0347783466,1036.14932707458,882.658085593211,757.752776051563,668.16951516755
73952.634853294,1040.01023056026,888.786528719448,751.692164468071,663.397621561642
73976.2349282413,1043.723781664,894.931143961531,745.644902413889,658.742313403771
74000.0350038238,1047.31662180944,901.139602242163,739.564479655274,654.169251060889
74023.6350787712,1050.72556056279,907.302978458772,733.557605275814,649.75879326538
74047.2351537186,1053.97876583124,913.468845178748,727.57757032915,645.475374621189
74070.835228666,1057.07369725804,919.63264255419,721.628823546132,641.322271897121
74094.4353036133,1060.00794168369,925.789811652697,715.715789106668,637.302657386171
74118.0353785607,1062.77921573748,931.935798640765,709.842862507598,633.419595687473
74141.8354541432,1065.40674283751,938.117930139503,703.965215209537,629.644919930924
74165.4355290906,1067.84433248456,944.227741666978,698.185987531537,626.044929763853
74189.0356040379,1070.11288840509,950.312743670953,692.459877524144,622.590032568854
74212.6356789853,1072.21067004187,956.368444463616,686.791125127612,619.282831857443
74236.2357539327,1074.13607696858,962.39037813148,681.183921639329,616.125809561469
74259.83582888,1075.88765039108,968.374108558909,675.642405925406,613.121323749593
74283.6359044626,1077.47668207525,974.365387339485,670.124599687277,610.248123839957
74307.2359794099,1078.87528611953,980.259125350388,664.727290325601,607.556617433026
74330.8360543573,1080.09653404021,986.101533551089,659.407767390835,605.023974510726
74354.4361293047,1081.13954585968,991.888334546408,654.169923266685,602.652037269272
74378.036204252,1082.00358775937,997.615300004751,649.017580264362,600.442515286933
74401.6362791994,1082.68807238148,1003.2782542866,643.954487403315,598.396984326303
74425.4363547819,1083.19606412883,1008.92018895472,638.942604632201,596.501663032941
74449.0364297293,1083.51872954477,1014.44219340921,634.069783573026,594.789719474901
74472.6365046766,1083.66095379833,1019.88797731257,629.297018854533,593.245691442358
74496.236579624,1083.62273569669,1025.25361088676,624.627735681073,591.87060997524
74519.8366545714,1083.40425314098,1030.53524192429,620.065258379368,590.665338845362
74543.4367295188,1083.00593096669,1035.72911633902,615.612779704573,589.630513689084
74567.2368051013,1082.42254833186,1040.87436727805,611.237165724878,588.760157945066
74590.8368800486,1081.66448501878,1045.88086414715,607.015034889201,588.069386543342
74614.436954996,1080.72830983879,1050.78868827011,602.912093466328,587.550507025761
74638.0370299434,1079.61487306193,1055.59437417201,598.931202885935,587.203731080661
74661.6371048907,1078.32516188393,1060.29454229839,595.075124110675,587.029135680607
74685.2371798381,1076.86029868285,1064.88590139094,591.346515892807,587.026663886711
74709.0372554206,1075.20691213323,1069.40272373698,587.717999400851,587.198295788424
74732.637330368,1073.39418760107,1073.76596676742,584.253024585194,587.540822180092
74756.2374053154,1071.41048329485,1078.01105365255,580.922887169026,588.054503591134
74779.8374802627,1069.25744341733,1082.13506857333,577.729821217168,588.738757075938
74803.4375552101,1066.93683677647,1086.13519415076,574.675951729218,589.592871775643
74827.0376301575,1064.45055435543,1090.00871312031,571.763293636653,590.616010467905
74850.83770574,1061.7774562424,1093.78418176553,568.970896983824,591.818021286628
74874.4377806873,1058.96461169304,1097.39561702773,566.347497262195,593.177609282696
74898.0378556347,1055.99249124976,1100.8728896305,563.870698800741,594.702957702634
74921.6379305821,1052.86344955054,1104.21369810954,561.542067593733,596.392740343962
74945.2380055294,1049.57995003352,1107.41584777879,559.36305627268,598.245513839289
74968.8380804768,1046.14456207246,1110.47725172556,557.335003777407,600.259719739518
74992.6381560593,1042.52895029438,1113.42005096156,555.443891509714,602.452787784461
75016.2382310067,1038.79667377139,1116.19290511394,553.72262122299,604.786064524282
75039.8383059541,1034.92084790134,1118.81939335507,552.155650641629,607.275413193569
75063.4383809014,1030.9044370223,1121.2978686233,550.743861716327,609.918836268327
75087.0384558488,1026.75049641938,1123.62679502586,549.488022563895,612.714232517703
75110.6385307962,1022.46216924072,1125.80474821362,548.388787720313,615.659399429359
75134.2386057435,1018.04268339419,1127.83041565983,547.446698480988,618.752035675867
75158.0386813261,1013.45627500575,1129.71780371709,546.656209221039,622.01779467882
75181.6387562734,1008.78343899159,1131.43409595543,546.030923377455,625.399280238822
75205.2388312208,1003.98971129737,1132.99484806461,545.563703751979,628.920673030017
75228.8389061682,999.07868771279,1134.3992126572,545.254617292425,632.579248587504
75252.4389811155,994.053964336097,1135.64643890415,545.103647068815,636.372256552252
75276.0390560629,988.919204755755,1136.73588788262,545.110666279883,640.296861665005
75299.8391316454,983.633276220442,1137.6742451101,545.277509172263,644.385039094865
75323.4392065928,978.288831336475,1138.44532033395,545.601025825699,648.565064237992
75347.0392815401,972.845739264037,1139.05736449651,546.081499777854,652.867680168534
75370.6393564875,967.307897294935,1139.51018143257,546.718375006368,657.289743755578
75394.2394314349,961.679253269599,1139.80368407127,547.510991050865,661.828041767575
75417.8395063823,955.963802509074,1139.93789375378,548.458584182991,666.479293562978
75441.6395819648,950.116105293128,1139.91204846895,549.570280962404,671.28095873082
75465.2396569121,944.238552432412,1139.72682057167,550.826423604615,676.148905278287
75488.8397318595,938.286468331995,1139.38300976894,552.234635579329,681.119556548492
75512.4398068069,932.264008204118,1138.88106383743,553.793752001374,686.189388739797
75536.0398817542,926.175359662432,1138.22153460935,555.50251133945,691.354824130675
75559.6399567016,920.024739779634,1137.40507693117,557.35955687424,696.612233762694
75583.4400322841,913.763544566268,1136.4235399788,559.38104335163,702.003609400847
75607.0401072315,907.501301741995,1135.29428421064,561.531442345417,707.434589747686
75630.6401821789,901.189922941131,1134.01067997387,563.825487197148,712.946344650638
75654.2402571262,894.833714324219,1132.57378358341,566.261455040157,718.535066530235
75677.8403320736,888.436997185908,1130.98474841655,568.83753568442,724.196909866976
75701.440407021,882.004105183912,1129.24482359222,571.551833284874,729.927993818623
75725.2404826035,875.484472225385,1127.33870514889,574.427101438695,735.773794842566
75748.8405575508,868.992052966385,1125.29987572927,577.412939339298,741.632092464879
75772.4406324982,862.476543674674,1123.11447800835,580.530791329901,747.547768410617
75796.0407074456,855.942300392981,1120.78413086208,583.77843550584,753.516826196696
75819.6407823929,849.393678135713,1118.31054173861,587.153573051661,759.535246875384
75843.2408573403,842.835028316316,1115.69550512911,590.653830052663,765.598991545058
75867.0409329228,836.21505440831,1112.91696606729,594.307979162312,771.755905939292
75890.6410078702,829.649383743262,1110.02360081151,598.052069386296,777.898412286831
75914.2410828176,823.0867295477,1106.99469577797,601.913702879279,784.073996334555
75937.8411577649,816.531403676313,1103.8323784677,605.890223220686,790.278563974019
75961.4412327123,809.987702024043,1100.53885536855,609.978908208083,796.508013394049
75985.0413076597,803.459902165008,1097.11641027814,614.176971756712,802.758237458144
76008.8413832422,796.897209798269,1093.53679235394,618.518492367719,809.078294733377
76032.4414581896,790.414186113643,1089.86261407462,622.927574374047,815.357825942977
76056.0415331369,783.959799498115,1086.06683353617,627.437287153937,821.645767039003
76079.6416080843,777.538231103911,1082.15202722279,632.044607807265,827.938012917
76103.2416830317,771.153632473775,1078.12084026054,636.746459196278,834.230464687712
76126.841757979,764.810123393782,1073.97598464142,641.539711890274,840.519031906211
76150.6418335615,758.458618729234,1069.68370600072,646.462922326265,846.852814545369
76174.2419085089,752.209944919812,1065.31900417967,651.430096268204,853.121266797259
76197.8419834563,746.014542365089,1060.84917778057,656.478961027136,859.373601469315
76221.4420584036,739.876382705588,1056.27718876036,661.606197151837,865.605783830326
76245.042133351,733.799395595891,1051.60605687655,666.808442686632,871.813798374722
76268.6422082984,727.787466765201,1046.83885784901,672.082295130738,877.993650898579
76292.4422838809,721.794376743972,1041.93714584585,677.469866101078,884.193321252914
76316.0423588283,715.924668545453,1036.98650740927,682.877105722148,890.304640026975
76339.6424337756,710.131424868163,1031.94937387324,688.345491166834,896.375929277547
76363.242508723,704.418336567767,1026.82902668367,693.871477078552,902.403300519334
76386.8425836704,698.789041358049,1021.62879393828,699.451487365351,908.382896587606
76410.4426586177,693.247122067261,1016.35204851041,705.081917155266,914.310893564212
76434.2427342002,687.750308271371,1010.95656602477,710.807436252799,920.233023109614
76457.8428091476,682.394475625112,1005.53650825972,716.528134905856,926.045975514376
76481.442884095,677.13644971889,1000.05033604312,722.288254017984,931.796044156729
76505.0429590424,671.979576491182,994.501582806015,728.084092944173,937.479557236525
76528.6430339897,666.927138722563,988.8938172924,733.911932023706,943.09288548699
76552.2431089371,661.982354473028,983.230641658186,739.768034523216,948.63244395912
76575.8431838845,657.148375547986,977.515689566639,745.648648577495,954.094693783516
76599.643259467,652.388780580003,971.703589687277,751.600098515699,959.52139426489
76623.2433344143,647.786598595944,965.895741543805,757.518556897642,964.817874710579
76646.8434093617,643.304291778519,960.047219995432,763.450166860367,970.026693178749
76670.4434843091,638.94474332944,954.16176860957,769.391130704796,975.144502312906
76694.0435592564,634.710752583353,948.243150691107,775.337649059633,980.168018440839
76717.6436342038,630.605042598673,942.29514926533,781.285919565788,985.09401527234
76741.4437097863,626.597142524608,936.270843424649,787.282510299,989.959777558036
76765.0437847337,622.756999193195,930.275326295184,793.222807698146,994.680396938767
76788.6438596811,619.05286407489,924.261907911058,799.153416103378,999.294145710594
76812.2439346284,615.487146894639,918.23443202946,805.070538377502,1003.79803879184
76835.8440095758,612.062176035372,912.196752692879,810.970383506558,1008.18915516477
76859.4440845232,608.780197323416,906.15273227736,816.849168522889,1012.46463938723
76883.2441601057,605.617415856764,900.05499858539,822.752613303878,1016.65641857349
76906.8442350531,602.629079125547,894.009935115833,828.577712633799,1020.69130387533
76930.4443100004,599.789981418253,887.970180951232,834.370438762767,1024.60237682378
76954.0443849478,597.102025952661,881.93961217554,840.127060279807,1028.38705961592
76977.6444598952,594.567027688644,875.922103350415,845.843863452988,1032.04284730148
77001.2445348425,592.186712266689,869.921525529701,851.517154154269,1035.56730917691
77025.044610425,589.944539998087,863.891168066469,857.190726558228,1038.98624777444
77048.6446853724,587.879748900941,857.936266816476,862.765551656257,1042.23990805099
77072.2447603198,585.974283331942,852.009901301551,868.285888188555,1045.35539122635
77095.8448352671,584.229500768985,846.115908451903,873.74813995071,1048.33057780628
77119.4449102145,582.646664451884,840.258111645442,879.148739998558,1051.16342922314
77143.0449851619,581.226942482494,834.440318681202,884.484152579859,1053.85198910711
77166.8450607444,579.961471281939,828.617585493452,889.795204836341,1056.41530049361
77190.4451356918,578.872500998184,822.891570259753,894.989143442449,1058.8084819858
77214.0452106391,577.949576991029,817.216900088109,900.107464902535,1061.0519943494
77237.6452855865,577.193477555305,811.597299840171,905.146777910324,1063.14422301845
77261.2453605339,576.604881784229,806.036468538856,910.103732042682,1065.08364165363
77284.8454354812,576.184368851835,800.538077298154,914.975019696734,1066.86881327412
77308.6455110637,575.931003593908,795.060023446775,919.797517240042,1068.51153280998
77332.2455860111,575.849423802159,789.698009562523,924.486935596401,1069.98292807351
77355.8456609585,575.937060082074,784.40929096659,929.081014327778,1071.29630300638
77379.4457359059,576.194084564395,779.197405984182,933.57663691639,1072.45058965043
77403.0458108532,576.620566387411,774.065854564153,937.970739359816,1073.44481466981
77426.6458858006,577.216471194973,769.018096171705,942.260312101863,1074.27810031415
77450.4459613831,577.988868097764,764.015891474859,946.477375780181,1074.95466348931
77474.0460363305,578.924530781963,759.146706956576,950.548140266436,1075.46244514843
77497.6461112778,580.028884609757,754.371457794663,954.505668557782,1075.80723230255
77521.2461862252,581.301476154134,749.693419938727,958.347188652398,1075.98853936435
77544.8462611726,582.741746607168,745.115818243241,962.069992602275,1076.00598065257
77568.4463361199,584.349031538313,740.641824342707,965.671438412496,1075.85927114481
77592.2464117025,586.138298572046,736.238008611406,969.177885583004,1075.54488868509
77615.8464866498,588.078593136442,731.981464967485,972.527880387707,1075.06803526496
77639.4465615972,590.183264690446,727.837728618322,975.748985333648,1074.42678747441
77663.0466365446,592.4512239854,723.809736556621,978.838841666379,1073.62127051142
77686.6467114919,594.88127569656,719.900361937075,981.795165938819,1072.65171337226
77710.2467864393,597.472118494491,716.112411969838,984.615751837778,1071.51844934127
77734.0468620218,600.24632900519,712.418115049513,987.320611869068,1070.21023266317
77757.6469369692,603.155757796295,708.882247809709,989.862225435325,1068.749597595
77781.2470119166,606.22142507957,705.475831938895,992.261946200326,1067.12689131041
77804.8470868639,609.441606505295,702.201389345276,994.517895002218,1065.3428690267
77828.4471618113,612.814472973449,699.061365592027,996.62827866667,1063.3983919243
77852.0472367587,616.338091073964,696.058127862897,998.591391703098,1061.2944273139
77875.8473123412,620.042174491143,693.170291013616,1000.4203521204,1059.01220241008
77899.4473872885,623.862313700452,690.448609751711,1002.0828855421,1056.59126256606
77923.0474622359,627.826764417384,687.870343334933,1003.59356275064,1054.01438604714
77946.6475371833,631.933180888291,685.437524747115,1004.95104615848,1051.28296603721
77970.2476121306,636.179116285283,683.152098724478,1006.15409388798,1048.39850175583
77993.847687078,640.562023567441,681.015919864959,1007.20156126474,1045.36259824175
78017.4477620254,645.07925641649,679.030750769544,1008.09240226943,1042.17696606679
78041.2478376079,649.768021185445,677.183387631875,1008.83120926054,1038.81454395571
78064.8479125553,654.546652828155,675.506462458966,1009.4047152438,1035.33377772971
78088.4479875026,659.451060611771,673.985276903083,1009.81905672604,1031.70906142346
78112.04806245,664.478211193754,672.621206871858,1010.07359679518,1027.94252431253
78135.6481373974,669.624977796742,671.415527537278,1010.16780375373,1024.03639867418
78159.2482123447,674.888157412308,670.369415077543,1010.1012461785,1019.9930054401
78183.0482879272,680.310582333945,669.477147554824,1009.87094698371,1015.77870992761
78206.6483628746,685.797719820046,668.754699076431,1009.48055548531,1011.46687382265
78230.248437822,691.391183882367,668.194750298834,1008.92871435337,1007.02527947046
78253.8485127694,697.087411673341,667.798054152198,1008.21542844648,1002.4566534222
78277.4485877167,702.882756715374,667.565254183211,1007.34081358621,997.763819420681
78301.0486626641,708.77349077039,667.496883284942,1006.30509732209,992.94969719415
78324.8487382466,714.806883657451,667.594885512665,1005.09779423164,987.975004617236
78348.448813194,720.87762017685,667.857923508164,1003.73965181587,982.926480090786
78372.0488881413,727.032056458463,668.286314798203,1002.22177283562,977.766016616487
78395.6489630887,733.266156922042,668.880137350753,1000.54483887012,972.496904880982
78419.2490380361,739.575814799185,669.639353172161,998.709645911276,967.122524251417
78442.8491129834,745.956854481105,670.56380747627,996.717104655314,961.6463410633
78466.649188566,752.459954159906,671.663164212501,994.549365180531,956.024256349371
78490.2492635133,758.971481381276,672.918552996656,992.244009274942,950.354419785883
78513.8493384607,765.541437914539,674.338003267794,989.784738126302,944.593714914902
78537.4494134081,772.165397328243,675.920885435402,987.172923376329,938.74593778113
78561.0494883554,778.838877267349,677.666450246579,984.410051487056,932.814961538244
78584.6495633028,785.557342258576,679.573828488419,981.497723480892,926.804734223474
78608.4496388853,792.373644512686,681.660242069501,978.411095620635,920.66739495057
78632.0497138327,799.168558360046,683.88950721791,975.203886393283,914.510212296107
78655.6497887801,805.994521462257,686.277245957804,971.852724327364,908.286083971705
78679.2498637274,812.846815047034,688.822107220981,968.359665035461,901.999234129653
78702.8499386748,819.720682361524,691.522619996169,964.726875867001,895.653949378435
78726.4500136222,826.611331905,694.37719364816,960.956635029007,889.254576047376
78750.2500892047,833.572474658728,697.410246638197,957.017664711219,882.75066472712
78773.850164152,840.482231171199,700.568961361041,952.978681068168,876.256013834609
78797.4502390994,847.394178841918,703.876235159993,948.809757621481,869.720681483377
78821.0503140468,854.303420675137,707.330003323898,944.513605921033,863.149224258394
78844.6503889941,861.205042110847,710.928084799243,940.093042312897,856.546243516202
78868.2504639415,868.094114645108,714.668183192145,935.550986390397,849.916382155076
78892.050539524,875.023883462418,718.581364651768,930.850450819029,843.207832720599
78915.6506144714,881.873031107459,722.599349809046,926.073529030411,836.537979353553
78939.2506894188,888.694933182893,726.751804547936,921.184431588925,829.855272917975
78962.8507643661,895.484645069134,731.035987237846,916.186469637374,823.164485731878
78986.4508393135,902.237226627438,735.449047622974,911.083048253965,816.470414814515
79010.0509142609,908.947745993021,739.988028499853,905.877664294809,809.777878325504
79033.8509898434,915.667539397683,744.689890664486,900.528547008239,803.035090493375
79057.4510647907,922.278731172661,749.472422889554,895.12929717312,796.360259014759
79081.0511397381,928.833113460671,754.371353046212,889.639134293254,789.701546844059
79104.6512146855,935.325827894669,759.383314769286,884.061898534555,783.063818731684
79128.2512896329,941.752044732255,764.50484510606,878.401508998726,776.451941188187
79151.8513645802,948.106967044187,769.732386950544,872.66196081628,769.870778416983
79175.6514401627,954.438707155621,775.107887066837,866.797736442881,763.269882969302
79199.2515151101,960.63609746928,780.537236473316,860.911561856872,756.765075650587
79222.8515900575,966.74800232142,786.06135452316,854.958675369578,750.30556121135
79246.4516650048,972.769798975241,791.676333531564,848.94334548301,743.896152648724
79270.0517399522,978.696918907105,797.378185632902,842.869900535526,737.541639471744
79293.6518148996,984.524852129627,803.162845913918,836.742725159791,731.246783341379
79317.4518904821,990.297207102298,809.076189067638,830.51371585368,724.963801678204
79341.0519654295,995.912558833178,815.014591932644,824.292079999069,718.803016605743
79364.6520403768,1001.41555215968,821.02314238423,818.030207130971,712.716001673956
79388.2521153242,1006.80195510067,827.097500260479,811.732670117529,706.707362613688
79411.8521902716,1012.06761577857,833.233265619346,805.404079023606,700.781655128067
79435.4522652189,1017.20846665689,839.425982475684,799.049077058375,694.9433804444
79459.0523401663,1022.22052873599,845.671142624707,792.67233645544,689.196980877639
79482.8524157488,1027.14068857644,852.017711950045,786.224310358714,683.49937652187
79506.4524906962,1031.88243848319,858.354391844312,779.818120086075,677.950666899546
79530.0525656435,1036.48400413729,864.72967703348,773.404380114737,672.50679745858
79553.6526405909,1040.94187598145,871.138906730296,766.987807911853,667.171865892761
79577.2527155383,1045.25267905567,877.577396540382,760.573116932732,661.949865240669
79600.8527904857,1049.41305049632,884.040413078147,754.16506095901,656.84479158133
79624.6528660682,1053.45303372317,890.578209433608,747.714245223705,651.818839351281
79648.2529410155,1057.30158122692,897.076096900405,741.333867036261,646.960318992804
79671.8530159629,1060.99029444124,903.584147000079,734.974399635434,642.230195070978
79695.4530909103,1064.51629512324,910.097558116356,728.640565675232,637.632084505399
79719.0531658576,1067.87683367174,916.611522411642,722.337069215867,633.169500420068
79742.653240805,1071.06929210485,923.12123021431,716.068591341285,628.845848556075
79766.4533163875,1074.11606049435,929.676912145482,709.787182089947,624.629604955673
79790.0533913349,1076.96357019374,936.163554595332,703.603066009121,620.594833592612
79813.6534662823,1079.63594481475,942.631503906211,697.467869215135,616.708558920352
79837.2535412296,1082.13112057501,949.075987072554,691.386137335607,612.973722920712
79860.853616177,1084.44717770483,955.492251146244,685.362371616616,609.393144309661
79884.4536911244,1086.58234237139,961.875567539227,679.401024811587,605.969515834523
79908.2537667069,1088.55075198488,968.274838887279,673.456841517091,602.678428449943
79931.8538416542,1090.3178372492,974.577814422373,667.63409817559,599.577644587975
79955.4539166016,1091.89958985864,980.833805993169,661.886837082821,596.641127776537
79979.053991549,1093.29483628539,987.038224945445,656.219276878601,593.871042197254
80002.6540664964,1094.50255555902,993.186527798948,650.635568326329,591.26941518915
80026.2541414437,1095.52187996885,999.274220209896,645.139790727334,588.838135635387
80050.0542170262,1096.3583214731,1005.34760961793,639.690557315779,586.560547024238
80073.6542919736,1096.99725901246,1011.30020698528,634.383405330969,584.47654682145
80097.254366921,1097.44611924154,1017.17900773554,629.175991438264,582.567728535598
80120.8544418683,1097.70465167062,1022.97975260108,624.07207472199,580.835413706744
80144.4545168157,1097.77275948371,1028.69825000752,619.075326551467,579.280780218329
80168.0545917631,1097.65049901767,1034.33037948728,614.189327703233,577.904861829262
80191.8546673456,1097.33462449845,1039.91866203359,609.377623053176,576.699175137918
80215.454742293,1096.83093562835,1045.365211383,604.72444666345,575.68462036925
80239.0548172403,1096.13814448795,1050.71350436781,600.192145005929,574.850858889614
80262.6548921877,1095.25690903576,1055.95974096443,595.78390709945,574.198347573082
80286.2549671351,1094.18803514011,1061.10020766016,591.502818969053,573.727399383181
80309.8550420824,1092.93247421041,1066.13127994456,587.351861875441,573.438184702191
80333.6551176649,1091.4783186957,1071.09061163758,583.300436283142,573.330597918958
80357.2551926123,1089.85125475568,1075.89138988409,579.419418502953,573.406333344133
80380.8552675597,1088.0412257149,1080.57243169775,575.676850184238,573.663463123545
80404.455342507,1086.04974781916,1085.13049422055,572.075274430868,574.101594778975
80428.0554174544,1083.87847292614,1089.56243540292,568.61712115554,574.720198284646
80451.6554924018,1081.52918614447,1093.86521599176,565.304705790448,575.518607478432
80475.4555679843,1078.98165507982,1098.07067355052,562.114048728398,576.505067110909
80499.0556429317,1076.2807544781,1102.10528038293,559.100871807194,577.662057140621
80522.655717879,1073.40799053194,1106.00222108678,556.239697379589,578.996043874398
80546.2557928264,1070.36565669949,1109.75888594895,553.532371590926,580.505831970252
80569.8558677738,1067.15616636953,1113.37277616503,550.980621537917,582.190098724826
80593.4559427211,1063.78204995379,1116.84150509681,548.586054719009,584.04739612319
80617.2560183037,1060.21530060667,1120.19030969887,546.33189235538,586.094073752262
80640.856093251,1056.51863912839,1123.36073375639,544.25739579607,588.294029034786
80664.4561681984,1052.66563962323,1126.37950360743,542.344193638188,590.661924940507
80688.0562431458,1048.65927116256,1129.24469251244,540.593410728643,593.195833347227
80711.6563180931,1044.50260440724,1131.9544904606,539.006051240032,595.89371225459
80735.2563930405,1040.19880839468,1134.50720474737,537.582998771153,598.753408261772
80759.056468623,1035.7128500256,1136.92086682242,536.315062982134,601.798921077063
80782.6565435704,1031.12350371543,1139.15344435444,535.224200899366,604.976679848559
80806.2566185177,1026.39712252024,1141.22455731027,534.299579577233,608.309131272148
80829.8566934651,1021.53723702195,1143.13298690263,533.541602237751,611.793701268519
80853.4567684125,1016.54745972145,1144.87763299255,532.950553452201,615.427717473661
80877.0568433599,1011.43151161013,1146.45752136975,532.526588255282,619.208385138446
80900.6569183072,1006.19326003612,1147.87181429109,532.269715290057,623.132753928827
80924.4569938897,1000.7906510075,1149.12963257141,532.179816881627,627.23291708824
80948.0570688371,995.318411600566,1150.20920677306,532.258219951414,631.436910723386
80971.6571437845,989.735603311052,1151.12130539225,532.503163777133,635.775480792541
80995.2572187318,984.046253403617,1151.86553824185,532.914237115179,640.245428559272
81018.8572936792,978.254447963812,1152.44163162779,533.490916287812,644.843476471233
81042.4573686266,972.36432861428,1152.8494277438,534.232566326806,649.566271006955
81066.2574442091,966.328985263219,1153.09019405741,535.14681849615,654.451945817815
81089.8575191565,960.254125369093,1153.15995692947,536.217446839233,659.414866805521
81113.4575941038,954.093713566744,1153.06163934384,537.45047714836,664.492016132255
81137.0576690512,947.852081441864,1152.79554049779,538.844841036301,669.679764465755
81160.6577439986,941.533599918851,1152.36207137876,540.399365433149,674.974420841441
81184.2578189459,935.142676090096,1151.76175375079,542.112774063492,680.372235524755
81208.0578945284,928.628735590726,1150.98801478753,544.000213078586,685.916402583285
81231.6579694758,922.10575817041,1150.05460424165,546.028471865741,691.509856515273
81255.2580444232,915.52378362288,1148.95657176395,548.211168509555,697.1948621386
81278.8581193705,908.887332717964,1147.6948718319,550.546628771508,702.967462749571
81302.4581943179,902.200946919224,1146.27056377752,553.033083263476,708.823657102858
81326.0582692653,895.469185384223,1144.68481045235,555.668669171674,714.759402219422
81349.8583448478,888.639066149747,1142.92340015364,558.475637880376,720.821869407738
81373.4584197952,881.829999293736,1141.01731220767,561.404754243101,726.905021103845
81397.0584947425,874.989349798735,1138.95388747609,564.476852312878,733.055336763495
81420.6585696899,868.121718300521,1136.73468948034,567.689712728197,739.268633998293
81444.2586446373,861.231708608722,1134.36137793161,571.041031798952,745.540702509045
81467.8587195846,854.323924913419,1131.83570715332,574.528423401645,751.867306789679
81491.6587951672,847.344273727787,1129.13620727117,578.18067101378,758.298432804418
81515.2588701145,840.41468931911,1126.31020081411,581.93382876969,764.721686169825
81538.8589450619,833.481157225255,1123.33766707445,585.815402818374,771.186607799919
81562.4590200093,826.548255861933,1120.22072314752,589.822696046281,777.688887855984
81586.0590949566,819.620550592654,1116.961572374,593.952938696914,784.224204503393
81609.659169904,812.702591160451,1113.56250258847,598.203290374143,790.788226478032
81633.4592454865,805.740477309486,1109.99533218892,602.608347560414,797.432541138319
81657.0593204339,798.855762122874,1106.32248277819,607.091078737506,804.041106074717
81680.6593953812,791.994361099747,1102.51708874927,611.684968097504,810.665314435284
81704.2594703286,785.160736360433,1098.58175860511,616.386912433682,817.300822407656
81727.859545276,778.359322120141,1094.51917625214,621.193748099595,823.943289216475
81751.4596202234,771.594522351784,1090.33209913145,626.102253070379,830.588379532457
81775.2596958059,764.81391458671,1085.98632990848,631.151991278851,837.288046097219
81798.8597707532,758.135825771798,1081.55782636497,636.254736799201,843.925341662618
81822.4598457006,751.507395368558,1077.0135481036,641.449127071417,850.552274682567
81846.059920648,744.932883431084,1072.35652828248,646.731726854997,857.164555289715
81869.6599955953,738.416508638227,1067.58986403067,652.099052922832,863.757910715003
81893.2600705427,731.962446183541,1062.71671450513,657.54757614372,870.328087530967
81917.0601461252,725.520988957598,1057.69769398498,663.12087671464,876.926171852632
81940.6602210726,719.204507453326,1052.62045653122,668.721645286849,883.437033720475
81964.26029602,712.962616362134,1047.44659236564,674.39273789599,889.912059438381
81987.8603709673,706.799296122596,1042.17948960817,680.130462318726,896.347095072078
82011.4604459147,700.718473667271,1036.82258855399,685.931090859593,902.738016849416
82035.0605208621,694.724020528549,1031.37937968665,691.790862430753,909.08073323887
82058.8605964446,688.770110954428,1025.80622789912,697.756338394822,915.424261072951
82082.4606713919,682.960592146301,1020.20041003837,703.723409856866,921.657937233196
82106.0607463393,677.248737466796,1014.51906793932,709.738128770914,927.831313657408
82129.6608212867,671.638178051214,1008.76587322133,715.796621030344,933.940448378648
82153.260896234,666.132480657987,1002.94453767035,721.894989518169,939.981441682234
82176.8609711814,660.735145975045,997.058811226153,728.029316171668,945.950438027029
82200.6610467639,655.405301652023,991.061839257755,734.248046762217,951.893235497148
82224.2611217113,650.235911990708,985.058258569723,740.442683001927,957.706167213763
82247.8611966587,645.185001813813,979.001778330873,746.661384457047,963.435787989853
82271.461271606,640.255790598317,972.896281148954,752.900169768987,969.078438138609
82295.0613465534,635.451423737341,966.745677656046,759.155046928785,974.630511397773
82318.6614215008,630.774971186493,960.55390451287,765.422015265205,980.088456566001
82342.2614964481,626.229435624502,954.324924619785,771.697063776761,985.448770720638
82366.0615720307,621.780929506248,948.009521902011,778.029397168367,990.752141869972
82389.661646978,617.507071592214,941.717868683302,784.308546806503,995.906038997268
82413.2617219254,613.372660571211,935.401050106266,790.583699174251,1000.9521487857
82436.8617968728,609.380366067078,929.063102658181,796.850840936778,1005.88722234695
82460.4618718201,605.532773662726,922.708076546645,803.105962395565,1010.70807616511
82484.0619467675,601.83238358957,916.34003364396,809.345059519447,1015.41159371476
82507.86202235,598.252164192899,909.908976594321,815.616743046812,1020.03304417551
82531.4620972974,594.854629007288,903.527098289613,821.811591768988,1024.49175757348
82555.0621722447,591.611290613556,897.144472810859,827.978424728567,1028.82417861047
82578.6622471921,588.524294508629,890.765188066491,834.113280975195,1033.02747510156
82602.2623221395,585.595694685423,884.393333267066,840.212215381873,1037.0988896345
82625.8623970869,582.827452486369,878.03299684122,846.271300670986,1041.03574105986
82649.6624726694,580.200048954055,871.634573783735,852.33740869013,1044.86703326154
82673.2625476167,577.759426975428,865.309710045829,858.304675156084,1048.52583302113
82696.8626225641,575.484493490647,859.008638835744,864.220405410573,1052.04247802419
82720.4626975115,573.376827501391,852.735424412555,870.08076406289,1055.41460734909
82744.0627724588,571.437910034159,846.494119727411,875.881943720703,1058.63994347861
82767.6628474062,569.669123162503,840.288764302895,881.620167017662,1061.71629366023
82791.4629229887,568.0589479221,834.071315392383,887.339456712391,1064.66569007468
82815.0629979361,566.635635358133,827.950302471088,892.939952957703,1067.43652989428
82838.6630728835,565.386005271118,821.877289191634,898.466330199087,1070.05231138174
82862.2631478308,564.31103386792,815.856239824792,903.914951793872,1072.51119475721
82885.8632227782,563.411593958717,809.891094488889,909.282221289049,1074.81143147045
82909.4632977256,562.68845416486,803.985766987844,914.564584451716,1076.9513654183
82933.2633733081,562.138407422817,798.094920617825,919.802160034958,1078.94550148203
82956.8634482554,561.771259712106,792.321442993153,924.903433557609,1080.75884713469
82980.4635232028,561.582088805205,786.619377249066,929.909382940329,1082.4074769657
83004.0635981502,561.571238420675,780.992509871548,934.816643565446,1083.89011713264
83027.6636730975,561.738944643627,775.444590104583,939.621903198083,1085.20559193174
83051.2637480449,562.085335349527,769.979327750158,944.321904011147,1086.35282484676
83075.0638236274,562.615643075308,764.555186039891,948.951883462897,1087.33840214809
83098.6638985748,563.32086386906,759.266976761953,953.430861846854,1088.14487863333
83122.2639735222,564.204496193507,754.072325696357,957.795128724762,1088.7804827077
83145.8640484695,565.266229203776,748.974762362239,962.041664626117,1089.2445453222
83169.4641234169,566.505641584157,743.977765750851,966.167514576762,1089.53650136976
83193.0641983643,567.922201230826,739.084762103203,970.169790096816,1089.65589052595
83216.8642739468,569.529517680391,734.25903473152,974.077969615711,1089.60116467069
83240.4643488942,571.2998169604,729.58502556081,977.823600770825,1089.37299386916
83264.0644238415,573.244992208784,725.024976662366,981.437388506679,1088.97151096838
83287.6644987889,575.364065034269,720.582080513268,984.91673076775,1088.39668328757
83311.2645737363,577.655945422026,716.259465713431,988.259101860054,1087.6485865163
83334.8646486836,580.119431728362,712.060194772656,991.462054384428,1086.72740529532
83358.6647242661,582.776254591456,707.95329380617,994.548550770628,1085.62342551382
83382.2647992135,585.580326287063,704.01073045084,997.464416247264,1084.35560887089
83405.8648741609,588.551716524986,700.200303756073,1000.23399152739,1082.91592530358
83429.4649491082,591.688777328186,696.524789239276,1002.8551621226,1081.30500100007
83453.0650240556,594.989749962739,692.986885364579,1005.3259012537,1079.52357323669
83476.665099003,598.452765302813,689.589211389596,1007.64427166442,1077.57249063802
83500.4651745855,602.107226407707,686.307338434837,1009.82610364048,1075.43403128495
83524.0652495329,605.88960997909,683.198895481126,1011.83296286233,1073.14521559125
83547.6653244802,609.827752109956,680.238063386965,1013.68218281984,1070.68997122976
83571.2653994276,613.919346211683,677.427122654098,1015.37220275121,1068.06959454662
83594.865474375,618.161978175464,674.768264078299,1016.90156006181,1065.28549360553
83618.4655493223,622.553127164587,672.263586725212,1018.26889194693,1062.33918806256
83642.2656249048,627.129231645942,669.895866419288,1019.48243960129,1059.20529822995
83665.8656998522,631.810630922227,667.706819527318,1020.52064099625,1055.93824950525
83689.4657747996,636.632328948203,665.677695823149,1021.39333442549,1052.51423856064
83713.065849747,641.591386573819,663.810206985919,1022.09957254361,1048.93522967255
83736.6659246943,646.684763059703,662.105963320868,1022.63851527565,1045.20329699189
83760.2659996417,651.909317344894,660.566471950813,1023.00943116389,1041.32062397187
83783.8660745891,657.261809397353,659.193135052904,1023.21169865984,1037.28950271619
83807.6661501716,662.785840369713,657.977747783648,1023.24436387301,1033.07631650871
83831.2662251189,668.385111951563,656.941932114408,1023.10647706602,1028.75439980796
83854.8663000663,674.102076485604,656.07585798615,1022.7987141852,1024.29150445603
83878.4663750137,679.933169242252,655.380505130821,1022.32088305853,1019.69029881438
83902.066449961,685.874685637473,654.856730360218,1021.6729242648,1014.95359856373
83925.6665249084,691.922833232758,654.505276478768,1020.85489402586,1010.08432138759
83949.4666004909,698.126286695461,654.325998552871,1019.85786799812,1005.04257872715
83973.0666754383,704.37679355265,654.322423144073,1018.6988964148,999.916247692837
83996.6667503857,710.722006011407,654.492701350569,1017.37073084051,994.666724365723
84020.266825333,717.157795517551,654.837105200982,1015.87390067044,989.297325165631
84043.8669002804,723.679955129562,655.355786392554,1014.20905485647,983.811462246525
84067.4669752278,730.284201869208,656.048775293091,1012.37696234498,978.212641825001
84091.2670508103,737.023125621554,656.924073148805,1010.36086833678,972.455631195613
84114.8671257576,743.77900787775,657.966752068726,1008.19567432194,966.640902286086
84138.467200705,750.603658465131,659.183089688192,1005.86627357083,960.724313229596
84162.0672756524,757.492514868316,660.572621700452,1003.37391863245,954.709728713864
84185.6673505998,764.440951543465,662.134758759478,1000.71998288569,948.601097770627
84209.2674255471,771.444282757163,663.868786015523,997.905960419524,942.402451565512
84233.0675011296,778.557741401463,665.790735718422,994.907602875618,936.06428703879
84256.667576077,785.656942107478,667.867331958023,991.777050347253,929.697346361073
84280.2676510244,792.796607275233,670.112907859587,988.491631137328,923.252989719723
84303.8677259717,799.971839962134,672.526242840113,985.0533199478,916.735553526045
84327.4678009191,807.177698414277,675.105990009984,981.464210041661,910.149443910722
84351.0678758665,814.409199360797,677.850676333053,977.726512491804,903.499133978662
84374.867951449,821.722853717251,680.78404033191,973.809022341425,896.732054959544
84398.4680263964,828.990650881599,683.855044638225,969.78004153541,889.966570523886
84422.0681013437,836.268882401528,687.085799192263,965.609826150421,883.150717871273
84445.6681762911,843.552433078206,690.474329183528,961.301049702421,876.289209260376
84469.2682512385,850.836163748169,694.018536174668,956.856498055785,869.386808867668
84492.8683261858,858.114914988165,697.716198959795,952.279067984682,862.448329525108
84516.6684017683,865.445050921137,701.598230058438,947.531327085828,855.419444696469
84540.2684767157,872.698150660758,705.596903630976,942.696205609449,848.423221755422
84563.8685516631,879.930671852698,709.741622235549,937.737570409831,841.405652597889
84587.4686266105,887.137538540157,714.02971194171,932.658697040503,834.371600525654
84611.0687015578,894.313591430194,718.458367312713,927.462993014209,827.326029837435
84634.6687765052,901.453632744119,723.02465906698,922.153980255031,820.273969537175
84658.4688520877,908.612440842047,727.765948871146,916.688898699905,813.160705190474
84682.0689270351,915.664483455606,732.599374293922,911.163339772521,806.110896278935
84705.6690019824,922.664936214855,737.560947623359,905.535646189425,799.069855595877
84729.2690769298,929.608653904295,742.647296748355,899.809716413389,792.04268473971
84752.8691518772,936.490514811013,747.854944287316,893.98953638326,785.034493526328
84776.4692268245,943.305425029503,753.180309933135,888.079176663376,778.050395849642
84800.2693024071,950.105143878285,758.666286122118,882.031617072087,771.03670516
84823.8693773544,956.770329760619,764.216865814774,875.952758316829,764.116444103178
84847.4694523018,963.353451627431,769.873797251021,869.79644586582,757.235643573354
84871.0695272492,969.849570960118,775.633113612621,863.567058551097,750.399391020328
84894.6696021965,976.253799104322,781.490758779582,857.269043819489,743.612756343576
84918.2696771439,982.56130174336,787.442590416053,850.906914203629,736.880787421563
84942.0697527264,988.819449355893,793.535956967592,844.430581533263,730.152230195016
84965.6698276738,994.918317758948,799.664113084978,837.953556438174,723.545195084103
84989.2699026211,1000.90628954874,805.873506527105,831.426347661314,717.00783378423
85012.8699775685,1006.77879326711,812.159682660021,824.853691155678,710.545060303091
85036.4700525159,1012.53133424994,818.51811780015,818.24036878349,704.161743746884
85060.0701274633,1018.15949907468,824.944222961404,811.591204215411,697.862703697892
85083.8702030458,1023.70500341279,831.488596147708,804.854328941656,691.600472490573
85107.4702779932,1029.07037820715,838.036506391759,798.147897184098,685.485037408263
85131.0703529405,1034.29863331226,844.637926223429,791.420344762972,679.468033303529
85154.6704278879,1039.38572488822,851.28804440046,784.676620257003,673.554034933605
